/*******************************************************************************
 * Size: 100 px
 * Bpp: 2
 * Opts: --bpp 2 --size 100 --font /Users/aivo/Dropbox/gt31/squareline_proj_2_13_01/assets/Oswald-Regular.ttf -o ./ui_font_OswaldRegular100p2.c --format lvgl -r 0x20-0x7f --no-compress --no-prefilter
 ******************************************************************************/

#ifdef __has_include
    #if __has_include("lvgl.h")
        #ifndef LV_LVGL_H_INCLUDE_SIMPLE
            #define LV_LVGL_H_INCLUDE_SIMPLE
        #endif
    #endif
#endif

#if defined(LV_LVGL_H_INCLUDE_SIMPLE)
    #include "lvgl.h"
#else
    #include "lvgl/lvgl.h"
#endif

#ifndef UI_FONT_OSWALDREGULAR100P2
#define UI_FONT_OSWALDREGULAR100P2 1
#endif

#if UI_FONT_OSWALDREGULAR100P2

/*-----------------
 *    BITMAPS
 *----------------*/

/*Store the image of the glyphs*/
static LV_ATTRIBUTE_LARGE_CONST const uint8_t glyph_bitmap[] = {
    /* U+0020 " " */

    /* U+0021 "!" */
    0xff, 0xff, 0xff, 0xff, 0xff, 0xef, 0xff, 0xff,
    0xbf, 0xff, 0xfe, 0xff, 0xff, 0xfa, 0xff, 0xff,
    0xdb, 0xff, 0xff, 0x6f, 0xff, 0xfd, 0xbf, 0xff,
    0xf5, 0xff, 0xff, 0xd7, 0xff, 0xff, 0x1f, 0xff,
    0xfc, 0x7f, 0xff, 0xf1, 0xff, 0xff, 0xc3, 0xff,
    0xff, 0xf, 0xff, 0xfc, 0x3f, 0xff, 0xf0, 0xff,
    0xff, 0xc3, 0xff, 0xff, 0xf, 0xff, 0xf8, 0x3f,
    0xff, 0xe0, 0xff, 0xff, 0x83, 0xff, 0xfe, 0xf,
    0xff, 0xf4, 0x2f, 0xff, 0xd0, 0xbf, 0xff, 0x42,
    0xff, 0xfd, 0xb, 0xff, 0xf4, 0x1f, 0xff, 0xc0,
    0x7f, 0xff, 0x1, 0xff, 0xfc, 0x7, 0xff, 0xf0,
    0x1f, 0xff, 0xc0, 0x3f, 0xff, 0x0, 0xff, 0xfc,
    0x3, 0xff, 0xf0, 0xf, 0xff, 0xc0, 0x3f, 0xfe,
    0x0, 0xff, 0xf8, 0x3, 0xff, 0xe0, 0xf, 0xff,
    0x80, 0x3f, 0xfd, 0x0, 0xbf, 0xf4, 0x2, 0xff,
    0xd0, 0xb, 0xff, 0x40, 0x2f, 0xfc, 0x0, 0xbf,
    0xf0, 0x1, 0xff, 0xc0, 0x7, 0xff, 0x0, 0x1f,
    0xfc, 0x0, 0x7f, 0xf0, 0x1, 0xff, 0xc0, 0x3,
    0xff, 0x0, 0xf, 0xfc, 0x0, 0x3f, 0xe0, 0x0,
    0xff, 0x80, 0x3, 0xfe, 0x0, 0xf, 0xf8, 0x0,
    0x3f, 0xe0, 0x0, 0xff, 0x40, 0x3, 0xfd, 0x0,
    0xb, 0xf4, 0x0, 0x2f, 0xd0, 0x0, 0xbf, 0x0,
    0x0, 0x0, 0x0, 0x0, 0x0, 0x0, 0x0, 0x0,
    0x0, 0x0, 0x0, 0x0, 0x0, 0x0, 0x0, 0x0,
    0x0, 0x0, 0x0, 0x3f, 0xff, 0xff, 0xff, 0xff,
    0xff, 0xff, 0xff, 0xff, 0xff, 0xff, 0xff, 0xff,
    0xff, 0xff, 0xff, 0xff, 0xff, 0xff, 0xff, 0xff,
    0xff, 0xff, 0xff, 0xff, 0xff, 0xff, 0xff, 0xff,
    0xff, 0xf0,

    /* U+0022 "\"" */
    0xff, 0xff, 0xe0, 0xf, 0xff, 0xfe, 0xff, 0xff,
    0xd0, 0xf, 0xff, 0xfd, 0xff, 0xff, 0xd0, 0xf,
    0xff, 0xfc, 0xff, 0xff, 0xc0, 0xf, 0xff, 0xfc,
    0xff, 0xff, 0xc0, 0xf, 0xff, 0xfc, 0xff, 0xff,
    0xc0, 0xf, 0xff, 0xf8, 0xff, 0xff, 0x80, 0xf,
    0xff, 0xf8, 0xff, 0xff, 0x80, 0xf, 0xff, 0xf4,
    0xff, 0xff, 0x40, 0xf, 0xff, 0xf4, 0xff, 0xff,
    0x0, 0xf, 0xff, 0xf0, 0xff, 0xff, 0x0, 0xf,
    0xff, 0xf0, 0xff, 0xff, 0x0, 0xf, 0xff, 0xf0,
    0xff, 0xff, 0x0, 0xf, 0xff, 0xe0, 0xff, 0xfe,
    0x0, 0xf, 0xff, 0xd0, 0xff, 0xfd, 0x0, 0xf,
    0xff, 0xd0, 0xff, 0xfd, 0x0, 0xf, 0xff, 0xc0,
    0xff, 0xfc, 0x0, 0xf, 0xff, 0xc0, 0xff, 0xfc,
    0x0, 0xf, 0xff, 0xc0, 0xff, 0xfc, 0x0, 0xf,
    0xff, 0x80, 0xff, 0xf8, 0x0, 0xf, 0xff, 0x80,
    0xff, 0xf4, 0x0, 0xf, 0xff, 0x40, 0xff, 0xf4,
    0x0, 0xf, 0xff, 0x0, 0xff, 0xf0, 0x0, 0xf,
    0xff, 0x0, 0xff, 0xf0, 0x0, 0xf, 0xff, 0x0,
    0xff, 0xf0, 0x0, 0xf, 0xff, 0x0,

    /* U+0023 "#" */
    0x0, 0x0, 0x0, 0xff, 0xff, 0xf8, 0x0, 0x1,
    0xff, 0xff, 0xf0, 0x0, 0x0, 0x3, 0xff, 0xff,
    0xd0, 0x0, 0xb, 0xff, 0xff, 0xc0, 0x0, 0x0,
    0x1f, 0xff, 0xff, 0x40, 0x0, 0x2f, 0xff, 0xff,
    0x0, 0x0, 0x0, 0xbf, 0xff, 0xfc, 0x0, 0x0,
    0xff, 0xff, 0xfc, 0x0, 0x0, 0x2, 0xff, 0xff,
    0xf0, 0x0, 0x3, 0xff, 0xff, 0xe0, 0x0, 0x0,
    0xf, 0xff, 0xff, 0xc0, 0x0, 0xf, 0xff, 0xff,
    0x40, 0x0, 0x0, 0x3f, 0xff, 0xff, 0x0, 0x0,
    0x3f, 0xff, 0xfd, 0x0, 0x0, 0x0, 0xff, 0xff,
    0xf8, 0x0, 0x1, 0xff, 0xff, 0xf0, 0x0, 0x0,
    0x3, 0xff, 0xff, 0xd0, 0x0, 0xb, 0xff, 0xff,
    0xc0, 0x0, 0x0, 0x1f, 0xff, 0xff, 0x40, 0x0,
    0x2f, 0xff, 0xff, 0x0, 0x0, 0x0, 0xbf, 0xff,
    0xfc, 0x0, 0x0, 0xff, 0xff, 0xfc, 0x0, 0x0,
    0x2, 0xff, 0xff, 0xf0, 0x0, 0x3, 0xff, 0xff,
    0xe0, 0x0, 0x0, 0xf, 0xff, 0xff, 0xc0, 0x0,
    0xf, 0xff, 0xff, 0x40, 0x0, 0x0, 0x3f, 0xff,
    0xfe, 0x0, 0x0, 0x7f, 0xff, 0xfd, 0x0, 0x0,
    0x0, 0xff, 0xff, 0xf8, 0x0, 0x1, 0xff, 0xff,
    0xf0, 0x0, 0x0, 0x7, 0xff, 0xff, 0xd0, 0x0,
    0xb, 0xff, 0xff, 0xc0, 0x0, 0x0, 0x1f, 0xff,
    0xff, 0x40, 0x0, 0x2f, 0xff, 0xff, 0x0, 0x0,
    0x0, 0xbf, 0xff, 0xfc, 0x0, 0x0, 0xff, 0xff,
    0xf8, 0x0, 0x0, 0x2, 0xff, 0xff, 0xf0, 0x0,
    0x3, 0xff, 0xff, 0xe0, 0x0, 0x0, 0xf, 0xff,
    0xff, 0xc0, 0x0, 0xf, 0xff, 0xff, 0x40, 0x0,
    0x0, 0x3f, 0xff, 0xfe, 0x0, 0x0, 0x7f, 0xff,
    0xfd, 0x0, 0x0, 0x0, 0xff, 0xff, 0xf8, 0x0,
    0x1, 0xff, 0xff, 0xf0, 0x0, 0x0, 0x7, 0xff,
    0xff, 0xd0, 0x0, 0xb, 0xff, 0xff, 0xc0, 0x0,
    0x0, 0x1f, 0xff, 0xff, 0x40, 0x0, 0x2f, 0xff,
    0xff, 0x0, 0x0, 0x0, 0xbf, 0xff, 0xfc, 0x0,
    0x0, 0xff, 0xff, 0xf8, 0x0, 0x0, 0x2, 0xff,
    0xff, 0xf0, 0x0, 0x3, 0xff, 0xff, 0xe0, 0xb,
    0xff, 0xff, 0xff, 0xff, 0xff, 0xff, 0xff, 0xff,
    0xff, 0xff, 0xaf, 0xff, 0xff, 0xff, 0xff, 0xff,
    0xff, 0xff, 0xff, 0xff, 0xfe, 0xbf, 0xff, 0xff,
    0xff, 0xff, 0xff, 0xff, 0xff, 0xff, 0xff, 0xfa,
    0xff, 0xff, 0xff, 0xff, 0xff, 0xff, 0xff, 0xff,
    0xff, 0xff, 0xeb, 0xff, 0xff, 0xff, 0xff, 0xff,
    0xff, 0xff, 0xff, 0xff, 0xff, 0xaf, 0xff, 0xff,
    0xff, 0xff, 0xff, 0xff, 0xff, 0xff, 0xff, 0xfe,
    0xbf, 0xff, 0xff, 0xff, 0xff, 0xff, 0xff, 0xff,
    0xff, 0xff, 0xfa, 0xff, 0xff, 0xff, 0xff, 0xff,
    0xff, 0xff, 0xff, 0xff, 0xff, 0xe0, 0x0, 0x3f,
    0xff, 0xff, 0x0, 0x0, 0x7f, 0xff, 0xfd, 0x0,
    0x0, 0x0, 0xff, 0xff, 0xf8, 0x0, 0x1, 0xff,
    0xff, 0xf0, 0x0, 0x0, 0x3, 0xff, 0xff, 0xd0,
    0x0, 0xb, 0xff, 0xff, 0xc0, 0x0, 0x0, 0x1f,
    0xff, 0xff, 0x40, 0x0, 0x3f, 0xff, 0xff, 0x0,
    0x0, 0x0, 0xbf, 0xff, 0xfc, 0x0, 0x0, 0xff,
    0xff, 0xf8, 0x0, 0x0, 0x2, 0xff, 0xff, 0xf0,
    0x0, 0x3, 0xff, 0xff, 0xe0, 0x0, 0x0, 0xf,
    0xff, 0xff, 0xc0, 0x0, 0xf, 0xff, 0xff, 0x40,
    0x0, 0x0, 0x3f, 0xff, 0xfe, 0x0, 0x0, 0x7f,
    0xff, 0xfd, 0x0, 0x0, 0x0, 0xff, 0xff, 0xf8,
    0x0, 0x1, 0xff, 0xff, 0xf0, 0x0, 0x0, 0x3,
    0xff, 0xff, 0xd0, 0x0, 0xb, 0xff, 0xff, 0xc0,
    0x0, 0xff, 0xff, 0xff, 0xff, 0xff, 0xff, 0xff,
    0xff, 0xff, 0xff, 0xf7, 0xff, 0xff, 0xff, 0xff,
    0xff, 0xff, 0xff, 0xff, 0xff, 0xff, 0xdf, 0xff,
    0xff, 0xff, 0xff, 0xff, 0xff, 0xff, 0xff, 0xff,
    0xff, 0x7f, 0xff, 0xff, 0xff, 0xff, 0xff, 0xff,
    0xff, 0xff, 0xff, 0xfd, 0xff, 0xff, 0xff, 0xff,
    0xff, 0xff, 0xff, 0xff, 0xff, 0xff, 0xf7, 0xff,
    0xff, 0xff, 0xff, 0xff, 0xff, 0xff, 0xff, 0xff,
    0xff, 0xdf, 0xff, 0xff, 0xff, 0xff, 0xff, 0xff,
    0xff, 0xff, 0xff, 0xff, 0x7f, 0xff, 0xff, 0xff,
    0xff, 0xff, 0xff, 0xff, 0xff, 0xff, 0xfd, 0x0,
    0xbf, 0xff, 0xfc, 0x0, 0x0, 0xff, 0xff, 0xf8,
    0x0, 0x0, 0x2, 0xff, 0xff, 0xf0, 0x0, 0x3,
    0xff, 0xff, 0xe0, 0x0, 0x0, 0xf, 0xff, 0xff,
    0xc0, 0x0, 0x1f, 0xff, 0xff, 0x40, 0x0, 0x0,
    0x3f, 0xff, 0xfe, 0x0, 0x0, 0x7f, 0xff, 0xfd,
    0x0, 0x0, 0x0, 0xff, 0xff, 0xf8, 0x0, 0x2,
    0xff, 0xff, 0xf0, 0x0, 0x0, 0x7, 0xff, 0xff,
    0xd0, 0x0, 0xb, 0xff, 0xff, 0xc0, 0x0, 0x0,
    0x1f, 0xff, 0xff, 0x40, 0x0, 0x3f, 0xff, 0xff,
    0x0, 0x0, 0x0, 0xbf, 0xff, 0xfc, 0x0, 0x0,
    0xff, 0xff, 0xf8, 0x0, 0x0, 0x2, 0xff, 0xff,
    0xf0, 0x0, 0x3, 0xff, 0xff, 0xe0, 0x0, 0x0,
    0xf, 0xff, 0xff, 0xc0, 0x0, 0x1f, 0xff, 0xff,
    0x40, 0x0, 0x0, 0x3f, 0xff, 0xfe, 0x0, 0x0,
    0x7f, 0xff, 0xfd, 0x0, 0x0, 0x0, 0xff, 0xff,
    0xf8, 0x0, 0x2, 0xff, 0xff, 0xf0, 0x0, 0x0,
    0x3, 0xff, 0xff, 0xd0, 0x0, 0xb, 0xff, 0xff,
    0xc0, 0x0, 0x0, 0x1f, 0xff, 0xff, 0x40, 0x0,
    0x3f, 0xff, 0xff, 0x0, 0x0, 0x0, 0xbf, 0xff,
    0xfc, 0x0, 0x0, 0xff, 0xff, 0xf8, 0x0, 0x0,
    0x2, 0xff, 0xff, 0xf0, 0x0, 0x3, 0xff, 0xff,
    0xe0, 0x0, 0x0, 0xf, 0xff, 0xff, 0xc0, 0x0,
    0xf, 0xff, 0xff, 0x40, 0x0, 0x0, 0x3f, 0xff,
    0xff, 0x0, 0x0, 0x7f, 0xff, 0xfd, 0x0, 0x0,
    0x0, 0xff, 0xff, 0xf8, 0x0, 0x2, 0xff, 0xff,
    0xf0, 0x0, 0x0, 0x3, 0xff, 0xff, 0xd0, 0x0,
    0xb, 0xff, 0xff, 0xc0, 0x0, 0x0, 0x1f, 0xff,
    0xff, 0x40, 0x0, 0x3f, 0xff, 0xff, 0x0, 0x0,
    0x0, 0x7f, 0xff, 0xfc, 0x0, 0x0, 0xff, 0xff,
    0xf8, 0x0, 0x0, 0x2, 0xff, 0xff, 0xf0, 0x0,
    0x3, 0xff, 0xff, 0xe0, 0x0, 0x0, 0xf, 0xff,
    0xff, 0xc0, 0x0, 0xf, 0xff, 0xff, 0x40, 0x0,
    0x0, 0x3f, 0xff, 0xff, 0x0, 0x0, 0x7f, 0xff,
    0xfd, 0x0, 0x0, 0x0, 0xff, 0xff, 0xf8, 0x0,
    0x2, 0xff, 0xff, 0xf0, 0x0, 0x0, 0x3, 0xff,
    0xff, 0xe0, 0x0, 0xb, 0xff, 0xff, 0xc0, 0x0,
    0x0, 0x1f, 0xff, 0xff, 0x40, 0x0, 0x3f, 0xff,
    0xff, 0x0, 0x0, 0x0, 0x7f, 0xff, 0xfc, 0x0,
    0x0, 0xff, 0xff, 0xf8, 0x0, 0x0, 0x1, 0xaa,
    0xaa, 0xa0, 0x0, 0x2, 0xaa, 0xaa, 0x90, 0x0,
    0x0, 0x0,

    /* U+0024 "$" */
    0x0, 0x0, 0x0, 0x0, 0x1, 0xa4, 0x0, 0x0,
    0x0, 0x0, 0x0, 0x0, 0x0, 0x0, 0x0, 0x2f,
    0xc0, 0x0, 0x0, 0x0, 0x0, 0x0, 0x0, 0x0,
    0x0, 0x2, 0xfc, 0x0, 0x0, 0x0, 0x0, 0x0,
    0x0, 0x0, 0x0, 0x0, 0x2f, 0xc0, 0x0, 0x0,
    0x0, 0x0, 0x0, 0x0, 0x0, 0x0, 0x2, 0xfc,
    0x0, 0x0, 0x0, 0x0, 0x0, 0x0, 0x0, 0x0,
    0x0, 0x2f, 0xc0, 0x0, 0x0, 0x0, 0x0, 0x0,
    0x0, 0x0, 0x0, 0x2, 0xfc, 0x0, 0x0, 0x0,
    0x0, 0x0, 0x0, 0x0, 0x0, 0x5, 0x7f, 0xe9,
    0x0, 0x0, 0x0, 0x0, 0x0, 0x0, 0x0, 0xbf,
    0xff, 0xff, 0xff, 0x80, 0x0, 0x0, 0x0, 0x0,
    0x0, 0xbf, 0xff, 0xff, 0xff, 0xff, 0xc0, 0x0,
    0x0, 0x0, 0x0, 0xbf, 0xff, 0xff, 0xff, 0xff,
    0xff, 0x80, 0x0, 0x0, 0x0, 0x3f, 0xff, 0xff,
    0xff, 0xff, 0xff, 0xff, 0x0, 0x0, 0x0, 0xf,
    0xff, 0xff, 0xff, 0xff, 0xff, 0xff, 0xfc, 0x0,
    0x0, 0x3, 0xff, 0xff, 0xff, 0xff, 0xff, 0xff,
    0xff, 0xe0, 0x0, 0x0, 0xff, 0xff, 0xff, 0xff,
    0xff, 0xff, 0xff, 0xff, 0x40, 0x0, 0x1f, 0xff,
    0xff, 0xff, 0xff, 0xff, 0xff, 0xff, 0xfc, 0x0,
    0x3, 0xff, 0xff, 0xff, 0x90, 0x0, 0xbf, 0xff,
    0xff, 0xe0, 0x0, 0x7f, 0xff, 0xff, 0x80, 0x0,
    0x0, 0xbf, 0xff, 0xff, 0x0, 0xf, 0xff, 0xff,
    0xd0, 0x0, 0x0, 0x3, 0xff, 0xff, 0xf4, 0x0,
    0xff, 0xff, 0xf8, 0x0, 0x0, 0x0, 0xf, 0xff,
    0xff, 0xc0, 0x1f, 0xff, 0xff, 0x0, 0x0, 0x0,
    0x0, 0x7f, 0xff, 0xfc, 0x2, 0xff, 0xff, 0xe0,
    0x0, 0x0, 0x0, 0x3, 0xff, 0xff, 0xd0, 0x2f,
    0xff, 0xfd, 0x0, 0x0, 0x0, 0x0, 0x2f, 0xff,
    0xfe, 0x3, 0xff, 0xff, 0xd0, 0x0, 0x0, 0x0,
    0x1, 0xff, 0xff, 0xf0, 0x3f, 0xff, 0xfc, 0x0,
    0x0, 0x0, 0x0, 0xf, 0xff, 0xff, 0x3, 0xff,
    0xff, 0xc0, 0x0, 0x0, 0x0, 0x0, 0xff, 0xff,
    0xf0, 0x3f, 0xff, 0xfd, 0x0, 0x0, 0x0, 0x0,
    0xb, 0xff, 0xff, 0x43, 0xff, 0xff, 0xd0, 0x0,
    0x0, 0x0, 0x0, 0x7f, 0xff, 0xf4, 0x3f, 0xff,
    0xfe, 0x0, 0x0, 0x0, 0x0, 0x7, 0xff, 0xfe,
    0x2, 0xff, 0xff, 0xf0, 0x0, 0x0, 0x0, 0x0,
    0x3f, 0xe4, 0x0, 0x2f, 0xff, 0xff, 0x0, 0x0,
    0x0, 0x0, 0x2, 0x40, 0x0, 0x1, 0xff, 0xff,
    0xf8, 0x0, 0x0, 0x0, 0x0, 0x0, 0x0, 0x0,
    0xf, 0xff, 0xff, 0xd0, 0x0, 0x0, 0x0, 0x0,
    0x0, 0x0, 0x0, 0xff, 0xff, 0xff, 0x0, 0x0,
    0x0, 0x0, 0x0, 0x0, 0x0, 0xb, 0xff, 0xff,
    0xfc, 0x0, 0x0, 0x0, 0x0, 0x0, 0x0, 0x0,
    0x7f, 0xff, 0xff, 0xf0, 0x0, 0x0, 0x0, 0x0,
    0x0, 0x0, 0x3, 0xff, 0xff, 0xff, 0xc0, 0x0,
    0x0, 0x0, 0x0, 0x0, 0x0, 0x1f, 0xff, 0xff,
    0xff, 0x40, 0x0, 0x0, 0x0, 0x0, 0x0, 0x0,
    0xbf, 0xff, 0xff, 0xfd, 0x0, 0x0, 0x0, 0x0,
    0x0, 0x0, 0x3, 0xff, 0xff, 0xff, 0xf4, 0x0,
    0x0, 0x0, 0x0, 0x0, 0x0, 0x1f, 0xff, 0xff,
    0xff, 0xe0, 0x0, 0x0, 0x0, 0x0, 0x0, 0x0,
    0x7f, 0xff, 0xff, 0xff, 0x80, 0x0, 0x0, 0x0,
    0x0, 0x0, 0x2, 0xff, 0xff, 0xff, 0xff, 0x0,
    0x0, 0x0, 0x0, 0x0, 0x0, 0xb, 0xff, 0xff,
    0xff, 0xfc, 0x0, 0x0, 0x0, 0x0, 0x0, 0x0,
    0x2f, 0xff, 0xff, 0xff, 0xf0, 0x0, 0x0, 0x0,
    0x0, 0x0, 0x0, 0x7f, 0xff, 0xff, 0xff, 0xd0,
    0x0, 0x0, 0x0, 0x0, 0x0, 0x1, 0xff, 0xff,
    0xff, 0xff, 0x40, 0x0, 0x0, 0x0, 0x0, 0x0,
    0x3, 0xff, 0xff, 0xff, 0xfe, 0x0, 0x0, 0x0,
    0x0, 0x0, 0x0, 0xf, 0xff, 0xff, 0xff, 0xf8,
    0x0, 0x0, 0x0, 0x0, 0x0, 0x0, 0x3f, 0xff,
    0xff, 0xff, 0xe0, 0x0, 0x0, 0x0, 0x0, 0x0,
    0x0, 0xbf, 0xff, 0xff, 0xff, 0x80, 0x0, 0x0,
    0x0, 0x0, 0x0, 0x2, 0xff, 0xff, 0xff, 0xfe,
    0x0, 0x0, 0x0, 0x0, 0x0, 0x0, 0x7, 0xff,
    0xff, 0xff, 0xf8, 0x0, 0x0, 0x0, 0x0, 0x0,
    0x0, 0x1f, 0xff, 0xff, 0xff, 0xd0, 0x0, 0x0,
    0x0, 0x0, 0x0, 0x0, 0x7f, 0xff, 0xff, 0xff,
    0x0, 0x0, 0x0, 0x0, 0x0, 0x0, 0x0, 0xff,
    0xff, 0xff, 0xfc, 0x0, 0x0, 0x0, 0x0, 0x0,
    0x0, 0x3, 0xff, 0xff, 0xff, 0xe0, 0x0, 0x0,
    0x0, 0x0, 0x0, 0x0, 0xf, 0xff, 0xff, 0xff,
    0x0, 0x0, 0x0, 0x0, 0x0, 0x0, 0x0, 0x3f,
    0xff, 0xff, 0xf8, 0x0, 0x0, 0x0, 0x0, 0x0,
    0x0, 0x0, 0xff, 0xff, 0xff, 0xc0, 0x0, 0x0,
    0x0, 0x0, 0x0, 0x0, 0x3, 0xff, 0xff, 0xfe,
    0x0, 0x0, 0x0, 0x0, 0x0, 0x0, 0x0, 0xf,
    0xff, 0xff, 0xf0, 0x0, 0x0, 0x0, 0x0, 0x0,
    0x0, 0x0, 0x7f, 0xff, 0xff, 0x40, 0x0, 0x0,
    0x0, 0x0, 0x0, 0x0, 0x2, 0xff, 0xff, 0xfc,
    0x0, 0x1, 0xbc, 0x0, 0x0, 0x0, 0x0, 0xf,
    0xff, 0xff, 0xc0, 0x7, 0xff, 0xc0, 0x0, 0x0,
    0x0, 0x0, 0xbf, 0xff, 0xfd, 0x2f, 0xff, 0xfc,
    0x0, 0x0, 0x0, 0x0, 0x7, 0xff, 0xff, 0xd3,
    0xff, 0xff, 0xd0, 0x0, 0x0, 0x0, 0x0, 0x3f,
    0xff, 0xfe, 0x3f, 0xff, 0xfd, 0x0, 0x0, 0x0,
    0x0, 0x3, 0xff, 0xff, 0xe3, 0xff, 0xff, 0xe0,
    0x0, 0x0, 0x0, 0x0, 0x3f, 0xff, 0xff, 0x2f,
    0xff, 0xff, 0x0, 0x0, 0x0, 0x0, 0x2, 0xff,
    0xff, 0xf2, 0xff, 0xff, 0xf0, 0x0, 0x0, 0x0,
    0x0, 0x2f, 0xff, 0xff, 0x1f, 0xff, 0xff, 0x40,
    0x0, 0x0, 0x0, 0x2, 0xff, 0xff, 0xe0, 0xff,
    0xff, 0xf8, 0x0, 0x0, 0x0, 0x0, 0x3f, 0xff,
    0xfe, 0xf, 0xff, 0xff, 0xc0, 0x0, 0x0, 0x0,
    0x3, 0xff, 0xff, 0xe0, 0xbf, 0xff, 0xfe, 0x0,
    0x0, 0x0, 0x0, 0x3f, 0xff, 0xfd, 0x7, 0xff,
    0xff, 0xf0, 0x0, 0x0, 0x0, 0xb, 0xff, 0xff,
    0xc0, 0x3f, 0xff, 0xff, 0x80, 0x0, 0x0, 0x0,
    0xff, 0xff, 0xfc, 0x1, 0xff, 0xff, 0xfe, 0x0,
    0x0, 0x0, 0x2f, 0xff, 0xff, 0x80, 0xf, 0xff,
    0xff, 0xf8, 0x0, 0x0, 0xb, 0xff, 0xff, 0xf0,
    0x0, 0x7f, 0xff, 0xff, 0xf4, 0x0, 0x7, 0xff,
    0xff, 0xfe, 0x0, 0x3, 0xff, 0xff, 0xff, 0xff,
    0xff, 0xff, 0xff, 0xff, 0xc0, 0x0, 0x1f, 0xff,
    0xff, 0xff, 0xff, 0xff, 0xff, 0xff, 0xf8, 0x0,
    0x0, 0xbf, 0xff, 0xff, 0xff, 0xff, 0xff, 0xff,
    0xff, 0x0, 0x0, 0x2, 0xff, 0xff, 0xff, 0xff,
    0xff, 0xff, 0xff, 0xc0, 0x0, 0x0, 0xb, 0xff,
    0xff, 0xff, 0xff, 0xff, 0xff, 0xf0, 0x0, 0x0,
    0x0, 0x1f, 0xff, 0xff, 0xff, 0xff, 0xff, 0xf8,
    0x0, 0x0, 0x0, 0x0, 0x3f, 0xff, 0xff, 0xff,
    0xff, 0xfd, 0x0, 0x0, 0x0, 0x0, 0x0, 0x6f,
    0xff, 0xff, 0xff, 0xfd, 0x0, 0x0, 0x0, 0x0,
    0x0, 0x0, 0x1a, 0xff, 0xff, 0xe4, 0x0, 0x0,
    0x0, 0x0, 0x0, 0x0, 0x0, 0x0, 0x1f, 0xc0,
    0x0, 0x0, 0x0, 0x0, 0x0, 0x0, 0x0, 0x0,
    0x1, 0xfc, 0x0, 0x0, 0x0, 0x0, 0x0, 0x0,
    0x0, 0x0, 0x0, 0x1f, 0xc0, 0x0, 0x0, 0x0,
    0x0, 0x0, 0x0, 0x0, 0x0, 0x1, 0xfc, 0x0,
    0x0, 0x0, 0x0, 0x0, 0x0, 0x0, 0x0, 0x0,
    0x1f, 0xc0, 0x0, 0x0, 0x0, 0x0, 0x0, 0x0,
    0x0, 0x0, 0x1, 0xfc, 0x0, 0x0, 0x0, 0x0,
    0x0, 0x0, 0x0, 0x0, 0x0, 0x1f, 0xc0, 0x0,
    0x0, 0x0, 0x0, 0x0, 0x0, 0x0, 0x0, 0x0,
    0xa8, 0x0, 0x0, 0x0, 0x0,

    /* U+0025 "%" */
    0x0, 0x0, 0x0, 0x15, 0x55, 0x0, 0x0, 0x0,
    0x0, 0x0, 0x0, 0x0, 0x0, 0x0, 0x0, 0x0,
    0x0, 0x0, 0x0, 0x0, 0x0, 0x0, 0x0, 0x7f,
    0xff, 0xff, 0xe4, 0x0, 0x0, 0x0, 0x0, 0x0,
    0x3, 0xff, 0xff, 0x40, 0x0, 0x0, 0x0, 0x0,
    0x0, 0x0, 0x0, 0x2f, 0xff, 0xff, 0xff, 0xfd,
    0x0, 0x0, 0x0, 0x0, 0x0, 0xf, 0xff, 0xfc,
    0x0, 0x0, 0x0, 0x0, 0x0, 0x0, 0x0, 0x3,
    0xff, 0xff, 0xff, 0xff, 0xfe, 0x0, 0x0, 0x0,
    0x0, 0x0, 0x7f, 0xff, 0xe0, 0x0, 0x0, 0x0,
    0x0, 0x0, 0x0, 0x0, 0x3f, 0xff, 0xff, 0xff,
    0xff, 0xff, 0x0, 0x0, 0x0, 0x0, 0x3, 0xff,
    0xff, 0x40, 0x0, 0x0, 0x0, 0x0, 0x0, 0x0,
    0x3, 0xff, 0xff, 0xff, 0xff, 0xff, 0xfe, 0x0,
    0x0, 0x0, 0x0, 0xf, 0xff, 0xfc, 0x0, 0x0,
    0x0, 0x0, 0x0, 0x0, 0x0, 0x2f, 0xff, 0xff,
    0xff, 0xff, 0xff, 0xfd, 0x0, 0x0, 0x0, 0x0,
    0x7f, 0xff, 0xf0, 0x0, 0x0, 0x0, 0x0, 0x0,
    0x0, 0x0, 0xff, 0xff, 0xff, 0xff, 0xff, 0xff,
    0xfc, 0x0, 0x0, 0x0, 0x2, 0xff, 0xff, 0x80,
    0x0, 0x0, 0x0, 0x0, 0x0, 0x0, 0xb, 0xff,
    0xff, 0xfe, 0xbf, 0xff, 0xff, 0xf4, 0x0, 0x0,
    0x0, 0xf, 0xff, 0xfd, 0x0, 0x0, 0x0, 0x0,
    0x0, 0x0, 0x0, 0x3f, 0xff, 0xff, 0x0, 0x7,
    0xff, 0xff, 0xe0, 0x0, 0x0, 0x0, 0x3f, 0xff,
    0xf0, 0x0, 0x0, 0x0, 0x0, 0x0, 0x0, 0x1,
    0xff, 0xff, 0xf0, 0x0, 0x7, 0xff, 0xff, 0xc0,
    0x0, 0x0, 0x1, 0xff, 0xff, 0xc0, 0x0, 0x0,
    0x0, 0x0, 0x0, 0x0, 0xb, 0xff, 0xff, 0x40,
    0x0, 0xf, 0xff, 0xff, 0x40, 0x0, 0x0, 0xb,
    0xff, 0xfe, 0x0, 0x0, 0x0, 0x0, 0x0, 0x0,
    0x0, 0x3f, 0xff, 0xfc, 0x0, 0x0, 0x1f, 0xff,
    0xfd, 0x0, 0x0, 0x0, 0x3f, 0xff, 0xf4, 0x0,
    0x0, 0x0, 0x0, 0x0, 0x0, 0x0, 0xff, 0xff,
    0xf0, 0x0, 0x0, 0x3f, 0xff, 0xf8, 0x0, 0x0,
    0x0, 0xff, 0xff, 0xc0, 0x0, 0x0, 0x0, 0x0,
    0x0, 0x0, 0x3, 0xff, 0xff, 0x80, 0x0, 0x0,
    0xff, 0xff, 0xf0, 0x0, 0x0, 0x7, 0xff, 0xfe,
    0x0, 0x0, 0x0, 0x0, 0x0, 0x0, 0x0, 0x1f,
    0xff, 0xfe, 0x0, 0x0, 0x3, 0xff, 0xff, 0xc0,
    0x0, 0x0, 0x3f, 0xff, 0xf4, 0x0, 0x0, 0x0,
    0x0, 0x0, 0x0, 0x0, 0x7f, 0xff, 0xf4, 0x0,
    0x0, 0xf, 0xff, 0xff, 0x0, 0x0, 0x0, 0xff,
    0xff, 0xc0, 0x0, 0x0, 0x0, 0x0, 0x0, 0x0,
    0x1, 0xff, 0xff, 0xd0, 0x0, 0x0, 0x2f, 0xff,
    0xfc, 0x0, 0x0, 0x7, 0xff, 0xff, 0x0, 0x0,
    0x0, 0x0, 0x0, 0x0, 0x0, 0x7, 0xff, 0xff,
    0x40, 0x0, 0x0, 0xbf, 0xff, 0xf0, 0x0, 0x0,
    0x2f, 0xff, 0xf8, 0x0, 0x0, 0x0, 0x0, 0x0,
    0x0, 0x0, 0x1f, 0xff, 0xfd, 0x0, 0x0, 0x2,
    0xff, 0xff, 0xc0, 0x0, 0x0, 0xff, 0xff, 0xd0,
    0x0, 0x0, 0x0, 0x0, 0x0, 0x0, 0x0, 0x7f,
    0xff, 0xf4, 0x0, 0x0, 0xb, 0xff, 0xff, 0x0,
    0x0, 0x3, 0xff, 0xff, 0x0, 0x0, 0x0, 0x0,
    0x0, 0x0, 0x0, 0x1, 0xff, 0xff, 0xd0, 0x0,
    0x0, 0x2f, 0xff, 0xfc, 0x0, 0x0, 0x1f, 0xff,
    0xfc, 0x0, 0x0, 0x0, 0x0, 0x0, 0x0, 0x0,
    0x7, 0xff, 0xff, 0x40, 0x0, 0x0, 0xbf, 0xff,
    0xf0, 0x0, 0x0, 0xbf, 0xff, 0xe0, 0x0, 0x0,
    0x0, 0x0, 0x0, 0x0, 0x0, 0x1f, 0xff, 0xfd,
    0x0, 0x0, 0x2, 0xff, 0xff, 0xc0, 0x0, 0x3,
    0xff, 0xff, 0x40, 0x0, 0x0, 0x0, 0x0, 0x0,
    0x0, 0x0, 0x7f, 0xff, 0xf4, 0x0, 0x0, 0xb,
    0xff, 0xff, 0x0, 0x0, 0xf, 0xff, 0xfc, 0x0,
    0x0, 0x0, 0x0, 0x0, 0x0, 0x0, 0x1, 0xff,
    0xff, 0xd0, 0x0, 0x0, 0x2f, 0xff, 0xfc, 0x0,
    0x0, 0x7f, 0xff, 0xe0, 0x0, 0x0, 0x0, 0x0,
    0x0, 0x0, 0x0, 0x7, 0xff, 0xff, 0x40, 0x0,
    0x0, 0xbf, 0xff, 0xf0, 0x0, 0x3, 0xff, 0xff,
    0x40, 0x0, 0x0, 0x0, 0x0, 0x0, 0x0, 0x0,
    0x1f, 0xff, 0xfd, 0x0, 0x0, 0x3, 0xff, 0xff,
    0xc0, 0x0, 0xf, 0xff, 0xfc, 0x0, 0x0, 0x0,
    0x0, 0x0, 0x0, 0x0, 0x0, 0x7f, 0xff, 0xf8,
    0x0, 0x0, 0xf, 0xff, 0xff, 0x0, 0x0, 0x7f,
    0xff, 0xf0, 0x0, 0x0, 0x0, 0x0, 0x0, 0x0,
    0x0, 0x0, 0xff, 0xff, 0xe0, 0x0, 0x0, 0x3f,
    0xff, 0xfc, 0x0, 0x2, 0xff, 0xff, 0x80, 0x0,
    0x0, 0x0, 0x0, 0x0, 0x0, 0x0, 0x3, 0xff,
    0xff, 0xc0, 0x0, 0x0, 0xff, 0xff, 0xe0, 0x0,
    0xf, 0xff, 0xfd, 0x0, 0x0, 0x0, 0x0, 0x0,
    0x0, 0x0, 0x0, 0xf, 0xff, 0xff, 0x0, 0x0,
    0x7, 0xff, 0xff, 0x80, 0x0, 0x3f, 0xff, 0xf0,
    0x0, 0x0, 0x0, 0x0, 0x0, 0x0, 0x0, 0x0,
    0x2f, 0xff, 0xfd, 0x0, 0x0, 0x2f, 0xff, 0xfd,
    0x0, 0x1, 0xff, 0xff, 0xc0, 0x0, 0x0, 0x0,
    0x0, 0x0, 0x0, 0x0, 0x0, 0x7f, 0xff, 0xfc,
    0x0, 0x0, 0xff, 0xff, 0xf0, 0x0, 0xb, 0xff,
    0xfe, 0x0, 0x0, 0x0, 0x0, 0x0, 0x0, 0x0,
    0x0, 0x0, 0xff, 0xff, 0xf8, 0x0, 0xf, 0xff,
    0xff, 0x80, 0x0, 0x3f, 0xff, 0xf4, 0x0, 0x0,
    0x0, 0x0, 0x0, 0x0, 0x0, 0x0, 0x2, 0xff,
    0xff, 0xf8, 0x1, 0xff, 0xff, 0xfd, 0x0, 0x0,
    0xff, 0xff, 0xc0, 0x0, 0x0, 0x0, 0x0, 0x0,
    0x0, 0x0, 0x0, 0x3, 0xff, 0xff, 0xff, 0xff,
    0xff, 0xff, 0xf0, 0x0, 0x7, 0xff, 0xff, 0x0,
    0x0, 0x0, 0x0, 0x0, 0x0, 0x0, 0x0, 0x0,
    0xb, 0xff, 0xff, 0xff, 0xff, 0xff, 0xff, 0x40,
    0x0, 0x3f, 0xff, 0xf4, 0x0, 0x0, 0x0, 0x0,
    0x0, 0x0, 0x0, 0x0, 0x0, 0xf, 0xff, 0xff,
    0xff, 0xff, 0xff, 0xfc, 0x0, 0x0, 0xff, 0xff,
    0xc0, 0x0, 0x0, 0x0, 0x0, 0x0, 0x0, 0x0,
    0x0, 0x0, 0x1f, 0xff, 0xff, 0xff, 0xff, 0xff,
    0xc0, 0x0, 0x7, 0xff, 0xff, 0x0, 0x0, 0x0,
    0x6, 0xff, 0xfe, 0x90, 0x0, 0x0, 0x0, 0x1f,
    0xff, 0xff, 0xff, 0xff, 0xfd, 0x0, 0x0, 0x2f,
    0xff, 0xf8, 0x0, 0x0, 0x6, 0xff, 0xff, 0xff,
    0xf8, 0x0, 0x0, 0x0, 0x1f, 0xff, 0xff, 0xff,
    0xff, 0xc0, 0x0, 0x0, 0xff, 0xff, 0xd0, 0x0,
    0x0, 0xbf, 0xff, 0xff, 0xff, 0xfe, 0x0, 0x0,
    0x0, 0xb, 0xff, 0xff, 0xff, 0xf4, 0x0, 0x0,
    0x3, 0xff, 0xff, 0x0, 0x0, 0xf, 0xff, 0xff,
    0xff, 0xff, 0xff, 0x0, 0x0, 0x0, 0x1, 0xbf,
    0xff, 0xf9, 0x0, 0x0, 0x0, 0x1f, 0xff, 0xfc,
    0x0, 0x0, 0xff, 0xff, 0xff, 0xff, 0xff, 0xff,
    0x0, 0x0, 0x0, 0x0, 0x0, 0x0, 0x0, 0x0,
    0x0, 0x0, 0xbf, 0xff, 0xe0, 0x0, 0xb, 0xff,
    0xff, 0xff, 0xff, 0xff, 0xfd, 0x0, 0x0, 0x0,
    0x0, 0x0, 0x0, 0x0, 0x0, 0x0, 0x3, 0xff,
    0xff, 0x40, 0x0, 0x3f, 0xff, 0xff, 0xff, 0xff,
    0xff, 0xfc, 0x0, 0x0, 0x0, 0x0, 0x0, 0x0,
    0x0, 0x0, 0x0, 0xf, 0xff, 0xfc, 0x0, 0x2,
    0xff, 0xff, 0xff, 0xff, 0xff, 0xff, 0xf8, 0x0,
    0x0, 0x0, 0x0, 0x0, 0x0, 0x0, 0x0, 0x0,
    0x7f, 0xff, 0xf0, 0x0, 0xf, 0xff, 0xff, 0xe4,
    0x1b, 0xff, 0xff, 0xf0, 0x0, 0x0, 0x0, 0x0,
    0x0, 0x0, 0x0, 0x0, 0x3, 0xff, 0xff, 0x40,
    0x0, 0xbf, 0xff, 0xfc, 0x0, 0x7, 0xff, 0xff,
    0xd0, 0x0, 0x0, 0x0, 0x0, 0x0, 0x0, 0x0,
    0x0, 0xf, 0xff, 0xfc, 0x0, 0x3, 0xff, 0xff,
    0xc0, 0x0, 0xb, 0xff, 0xff, 0x80, 0x0, 0x0,
    0x0, 0x0, 0x0, 0x0, 0x0, 0x0, 0x7f, 0xff,
    0xf0, 0x0, 0xf, 0xff, 0xff, 0x0, 0x0, 0xf,
    0xff, 0xff, 0x0, 0x0, 0x0, 0x0, 0x0, 0x0,
    0x0, 0x0, 0x2, 0xff, 0xff, 0x80, 0x0, 0x7f,
    0xff, 0xf8, 0x0, 0x0, 0x3f, 0xff, 0xfc, 0x0,
    0x0, 0x0, 0x0, 0x0, 0x0, 0x0, 0x0, 0xf,
    0xff, 0xfd, 0x0, 0x1, 0xff, 0xff, 0xd0, 0x0,
    0x0, 0xbf, 0xff, 0xf0, 0x0, 0x0, 0x0, 0x0,
    0x0, 0x0, 0x0, 0x0, 0x3f, 0xff, 0xf0, 0x0,
    0xb, 0xff, 0xff, 0x0, 0x0, 0x1, 0xff, 0xff,
    0xd0, 0x0, 0x0, 0x0, 0x0, 0x0, 0x0, 0x0,
    0x1, 0xff, 0xff, 0xc0, 0x0, 0x2f, 0xff, 0xfc,
    0x0, 0x0, 0x7, 0xff, 0xff, 0x40, 0x0, 0x0,
    0x0, 0x0, 0x0, 0x0, 0x0, 0xb, 0xff, 0xfe,
    0x0, 0x0, 0xbf, 0xff, 0xf0, 0x0, 0x0, 0x1f,
    0xff, 0xfd, 0x0, 0x0, 0x0, 0x0, 0x0, 0x0,
    0x0, 0x0, 0x3f, 0xff, 0xf4, 0x0, 0x3, 0xff,
    0xff, 0xc0, 0x0, 0x0, 0x3f, 0xff, 0xf4, 0x0,
    0x0, 0x0, 0x0, 0x0, 0x0, 0x0, 0x0, 0xff,
    0xff, 0xc0, 0x0, 0xf, 0xff, 0xff, 0x0, 0x0,
    0x0, 0xff, 0xff, 0xe0, 0x0, 0x0, 0x0, 0x0,
    0x0, 0x0, 0x0, 0x7, 0xff, 0xff, 0x0, 0x0,
    0x3f, 0xff, 0xfc, 0x0, 0x0, 0x3, 0xff, 0xff,
    0x80, 0x0, 0x0, 0x0, 0x0, 0x0, 0x0, 0x0,
    0x3f, 0xff, 0xf4, 0x0, 0x0, 0xff, 0xff, 0xf0,
    0x0, 0x0, 0xf, 0xff, 0xfe, 0x0, 0x0, 0x0,
    0x0, 0x0, 0x0, 0x0, 0x0, 0xff, 0xff, 0xc0,
    0x0, 0x3, 0xff, 0xff, 0xc0, 0x0, 0x0, 0x3f,
    0xff, 0xf8, 0x0, 0x0, 0x0, 0x0, 0x0, 0x0,
    0x0, 0x7, 0xff, 0xff, 0x0, 0x0, 0xf, 0xff,
    0xff, 0x0, 0x0, 0x0, 0xff, 0xff, 0xe0, 0x0,
    0x0, 0x0, 0x0, 0x0, 0x0, 0x0, 0x2f, 0xff,
    0xf8, 0x0, 0x0, 0x3f, 0xff, 0xfc, 0x0, 0x0,
    0x3, 0xff, 0xff, 0x80, 0x0, 0x0, 0x0, 0x0,
    0x0, 0x0, 0x0, 0xff, 0xff, 0xd0, 0x0, 0x0,
    0xff, 0xff, 0xf0, 0x0, 0x0, 0xf, 0xff, 0xfe,
    0x0, 0x0, 0x0, 0x0, 0x0, 0x0, 0x0, 0x3,
    0xff, 0xff, 0x0, 0x0, 0x3, 0xff, 0xff, 0xc0,
    0x0, 0x0, 0x3f, 0xff, 0xf4, 0x0, 0x0, 0x0,
    0x0, 0x0, 0x0, 0x0, 0x1f, 0xff, 0xfc, 0x0,
    0x0, 0xf, 0xff, 0xff, 0x0, 0x0, 0x0, 0xff,
    0xff, 0xd0, 0x0, 0x0, 0x0, 0x0, 0x0, 0x0,
    0x0, 0xbf, 0xff, 0xe0, 0x0, 0x0, 0x2f, 0xff,
    0xfc, 0x0, 0x0, 0x7, 0xff, 0xff, 0x40, 0x0,
    0x0, 0x0, 0x0, 0x0, 0x0, 0x3, 0xff, 0xff,
    0x40, 0x0, 0x0, 0xbf, 0xff, 0xf0, 0x0, 0x0,
    0x1f, 0xff, 0xfd, 0x0, 0x0, 0x0, 0x0, 0x0,
    0x0, 0x0, 0xf, 0xff, 0xfc, 0x0, 0x0, 0x2,
    0xff, 0xff, 0xc0, 0x0, 0x0, 0x7f, 0xff, 0xf4,
    0x0, 0x0, 0x0, 0x0, 0x0, 0x0, 0x0, 0xbf,
    0xff, 0xf0, 0x0, 0x0, 0x7, 0xff, 0xff, 0x40,
    0x0, 0x2, 0xff, 0xff, 0xc0, 0x0, 0x0, 0x0,
    0x0, 0x0, 0x0, 0x3, 0xff, 0xff, 0x80, 0x0,
    0x0, 0xf, 0xff, 0xfe, 0x0, 0x0, 0xf, 0xff,
    0xff, 0x0, 0x0, 0x0, 0x0, 0x0, 0x0, 0x0,
    0xf, 0xff, 0xfc, 0x0, 0x0, 0x0, 0x3f, 0xff,
    0xfc, 0x0, 0x0, 0x3f, 0xff, 0xfc, 0x0, 0x0,
    0x0, 0x0, 0x0, 0x0, 0x0, 0x7f, 0xff, 0xf0,
    0x0, 0x0, 0x0, 0xbf, 0xff, 0xf4, 0x0, 0x2,
    0xff, 0xff, 0xe0, 0x0, 0x0, 0x0, 0x0, 0x0,
    0x0, 0x2, 0xff, 0xff, 0x80, 0x0, 0x0, 0x1,
    0xff, 0xff, 0xf0, 0x0, 0x1f, 0xff, 0xff, 0x0,
    0x0, 0x0, 0x0, 0x0, 0x0, 0x0, 0xf, 0xff,
    0xfd, 0x0, 0x0, 0x0, 0x3, 0xff, 0xff, 0xf4,
    0x2, 0xff, 0xff, 0xfc, 0x0, 0x0, 0x0, 0x0,
    0x0, 0x0, 0x0, 0x3f, 0xff, 0xf0, 0x0, 0x0,
    0x0, 0xb, 0xff, 0xff, 0xff, 0xff, 0xff, 0xff,
    0xd0, 0x0, 0x0, 0x0, 0x0, 0x0, 0x0, 0x1,
    0xff, 0xff, 0xc0, 0x0, 0x0, 0x0, 0xf, 0xff,
    0xff, 0xff, 0xff, 0xff, 0xff, 0x0, 0x0, 0x0,
    0x0, 0x0, 0x0, 0x0, 0xb, 0xff, 0xfe, 0x0,
    0x0, 0x0, 0x0, 0x1f, 0xff, 0xff, 0xff, 0xff,
    0xff, 0xf4, 0x0, 0x0, 0x0, 0x0, 0x0, 0x0,
    0x0, 0x3f, 0xff, 0xf4, 0x0, 0x0, 0x0, 0x0,
    0x3f, 0xff, 0xff, 0xff, 0xff, 0xff, 0x80, 0x0,
    0x0, 0x0, 0x0, 0x0, 0x0, 0x0, 0xff, 0xff,
    0xc0, 0x0, 0x0, 0x0, 0x0, 0x3f, 0xff, 0xff,
    0xff, 0xff, 0xf8, 0x0, 0x0, 0x0, 0x0, 0x0,
    0x0, 0x0, 0xb, 0xff, 0xff, 0x0, 0x0, 0x0,
    0x0, 0x0, 0x2f, 0xff, 0xff, 0xff, 0xff, 0x80,
    0x0, 0x0, 0x0, 0x0, 0x0, 0x0, 0x0, 0x3f,
    0xff, 0xf8, 0x0, 0x0, 0x0, 0x0, 0x0, 0x1f,
    0xff, 0xff, 0xff, 0xe0, 0x0, 0x0, 0x0, 0x0,
    0x0, 0x0, 0x0, 0x0, 0xaa, 0xaa, 0x80, 0x0,
    0x0, 0x0, 0x0, 0x0, 0x2, 0xbf, 0xff, 0xe4,
    0x0, 0x0, 0x0, 0x0, 0x0, 0x0, 0x0, 0x0,
    0x0, 0x0, 0x0, 0x0, 0x0, 0x0, 0x0, 0x0,
    0x0, 0x0, 0x0, 0x0, 0x0, 0x0, 0x0,

    /* U+0026 "&" */
    0x0, 0x0, 0x0, 0x0, 0x5, 0x55, 0x40, 0x0,
    0x0, 0x0, 0x0, 0x0, 0x0, 0x0, 0x0, 0x0,
    0x7f, 0xff, 0xff, 0xe0, 0x0, 0x0, 0x0, 0x0,
    0x0, 0x0, 0x0, 0x0, 0xbf, 0xff, 0xff, 0xff,
    0xf4, 0x0, 0x0, 0x0, 0x0, 0x0, 0x0, 0x0,
    0x7f, 0xff, 0xff, 0xff, 0xff, 0xf0, 0x0, 0x0,
    0x0, 0x0, 0x0, 0x0, 0x2f, 0xff, 0xff, 0xff,
    0xff, 0xff, 0xd0, 0x0, 0x0, 0x0, 0x0, 0x0,
    0xb, 0xff, 0xff, 0xff, 0xff, 0xff, 0xff, 0x40,
    0x0, 0x0, 0x0, 0x0, 0x1, 0xff, 0xff, 0xff,
    0xff, 0xff, 0xff, 0xfc, 0x0, 0x0, 0x0, 0x0,
    0x0, 0x3f, 0xff, 0xff, 0xff, 0xff, 0xff, 0xff,
    0xf0, 0x0, 0x0, 0x0, 0x0, 0xf, 0xff, 0xff,
    0xff, 0xff, 0xff, 0xff, 0xff, 0x80, 0x0, 0x0,
    0x0, 0x1, 0xff, 0xff, 0xff, 0xe5, 0x6f, 0xff,
    0xff, 0xfc, 0x0, 0x0, 0x0, 0x0, 0x2f, 0xff,
    0xff, 0xd0, 0x0, 0x3f, 0xff, 0xff, 0xd0, 0x0,
    0x0, 0x0, 0x3, 0xff, 0xff, 0xf4, 0x0, 0x0,
    0xbf, 0xff, 0xff, 0x0, 0x0, 0x0, 0x0, 0x7f,
    0xff, 0xff, 0x0, 0x0, 0x3, 0xff, 0xff, 0xf0,
    0x0, 0x0, 0x0, 0xb, 0xff, 0xff, 0xd0, 0x0,
    0x0, 0x2f, 0xff, 0xff, 0x0, 0x0, 0x0, 0x0,
    0xff, 0xff, 0xfc, 0x0, 0x0, 0x1, 0xff, 0xff,
    0xf4, 0x0, 0x0, 0x0, 0xf, 0xff, 0xff, 0xc0,
    0x0, 0x0, 0x1f, 0xff, 0xff, 0x40, 0x0, 0x0,
    0x0, 0xff, 0xff, 0xf8, 0x0, 0x0, 0x1, 0xff,
    0xff, 0xf4, 0x0, 0x0, 0x0, 0xf, 0xff, 0xff,
    0x80, 0x0, 0x0, 0x1f, 0xff, 0xff, 0x0, 0x0,
    0x0, 0x0, 0xff, 0xff, 0xf8, 0x0, 0x0, 0x2,
    0xff, 0xff, 0xf0, 0x0, 0x0, 0x0, 0xf, 0xff,
    0xff, 0x80, 0x0, 0x0, 0x2f, 0xff, 0xff, 0x0,
    0x0, 0x0, 0x0, 0xff, 0xff, 0xf8, 0x0, 0x0,
    0x3, 0xff, 0xff, 0xf0, 0x0, 0x0, 0x0, 0xf,
    0xff, 0xff, 0x80, 0x0, 0x0, 0x3f, 0xff, 0xfe,
    0x0, 0x0, 0x0, 0x0, 0xff, 0xff, 0xfc, 0x0,
    0x0, 0x7, 0xff, 0xff, 0xc0, 0x0, 0x0, 0x0,
    0xb, 0xff, 0xff, 0xc0, 0x0, 0x0, 0xbf, 0xff,
    0xfc, 0x0, 0x0, 0x0, 0x0, 0x7f, 0xff, 0xfc,
    0x0, 0x0, 0xf, 0xff, 0xff, 0x40, 0x0, 0x0,
    0x0, 0x3, 0xff, 0xff, 0xd0, 0x0, 0x1, 0xff,
    0xff, 0xf0, 0x0, 0x0, 0x0, 0x0, 0x3f, 0xff,
    0xfe, 0x0, 0x0, 0x3f, 0xff, 0xfe, 0x0, 0x0,
    0x0, 0x0, 0x2, 0xff, 0xff, 0xf0, 0x0, 0x3,
    0xff, 0xff, 0xc0, 0x0, 0x0, 0x0, 0x0, 0xf,
    0xff, 0xff, 0x40, 0x0, 0xbf, 0xff, 0xf4, 0x0,
    0x0, 0x0, 0x0, 0x0, 0xbf, 0xff, 0xf8, 0x0,
    0xf, 0xff, 0xff, 0x0, 0x0, 0x0, 0x0, 0x0,
    0x7, 0xff, 0xff, 0xc0, 0x2, 0xff, 0xff, 0xc0,
    0x0, 0x0, 0x0, 0x0, 0x0, 0x3f, 0xff, 0xfd,
    0x0, 0x3f, 0xff, 0xf8, 0x0, 0x0, 0x0, 0x0,
    0x0, 0x1, 0xff, 0xff, 0xf0, 0xf, 0xff, 0xff,
    0x0, 0x0, 0x0, 0x0, 0x0, 0x0, 0xf, 0xff,
    0xff, 0x1, 0xff, 0xff, 0xc0, 0x0, 0x0, 0x0,
    0x0, 0x0, 0x0, 0x7f, 0xff, 0xf8, 0x3f, 0xff,
    0xf4, 0x0, 0x0, 0x0, 0x0, 0x0, 0x0, 0x3,
    0xff, 0xff, 0xcf, 0xff, 0xfe, 0x0, 0x0, 0x0,
    0x0, 0x0, 0x0, 0x0, 0xf, 0xff, 0xff, 0xff,
    0xff, 0x80, 0x0, 0x0, 0x0, 0x0, 0x0, 0x0,
    0x0, 0xbf, 0xff, 0xff, 0xff, 0xe0, 0x0, 0x0,
    0x0, 0x0, 0x0, 0x0, 0x0, 0x3, 0xff, 0xff,
    0xff, 0xfc, 0x0, 0x0, 0x0, 0x0, 0x0, 0x0,
    0x0, 0x0, 0x2f, 0xff, 0xff, 0xff, 0x0, 0x0,
    0x0, 0x0, 0x0, 0x0, 0x0, 0x0, 0x0, 0xff,
    0xff, 0xff, 0xc0, 0x0, 0x0, 0x0, 0x0, 0x0,
    0x0, 0x0, 0x0, 0xb, 0xff, 0xff, 0xf0, 0x0,
    0x0, 0x0, 0x0, 0x0, 0x0, 0x0, 0x0, 0x0,
    0xff, 0xff, 0xfd, 0x0, 0x0, 0x0, 0x0, 0x0,
    0x0, 0x0, 0x0, 0x0, 0x3f, 0xff, 0xff, 0xe0,
    0x0, 0x0, 0x0, 0x0, 0x0, 0x0, 0x0, 0x0,
    0xf, 0xff, 0xff, 0xff, 0x40, 0x0, 0x0, 0x0,
    0x0, 0x0, 0x0, 0x0, 0x3, 0xff, 0xff, 0xff,
    0xfc, 0x0, 0x0, 0x0, 0x1a, 0xaa, 0xa9, 0x0,
    0x0, 0xbf, 0xff, 0xff, 0xff, 0xe0, 0x0, 0x0,
    0x3, 0xff, 0xff, 0xf0, 0x0, 0x2f, 0xff, 0xff,
    0xff, 0xff, 0x40, 0x0, 0x0, 0x3f, 0xff, 0xff,
    0x0, 0x7, 0xff, 0xff, 0xff, 0xff, 0xfc, 0x0,
    0x0, 0x3, 0xff, 0xff, 0xe0, 0x0, 0xff, 0xff,
    0xff, 0xff, 0xff, 0xe0, 0x0, 0x0, 0x7f, 0xff,
    0xfe, 0x0, 0x2f, 0xff, 0xff, 0x2f, 0xff, 0xff,
    0x0, 0x0, 0x7, 0xff, 0xff, 0xd0, 0x7, 0xff,
    0xff, 0xe0, 0xff, 0xff, 0xfc, 0x0, 0x0, 0xbf,
    0xff, 0xfd, 0x0, 0xff, 0xff, 0xfc, 0x7, 0xff,
    0xff, 0xd0, 0x0, 0xf, 0xff, 0xff, 0xc0, 0x2f,
    0xff, 0xff, 0x40, 0x2f, 0xff, 0xff, 0x0, 0x0,
    0xff, 0xff, 0xfc, 0x3, 0xff, 0xff, 0xf0, 0x0,
    0xff, 0xff, 0xf8, 0x0, 0xf, 0xff, 0xff, 0x80,
    0x7f, 0xff, 0xfe, 0x0, 0x7, 0xff, 0xff, 0xd0,
    0x1, 0xff, 0xff, 0xf4, 0xf, 0xff, 0xff, 0xc0,
    0x0, 0x3f, 0xff, 0xff, 0x0, 0x2f, 0xff, 0xff,
    0x0, 0xff, 0xff, 0xfc, 0x0, 0x0, 0xff, 0xff,
    0xf8, 0x3, 0xff, 0xff, 0xe0, 0x1f, 0xff, 0xff,
    0x40, 0x0, 0xb, 0xff, 0xff, 0xc0, 0x7f, 0xff,
    0xfd, 0x2, 0xff, 0xff, 0xf0, 0x0, 0x0, 0x3f,
    0xff, 0xff, 0xb, 0xff, 0xff, 0xc0, 0x3f, 0xff,
    0xff, 0x0, 0x0, 0x0, 0xff, 0xff, 0xf4, 0xff,
    0xff, 0xf4, 0x3, 0xff, 0xff, 0xf0, 0x0, 0x0,
    0xb, 0xff, 0xff, 0xef, 0xff, 0xff, 0x0, 0x3f,
    0xff, 0xfe, 0x0, 0x0, 0x0, 0x3f, 0xff, 0xff,
    0xff, 0xff, 0xe0, 0x3, 0xff, 0xff, 0xe0, 0x0,
    0x0, 0x1, 0xff, 0xff, 0xff, 0xff, 0xfc, 0x0,
    0x3f, 0xff, 0xfe, 0x0, 0x0, 0x0, 0xb, 0xff,
    0xff, 0xff, 0xff, 0x80, 0x3, 0xff, 0xff, 0xe0,
    0x0, 0x0, 0x0, 0x3f, 0xff, 0xff, 0xff, 0xf0,
    0x0, 0x3f, 0xff, 0xfe, 0x0, 0x0, 0x0, 0x1,
    0xff, 0xff, 0xff, 0xfd, 0x0, 0x3, 0xff, 0xff,
    0xe0, 0x0, 0x0, 0x0, 0xb, 0xff, 0xff, 0xff,
    0xc0, 0x0, 0x3f, 0xff, 0xff, 0x0, 0x0, 0x0,
    0x0, 0x3f, 0xff, 0xff, 0xf4, 0x0, 0x3, 0xff,
    0xff, 0xf0, 0x0, 0x0, 0x0, 0x7, 0xff, 0xff,
    0xff, 0xc0, 0x0, 0x2f, 0xff, 0xff, 0x0, 0x0,
    0x0, 0x1, 0xff, 0xff, 0xff, 0xff, 0x0, 0x1,
    0xff, 0xff, 0xf8, 0x0, 0x0, 0x0, 0x7f, 0xff,
    0xff, 0xff, 0xfd, 0x0, 0xf, 0xff, 0xff, 0xc0,
    0x0, 0x0, 0x1f, 0xff, 0xff, 0xff, 0xff, 0xfe,
    0x40, 0xff, 0xff, 0xff, 0x0, 0x0, 0xb, 0xff,
    0xff, 0xff, 0xff, 0xff, 0xff, 0x7, 0xff, 0xff,
    0xfe, 0x0, 0x1b, 0xff, 0xff, 0xff, 0xff, 0xff,
    0xff, 0xf0, 0x3f, 0xff, 0xff, 0xff, 0xff, 0xff,
    0xff, 0xff, 0xff, 0xff, 0xff, 0xff, 0x1, 0xff,
    0xff, 0xff, 0xff, 0xff, 0xff, 0xff, 0xfd, 0xbf,
    0xff, 0xff, 0xf0, 0xb, 0xff, 0xff, 0xff, 0xff,
    0xff, 0xff, 0xff, 0x42, 0xff, 0xff, 0xff, 0x0,
    0x3f, 0xff, 0xff, 0xff, 0xff, 0xff, 0xff, 0xd0,
    0xb, 0xff, 0xff, 0xf0, 0x0, 0xff, 0xff, 0xff,
    0xff, 0xff, 0xff, 0xf0, 0x0, 0x2f, 0xff, 0xff,
    0x0, 0x2, 0xff, 0xff, 0xff, 0xff, 0xff, 0xf8,
    0x0, 0x0, 0xbf, 0xff, 0xf0, 0x0, 0x7, 0xff,
    0xff, 0xff, 0xff, 0xfc, 0x0, 0x0, 0x1, 0xff,
    0xff, 0x0, 0x0, 0x7, 0xff, 0xff, 0xff, 0xf8,
    0x0, 0x0, 0x0, 0x2, 0xff, 0xf0, 0x0, 0x0,
    0x1, 0xbf, 0xff, 0x94, 0x0, 0x0, 0x0, 0x0,
    0x2, 0xff,

    /* U+0027 "'" */
    0xff, 0xff, 0xef, 0xff, 0xfd, 0xff, 0xff, 0xdf,
    0xff, 0xfc, 0xff, 0xff, 0xcf, 0xff, 0xfc, 0xff,
    0xff, 0x8f, 0xff, 0xf8, 0xff, 0xff, 0x4f, 0xff,
    0xf0, 0xff, 0xff, 0xf, 0xff, 0xf0, 0xff, 0xff,
    0xf, 0xff, 0xe0, 0xff, 0xfd, 0xf, 0xff, 0xd0,
    0xff, 0xfc, 0xf, 0xff, 0xc0, 0xff, 0xfc, 0xf,
    0xff, 0x80, 0xff, 0xf4, 0xf, 0xff, 0x40, 0xff,
    0xf0, 0xf, 0xff, 0x0, 0xff, 0xf0, 0x0,

    /* U+0028 "(" */
    0x0, 0x0, 0x0, 0x0, 0x15, 0x0, 0x0, 0x0,
    0x1b, 0xff, 0x0, 0x0, 0x1, 0xff, 0xff, 0x0,
    0x0, 0xb, 0xff, 0xff, 0x0, 0x0, 0x2f, 0xff,
    0xff, 0x0, 0x0, 0xbf, 0xff, 0xff, 0x0, 0x2,
    0xff, 0xff, 0xff, 0x0, 0x7, 0xff, 0xff, 0xfe,
    0x0, 0xf, 0xff, 0xff, 0xd0, 0x0, 0x1f, 0xff,
    0xff, 0x0, 0x0, 0x3f, 0xff, 0xfc, 0x0, 0x0,
    0x7f, 0xff, 0xf8, 0x0, 0x0, 0xff, 0xff, 0xf0,
    0x0, 0x0, 0xff, 0xff, 0xe0, 0x0, 0x1, 0xff,
    0xff, 0xd0, 0x0, 0x3, 0xff, 0xff, 0xc0, 0x0,
    0x3, 0xff, 0xff, 0x80, 0x0, 0x7, 0xff, 0xff,
    0x40, 0x0, 0xb, 0xff, 0xff, 0x40, 0x0, 0xf,
    0xff, 0xff, 0x0, 0x0, 0xf, 0xff, 0xff, 0x0,
    0x0, 0xf, 0xff, 0xff, 0x0, 0x0, 0x1f, 0xff,
    0xfe, 0x0, 0x0, 0x1f, 0xff, 0xfe, 0x0, 0x0,
    0x2f, 0xff, 0xfd, 0x0, 0x0, 0x2f, 0xff, 0xfd,
    0x0, 0x0, 0x3f, 0xff, 0xfc, 0x0, 0x0, 0x3f,
    0xff, 0xfc, 0x0, 0x0, 0x3f, 0xff, 0xfc, 0x0,
    0x0, 0x3f, 0xff, 0xfc, 0x0, 0x0, 0x3f, 0xff,
    0xfc, 0x0, 0x0, 0x3f, 0xff, 0xfc, 0x0, 0x0,
    0x7f, 0xff, 0xfc, 0x0, 0x0, 0x7f, 0xff, 0xfc,
    0x0, 0x0, 0x7f, 0xff, 0xfc, 0x0, 0x0, 0x7f,
    0xff, 0xfc, 0x0, 0x0, 0x7f, 0xff, 0xf8, 0x0,
    0x0, 0xbf, 0xff, 0xf8, 0x0, 0x0, 0xbf, 0xff,
    0xf8, 0x0, 0x0, 0xbf, 0xff, 0xf8, 0x0, 0x0,
    0xbf, 0xff, 0xf8, 0x0, 0x0, 0xbf, 0xff, 0xf8,
    0x0, 0x0, 0xbf, 0xff, 0xf8, 0x0, 0x0, 0xbf,
    0xff, 0xf8, 0x0, 0x0, 0xbf, 0xff, 0xf8, 0x0,
    0x0, 0xbf, 0xff, 0xf8, 0x0, 0x0, 0xbf, 0xff,
    0xf8, 0x0, 0x0, 0xbf, 0xff, 0xf8, 0x0, 0x0,
    0xbf, 0xff, 0xf8, 0x0, 0x0, 0xbf, 0xff, 0xf8,
    0x0, 0x0, 0xbf, 0xff, 0xf8, 0x0, 0x0, 0xbf,
    0xff, 0xf8, 0x0, 0x0, 0xbf, 0xff, 0xf8, 0x0,
    0x0, 0xbf, 0xff, 0xf8, 0x0, 0x0, 0xbf, 0xff,
    0xf8, 0x0, 0x0, 0xbf, 0xff, 0xf8, 0x0, 0x0,
    0xbf, 0xff, 0xf8, 0x0, 0x0, 0xbf, 0xff, 0xf8,
    0x0, 0x0, 0xbf, 0xff, 0xf8, 0x0, 0x0, 0xbf,
    0xff, 0xf8, 0x0, 0x0, 0xbf, 0xff, 0xf8, 0x0,
    0x0, 0xbf, 0xff, 0xf8, 0x0, 0x0, 0xbf, 0xff,
    0xf8, 0x0, 0x0, 0xbf, 0xff, 0xf8, 0x0, 0x0,
    0xbf, 0xff, 0xf8, 0x0, 0x0, 0xbf, 0xff, 0xf8,
    0x0, 0x0, 0x7f, 0xff, 0xf8, 0x0, 0x0, 0x7f,
    0xff, 0xfc, 0x0, 0x0, 0x7f, 0xff, 0xfc, 0x0,
    0x0, 0x7f, 0xff, 0xfc, 0x0, 0x0, 0x7f, 0xff,
    0xfc, 0x0, 0x0, 0x3f, 0xff, 0xfc, 0x0, 0x0,
    0x3f, 0xff, 0xfc, 0x0, 0x0, 0x3f, 0xff, 0xfc,
    0x0, 0x0, 0x3f, 0xff, 0xfc, 0x0, 0x0, 0x3f,
    0xff, 0xfc, 0x0, 0x0, 0x3f, 0xff, 0xfc, 0x0,
    0x0, 0x2f, 0xff, 0xfd, 0x0, 0x0, 0x2f, 0xff,
    0xfd, 0x0, 0x0, 0x1f, 0xff, 0xfe, 0x0, 0x0,
    0x1f, 0xff, 0xfe, 0x0, 0x0, 0xf, 0xff, 0xff,
    0x0, 0x0, 0xf, 0xff, 0xff, 0x0, 0x0, 0xb,
    0xff, 0xff, 0x0, 0x0, 0x7, 0xff, 0xff, 0x40,
    0x0, 0x3, 0xff, 0xff, 0x40, 0x0, 0x3, 0xff,
    0xff, 0x80, 0x0, 0x2, 0xff, 0xff, 0xc0, 0x0,
    0x1, 0xff, 0xff, 0xd0, 0x0, 0x0, 0xff, 0xff,
    0xe0, 0x0, 0x0, 0xbf, 0xff, 0xf0, 0x0, 0x0,
    0x3f, 0xff, 0xf8, 0x0, 0x0, 0x3f, 0xff, 0xfc,
    0x0, 0x0, 0x1f, 0xff, 0xff, 0x0, 0x0, 0xb,
    0xff, 0xff, 0xe0, 0x0, 0x3, 0xff, 0xff, 0xff,
    0x0, 0x1, 0xff, 0xff, 0xff, 0x0, 0x0, 0x7f,
    0xff, 0xff, 0x0, 0x0, 0x1f, 0xff, 0xff, 0x0,
    0x0, 0x7, 0xff, 0xff, 0x0, 0x0, 0x0, 0xbf,
    0xff, 0x0, 0x0, 0x0, 0x6, 0xff, 0x0, 0x0,
    0x0, 0x0, 0x0,

    /* U+0029 ")" */
    0x15, 0x0, 0x0, 0x0, 0x0, 0xf, 0xfe, 0x40,
    0x0, 0x0, 0x3, 0xff, 0xfc, 0x0, 0x0, 0x0,
    0xff, 0xff, 0xe0, 0x0, 0x0, 0x3f, 0xff, 0xfe,
    0x0, 0x0, 0xf, 0xff, 0xff, 0xe0, 0x0, 0x3,
    0xff, 0xff, 0xfd, 0x0, 0x0, 0xff, 0xff, 0xff,
    0xc0, 0x0, 0x1, 0xff, 0xff, 0xf8, 0x0, 0x0,
    0xf, 0xff, 0xff, 0x40, 0x0, 0x0, 0xff, 0xff,
    0xf0, 0x0, 0x0, 0x2f, 0xff, 0xfc, 0x0, 0x0,
    0x3, 0xff, 0xff, 0x80, 0x0, 0x0, 0xff, 0xff,
    0xf0, 0x0, 0x0, 0x1f, 0xff, 0xfd, 0x0, 0x0,
    0x3, 0xff, 0xff, 0x80, 0x0, 0x0, 0xff, 0xff,
    0xf0, 0x0, 0x0, 0x2f, 0xff, 0xfc, 0x0, 0x0,
    0x7, 0xff, 0xff, 0x40, 0x0, 0x0, 0xff, 0xff,
    0xe0, 0x0, 0x0, 0x3f, 0xff, 0xfc, 0x0, 0x0,
    0xf, 0xff, 0xff, 0x0, 0x0, 0x3, 0xff, 0xff,
    0xc0, 0x0, 0x0, 0xbf, 0xff, 0xf0, 0x0, 0x0,
    0x2f, 0xff, 0xfd, 0x0, 0x0, 0x7, 0xff, 0xff,
    0x80, 0x0, 0x1, 0xff, 0xff, 0xe0, 0x0, 0x0,
    0x7f, 0xff, 0xf8, 0x0, 0x0, 0x1f, 0xff, 0xff,
    0x0, 0x0, 0x3, 0xff, 0xff, 0xc0, 0x0, 0x0,
    0xff, 0xff, 0xf0, 0x0, 0x0, 0x3f, 0xff, 0xfc,
    0x0, 0x0, 0xf, 0xff, 0xff, 0x0, 0x0, 0x3,
    0xff, 0xff, 0xc0, 0x0, 0x0, 0xff, 0xff, 0xf0,
    0x0, 0x0, 0x3f, 0xff, 0xfd, 0x0, 0x0, 0xf,
    0xff, 0xff, 0x40, 0x0, 0x3, 0xff, 0xff, 0xd0,
    0x0, 0x0, 0xff, 0xff, 0xf4, 0x0, 0x0, 0x3f,
    0xff, 0xfd, 0x0, 0x0, 0xf, 0xff, 0xff, 0x40,
    0x0, 0x3, 0xff, 0xff, 0xd0, 0x0, 0x0, 0xff,
    0xff, 0xf4, 0x0, 0x0, 0x3f, 0xff, 0xfd, 0x0,
    0x0, 0xf, 0xff, 0xff, 0x40, 0x0, 0x3, 0xff,
    0xff, 0xd0, 0x0, 0x0, 0xff, 0xff, 0xf4, 0x0,
    0x0, 0x3f, 0xff, 0xfd, 0x0, 0x0, 0xf, 0xff,
    0xff, 0x40, 0x0, 0x3, 0xff, 0xff, 0xd0, 0x0,
    0x0, 0xff, 0xff, 0xf4, 0x0, 0x0, 0x3f, 0xff,
    0xfe, 0x0, 0x0, 0xf, 0xff, 0xff, 0x40, 0x0,
    0x3, 0xff, 0xff, 0xd0, 0x0, 0x0, 0xff, 0xff,
    0xf4, 0x0, 0x0, 0x3f, 0xff, 0xfd, 0x0, 0x0,
    0xf, 0xff, 0xff, 0x40, 0x0, 0x3, 0xff, 0xff,
    0xd0, 0x0, 0x0, 0xff, 0xff, 0xf4, 0x0, 0x0,
    0x3f, 0xff, 0xfd, 0x0, 0x0, 0xf, 0xff, 0xff,
    0x40, 0x0, 0x3, 0xff, 0xff, 0xd0, 0x0, 0x0,
    0xff, 0xff, 0xf4, 0x0, 0x0, 0x3f, 0xff, 0xfd,
    0x0, 0x0, 0xf, 0xff, 0xff, 0x40, 0x0, 0x3,
    0xff, 0xff, 0xd0, 0x0, 0x0, 0xff, 0xff, 0xf4,
    0x0, 0x0, 0x3f, 0xff, 0xfc, 0x0, 0x0, 0xf,
    0xff, 0xff, 0x0, 0x0, 0x3, 0xff, 0xff, 0xc0,
    0x0, 0x0, 0xff, 0xff, 0xf0, 0x0, 0x0, 0x3f,
    0xff, 0xfc, 0x0, 0x0, 0xf, 0xff, 0xff, 0x0,
    0x0, 0x3, 0xff, 0xff, 0xc0, 0x0, 0x1, 0xff,
    0xff, 0xf0, 0x0, 0x0, 0x7f, 0xff, 0xf8, 0x0,
    0x0, 0x1f, 0xff, 0xfe, 0x0, 0x0, 0xb, 0xff,
    0xff, 0x40, 0x0, 0x2, 0xff, 0xff, 0xd0, 0x0,
    0x0, 0xbf, 0xff, 0xf0, 0x0, 0x0, 0x3f, 0xff,
    0xfc, 0x0, 0x0, 0xf, 0xff, 0xff, 0x0, 0x0,
    0x3, 0xff, 0xff, 0x80, 0x0, 0x1, 0xff, 0xff,
    0xe0, 0x0, 0x0, 0x7f, 0xff, 0xf4, 0x0, 0x0,
    0x2f, 0xff, 0xfc, 0x0, 0x0, 0xf, 0xff, 0xff,
    0x0, 0x0, 0x3, 0xff, 0xff, 0x80, 0x0, 0x2,
    0xff, 0xff, 0xc0, 0x0, 0x0, 0xff, 0xff, 0xf0,
    0x0, 0x0, 0x7f, 0xff, 0xf4, 0x0, 0x0, 0x3f,
    0xff, 0xfc, 0x0, 0x0, 0x1f, 0xff, 0xfe, 0x0,
    0x0, 0x1f, 0xff, 0xff, 0x0, 0x0, 0x2f, 0xff,
    0xff, 0x80, 0x0, 0xff, 0xff, 0xff, 0xc0, 0x0,
    0x3f, 0xff, 0xff, 0xc0, 0x0, 0xf, 0xff, 0xff,
    0xd0, 0x0, 0x3, 0xff, 0xff, 0xd0, 0x0, 0x0,
    0xff, 0xff, 0xd0, 0x0, 0x0, 0x3f, 0xff, 0x80,
    0x0, 0x0, 0xf, 0xf9, 0x0, 0x0, 0x0, 0x0,
    0x0, 0x0, 0x0, 0x0, 0x0,

    /* U+002A "*" */
    0x0, 0x0, 0x0, 0x3f, 0xff, 0xd0, 0x0, 0x0,
    0x0, 0x0, 0x0, 0x2, 0xff, 0xfc, 0x0, 0x0,
    0x0, 0x0, 0x0, 0x0, 0x2f, 0xff, 0xc0, 0x0,
    0x0, 0x0, 0x0, 0x0, 0x1, 0xff, 0xfc, 0x0,
    0x0, 0x0, 0x0, 0x0, 0x0, 0x1f, 0xff, 0xc0,
    0x0, 0x0, 0x0, 0x0, 0x0, 0x1, 0xff, 0xfc,
    0x0, 0x0, 0x0, 0x0, 0x0, 0x0, 0xf, 0xff,
    0x80, 0x0, 0x0, 0x0, 0x0, 0x0, 0x0, 0xff,
    0xf8, 0x0, 0x0, 0x0, 0x3, 0x40, 0x0, 0xf,
    0xff, 0x80, 0x0, 0xa, 0x0, 0xbf, 0x40, 0x0,
    0xff, 0xf4, 0x0, 0xb, 0xf0, 0xf, 0xff, 0x40,
    0xf, 0xff, 0x40, 0xb, 0xff, 0x41, 0xff, 0xfe,
    0x0, 0xff, 0xf0, 0x7, 0xff, 0xf8, 0x2f, 0xff,
    0xfe, 0xb, 0xff, 0x7, 0xff, 0xff, 0xc3, 0xff,
    0xff, 0xfe, 0xbf, 0xf7, 0xff, 0xff, 0xfd, 0x7f,
    0xff, 0xff, 0xff, 0xff, 0xff, 0xff, 0xff, 0xe0,
    0x7f, 0xff, 0xff, 0xff, 0xff, 0xff, 0xff, 0xe0,
    0x0, 0x2f, 0xff, 0xff, 0xff, 0xff, 0xff, 0xd0,
    0x0, 0x0, 0x1f, 0xff, 0xff, 0xff, 0xff, 0x80,
    0x0, 0x0, 0x0, 0xb, 0xff, 0xff, 0xff, 0x40,
    0x0, 0x0, 0x0, 0x0, 0xf, 0xff, 0xff, 0x40,
    0x0, 0x0, 0x0, 0x0, 0x2, 0xff, 0xff, 0xfc,
    0x0, 0x0, 0x0, 0x0, 0x0, 0x7f, 0xff, 0xff,
    0xe0, 0x0, 0x0, 0x0, 0x0, 0xf, 0xff, 0xdf,
    0xff, 0x40, 0x0, 0x0, 0x0, 0x2, 0xff, 0xf0,
    0xff, 0xfc, 0x0, 0x0, 0x0, 0x0, 0x7f, 0xfe,
    0x7, 0xff, 0xf0, 0x0, 0x0, 0x0, 0xf, 0xff,
    0xc0, 0x3f, 0xff, 0x80, 0x0, 0x0, 0x3, 0xff,
    0xf8, 0x1, 0xff, 0xfd, 0x0, 0x0, 0x0, 0xbf,
    0xff, 0x0, 0xf, 0xff, 0xf0, 0x0, 0x0, 0x1f,
    0xff, 0xe0, 0x0, 0x7f, 0xff, 0x80, 0x0, 0x3,
    0xff, 0xfc, 0x0, 0x3, 0xff, 0xfd, 0x0, 0x0,
    0x7f, 0xff, 0x80, 0x0, 0x1f, 0xff, 0xe0, 0x0,
    0x0, 0xbf, 0xf0, 0x0, 0x0, 0xff, 0xf4, 0x0,
    0x0, 0x1, 0xfe, 0x0, 0x0, 0x7, 0xf8, 0x0,
    0x0, 0x0, 0x2, 0xc0, 0x0, 0x0, 0x38, 0x0,
    0x0, 0x0, 0x0, 0x0, 0x0, 0x0, 0x0, 0x0,
    0x0, 0x0,

    /* U+002B "+" */
    0x0, 0x0, 0x0, 0x7, 0xff, 0xf4, 0x0, 0x0,
    0x0, 0x0, 0x0, 0x0, 0x2, 0xff, 0xfe, 0x0,
    0x0, 0x0, 0x0, 0x0, 0x0, 0x0, 0xbf, 0xff,
    0x80, 0x0, 0x0, 0x0, 0x0, 0x0, 0x0, 0x2f,
    0xff, 0xe0, 0x0, 0x0, 0x0, 0x0, 0x0, 0x0,
    0xb, 0xff, 0xf8, 0x0, 0x0, 0x0, 0x0, 0x0,
    0x0, 0x2, 0xff, 0xfe, 0x0, 0x0, 0x0, 0x0,
    0x0, 0x0, 0x0, 0xbf, 0xff, 0x80, 0x0, 0x0,
    0x0, 0x0, 0x0, 0x0, 0x2f, 0xff, 0xe0, 0x0,
    0x0, 0x0, 0x0, 0x0, 0x0, 0xb, 0xff, 0xf8,
    0x0, 0x0, 0x0, 0x0, 0x0, 0x0, 0x2, 0xff,
    0xfe, 0x0, 0x0, 0x0, 0x0, 0x0, 0x0, 0x0,
    0xbf, 0xff, 0x80, 0x0, 0x0, 0x0, 0x0, 0x0,
    0x0, 0x2f, 0xff, 0xe0, 0x0, 0x0, 0x0, 0x0,
    0x0, 0x0, 0xb, 0xff, 0xf8, 0x0, 0x0, 0x0,
    0x0, 0x0, 0x0, 0x2, 0xff, 0xfe, 0x0, 0x0,
    0x0, 0x0, 0x0, 0x0, 0x0, 0xbf, 0xff, 0x80,
    0x0, 0x0, 0x0, 0x0, 0x0, 0x0, 0x2f, 0xff,
    0xe0, 0x0, 0x0, 0x0, 0xbf, 0xff, 0xff, 0xff,
    0xff, 0xff, 0xff, 0xff, 0xff, 0xef, 0xff, 0xff,
    0xff, 0xff, 0xff, 0xff, 0xff, 0xff, 0xfb, 0xff,
    0xff, 0xff, 0xff, 0xff, 0xff, 0xff, 0xff, 0xfe,
    0xff, 0xff, 0xff, 0xff, 0xff, 0xff, 0xff, 0xff,
    0xff, 0xbf, 0xff, 0xff, 0xff, 0xff, 0xff, 0xff,
    0xff, 0xff, 0xef, 0xff, 0xff, 0xff, 0xff, 0xff,
    0xff, 0xff, 0xff, 0xfb, 0xff, 0xff, 0xff, 0xff,
    0xff, 0xff, 0xff, 0xff, 0xfe, 0xff, 0xff, 0xff,
    0xff, 0xff, 0xff, 0xff, 0xff, 0xff, 0x0, 0x0,
    0x0, 0xb, 0xff, 0xf8, 0x0, 0x0, 0x0, 0x0,
    0x0, 0x0, 0x2, 0xff, 0xfe, 0x0, 0x0, 0x0,
    0x0, 0x0, 0x0, 0x0, 0xbf, 0xff, 0x80, 0x0,
    0x0, 0x0, 0x0, 0x0, 0x0, 0x2f, 0xff, 0xe0,
    0x0, 0x0, 0x0, 0x0, 0x0, 0x0, 0xb, 0xff,
    0xf8, 0x0, 0x0, 0x0, 0x0, 0x0, 0x0, 0x2,
    0xff, 0xfe, 0x0, 0x0, 0x0, 0x0, 0x0, 0x0,
    0x0, 0xbf, 0xff, 0x80, 0x0, 0x0, 0x0, 0x0,
    0x0, 0x0, 0x2f, 0xff, 0xe0, 0x0, 0x0, 0x0,
    0x0, 0x0, 0x0, 0xb, 0xff, 0xf8, 0x0, 0x0,
    0x0, 0x0, 0x0, 0x0, 0x2, 0xff, 0xfe, 0x0,
    0x0, 0x0, 0x0, 0x0, 0x0, 0x0, 0xbf, 0xff,
    0x80, 0x0, 0x0, 0x0, 0x0, 0x0, 0x0, 0x2f,
    0xff, 0xe0, 0x0, 0x0, 0x0, 0x0, 0x0, 0x0,
    0xb, 0xff, 0xf8, 0x0, 0x0, 0x0, 0x0, 0x0,
    0x0, 0x2, 0xff, 0xfe, 0x0, 0x0, 0x0, 0x0,
    0x0, 0x0, 0x0, 0xbf, 0xff, 0x80, 0x0, 0x0,
    0x0, 0x0, 0x0, 0x0, 0x2f, 0xff, 0xe0, 0x0,
    0x0, 0x0, 0x0, 0x0, 0x0, 0xb, 0xff, 0xf8,
    0x0, 0x0, 0x0, 0x0,

    /* U+002C "," */
    0xaa, 0xaa, 0xa8, 0xff, 0xff, 0xfc, 0xff, 0xff,
    0xfc, 0xff, 0xff, 0xfc, 0xff, 0xff, 0xfc, 0xff,
    0xff, 0xfc, 0xff, 0xff, 0xfc, 0xff, 0xff, 0xfc,
    0xff, 0xff, 0xfc, 0xff, 0xff, 0xfc, 0xff, 0xff,
    0xfc, 0xff, 0xff, 0xfc, 0x0, 0xf, 0xfc, 0x0,
    0x1f, 0xfc, 0x0, 0x1f, 0xfc, 0x0, 0x3f, 0xfc,
    0x0, 0x3f, 0xf8, 0x0, 0xff, 0xf0, 0x2, 0xff,
    0xf0, 0xf, 0xff, 0xd0, 0xbf, 0xff, 0x80, 0xbf,
    0xfe, 0x0, 0x7f, 0xf8, 0x0, 0x3f, 0xd0, 0x0,
    0x2d, 0x0, 0x0, 0x0, 0x0, 0x0,

    /* U+002D "-" */
    0x0, 0x0, 0x0, 0x0, 0x0, 0x3, 0xff, 0xff,
    0xff, 0xff, 0xff, 0xdf, 0xff, 0xff, 0xff, 0xff,
    0xff, 0x7f, 0xff, 0xff, 0xff, 0xff, 0xfd, 0xff,
    0xff, 0xff, 0xff, 0xff, 0xf7, 0xff, 0xff, 0xff,
    0xff, 0xff, 0xdf, 0xff, 0xff, 0xff, 0xff, 0xff,
    0x7f, 0xff, 0xff, 0xff, 0xff, 0xfd, 0xff, 0xff,
    0xff, 0xff, 0xff, 0xf4,

    /* U+002E "." */
    0x3f, 0xff, 0xfe, 0x3f, 0xff, 0xfe, 0x3f, 0xff,
    0xfe, 0x3f, 0xff, 0xfe, 0x3f, 0xff, 0xfe, 0x3f,
    0xff, 0xfe, 0x3f, 0xff, 0xfe, 0x3f, 0xff, 0xfe,
    0x3f, 0xff, 0xfe, 0x3f, 0xff, 0xfe, 0x3f, 0xff,
    0xfe, 0x3f, 0xff, 0xfe,

    /* U+002F "/" */
    0x0, 0x0, 0x0, 0x0, 0x0, 0x7, 0xff, 0xff,
    0x0, 0x0, 0x0, 0x0, 0x0, 0xb, 0xff, 0xfe,
    0x0, 0x0, 0x0, 0x0, 0x0, 0xf, 0xff, 0xfd,
    0x0, 0x0, 0x0, 0x0, 0x0, 0xf, 0xff, 0xfc,
    0x0, 0x0, 0x0, 0x0, 0x0, 0x2f, 0xff, 0xfc,
    0x0, 0x0, 0x0, 0x0, 0x0, 0x3f, 0xff, 0xf8,
    0x0, 0x0, 0x0, 0x0, 0x0, 0x3f, 0xff, 0xf4,
    0x0, 0x0, 0x0, 0x0, 0x0, 0x7f, 0xff, 0xf0,
    0x0, 0x0, 0x0, 0x0, 0x0, 0xbf, 0xff, 0xe0,
    0x0, 0x0, 0x0, 0x0, 0x0, 0xff, 0xff, 0xd0,
    0x0, 0x0, 0x0, 0x0, 0x0, 0xff, 0xff, 0xc0,
    0x0, 0x0, 0x0, 0x0, 0x1, 0xff, 0xff, 0xc0,
    0x0, 0x0, 0x0, 0x0, 0x2, 0xff, 0xff, 0x80,
    0x0, 0x0, 0x0, 0x0, 0x3, 0xff, 0xff, 0x40,
    0x0, 0x0, 0x0, 0x0, 0x3, 0xff, 0xff, 0x0,
    0x0, 0x0, 0x0, 0x0, 0x7, 0xff, 0xff, 0x0,
    0x0, 0x0, 0x0, 0x0, 0xb, 0xff, 0xfe, 0x0,
    0x0, 0x0, 0x0, 0x0, 0xf, 0xff, 0xfd, 0x0,
    0x0, 0x0, 0x0, 0x0, 0xf, 0xff, 0xfc, 0x0,
    0x0, 0x0, 0x0, 0x0, 0x2f, 0xff, 0xfc, 0x0,
    0x0, 0x0, 0x0, 0x0, 0x3f, 0xff, 0xf4, 0x0,
    0x0, 0x0, 0x0, 0x0, 0x3f, 0xff, 0xf0, 0x0,
    0x0, 0x0, 0x0, 0x0, 0x7f, 0xff, 0xf0, 0x0,
    0x0, 0x0, 0x0, 0x0, 0xbf, 0xff, 0xe0, 0x0,
    0x0, 0x0, 0x0, 0x0, 0xff, 0xff, 0xd0, 0x0,
    0x0, 0x0, 0x0, 0x0, 0xff, 0xff, 0xc0, 0x0,
    0x0, 0x0, 0x0, 0x1, 0xff, 0xff, 0xc0, 0x0,
    0x0, 0x0, 0x0, 0x2, 0xff, 0xff, 0x80, 0x0,
    0x0, 0x0, 0x0, 0x3, 0xff, 0xff, 0x40, 0x0,
    0x0, 0x0, 0x0, 0x3, 0xff, 0xff, 0x0, 0x0,
    0x0, 0x0, 0x0, 0x7, 0xff, 0xff, 0x0, 0x0,
    0x0, 0x0, 0x0, 0xb, 0xff, 0xfe, 0x0, 0x0,
    0x0, 0x0, 0x0, 0xf, 0xff, 0xfd, 0x0, 0x0,
    0x0, 0x0, 0x0, 0x1f, 0xff, 0xfc, 0x0, 0x0,
    0x0, 0x0, 0x0, 0x2f, 0xff, 0xf8, 0x0, 0x0,
    0x0, 0x0, 0x0, 0x3f, 0xff, 0xf4, 0x0, 0x0,
    0x0, 0x0, 0x0, 0x3f, 0xff, 0xf0, 0x0, 0x0,
    0x0, 0x0, 0x0, 0x7f, 0xff, 0xf0, 0x0, 0x0,
    0x0, 0x0, 0x0, 0xbf, 0xff, 0xe0, 0x0, 0x0,
    0x0, 0x0, 0x0, 0xff, 0xff, 0xd0, 0x0, 0x0,
    0x0, 0x0, 0x0, 0xff, 0xff, 0xc0, 0x0, 0x0,
    0x0, 0x0, 0x1, 0xff, 0xff, 0xc0, 0x0, 0x0,
    0x0, 0x0, 0x2, 0xff, 0xff, 0x80, 0x0, 0x0,
    0x0, 0x0, 0x3, 0xff, 0xff, 0x40, 0x0, 0x0,
    0x0, 0x0, 0x3, 0xff, 0xff, 0x0, 0x0, 0x0,
    0x0, 0x0, 0x7, 0xff, 0xff, 0x0, 0x0, 0x0,
    0x0, 0x0, 0xb, 0xff, 0xfe, 0x0, 0x0, 0x0,
    0x0, 0x0, 0xf, 0xff, 0xfc, 0x0, 0x0, 0x0,
    0x0, 0x0, 0x1f, 0xff, 0xfc, 0x0, 0x0, 0x0,
    0x0, 0x0, 0x2f, 0xff, 0xf8, 0x0, 0x0, 0x0,
    0x0, 0x0, 0x3f, 0xff, 0xf4, 0x0, 0x0, 0x0,
    0x0, 0x0, 0x3f, 0xff, 0xf0, 0x0, 0x0, 0x0,
    0x0, 0x0, 0x7f, 0xff, 0xf0, 0x0, 0x0, 0x0,
    0x0, 0x0, 0xbf, 0xff, 0xe0, 0x0, 0x0, 0x0,
    0x0, 0x0, 0xff, 0xff, 0xd0, 0x0, 0x0, 0x0,
    0x0, 0x0, 0xff, 0xff, 0xc0, 0x0, 0x0, 0x0,
    0x0, 0x1, 0xff, 0xff, 0xc0, 0x0, 0x0, 0x0,
    0x0, 0x2, 0xff, 0xff, 0x80, 0x0, 0x0, 0x0,
    0x0, 0x3, 0xff, 0xff, 0x40, 0x0, 0x0, 0x0,
    0x0, 0x3, 0xff, 0xff, 0x0, 0x0, 0x0, 0x0,
    0x0, 0x7, 0xff, 0xfe, 0x0, 0x0, 0x0, 0x0,
    0x0, 0xb, 0xff, 0xfd, 0x0, 0x0, 0x0, 0x0,
    0x0, 0xf, 0xff, 0xfc, 0x0, 0x0, 0x0, 0x0,
    0x0, 0x1f, 0xff, 0xfc, 0x0, 0x0, 0x0, 0x0,
    0x0, 0x2f, 0xff, 0xf8, 0x0, 0x0, 0x0, 0x0,
    0x0, 0x3f, 0xff, 0xf4, 0x0, 0x0, 0x0, 0x0,
    0x0, 0x3f, 0xff, 0xf0, 0x0, 0x0, 0x0, 0x0,
    0x0, 0x7f, 0xff, 0xf0, 0x0, 0x0, 0x0, 0x0,
    0x0, 0xbf, 0xff, 0xe0, 0x0, 0x0, 0x0, 0x0,
    0x0, 0xff, 0xff, 0xd0, 0x0, 0x0, 0x0, 0x0,
    0x0, 0xff, 0xff, 0xc0, 0x0, 0x0, 0x0, 0x0,
    0x1, 0xff, 0xff, 0xc0, 0x0, 0x0, 0x0, 0x0,
    0x2, 0xff, 0xff, 0x80, 0x0, 0x0, 0x0, 0x0,
    0x3, 0xff, 0xff, 0x0, 0x0, 0x0, 0x0, 0x0,
    0x3, 0xff, 0xff, 0x0, 0x0, 0x0, 0x0, 0x0,
    0x7, 0xff, 0xfe, 0x0, 0x0, 0x0, 0x0, 0x0,
    0xf, 0xff, 0xfd, 0x0, 0x0, 0x0, 0x0, 0x0,
    0xf, 0xff, 0xfc, 0x0, 0x0, 0x0, 0x0, 0x0,
    0x1f, 0xff, 0xfc, 0x0, 0x0, 0x0, 0x0, 0x0,
    0x2f, 0xff, 0xf8, 0x0, 0x0, 0x0, 0x0, 0x0,
    0x3f, 0xff, 0xf4, 0x0, 0x0, 0x0, 0x0, 0x0,
    0x1a, 0xaa, 0xa0, 0x0, 0x0, 0x0, 0x0, 0x0,

    /* U+0030 "0" */
    0x0, 0x0, 0x0, 0x0, 0x15, 0x55, 0x40, 0x0,
    0x0, 0x0, 0x0, 0x0, 0x0, 0x6, 0xff, 0xff,
    0xff, 0x90, 0x0, 0x0, 0x0, 0x0, 0x0, 0x2f,
    0xff, 0xff, 0xff, 0xff, 0x80, 0x0, 0x0, 0x0,
    0x0, 0x7f, 0xff, 0xff, 0xff, 0xff, 0xfd, 0x0,
    0x0, 0x0, 0x0, 0xff, 0xff, 0xff, 0xff, 0xff,
    0xff, 0xe0, 0x0, 0x0, 0x0, 0xff, 0xff, 0xff,
    0xff, 0xff, 0xff, 0xfe, 0x0, 0x0, 0x0, 0xff,
    0xff, 0xff, 0xff, 0xff, 0xff, 0xff, 0xe0, 0x0,
    0x0, 0xbf, 0xff, 0xff, 0xff, 0xff, 0xff, 0xff,
    0xfd, 0x0, 0x0, 0x7f, 0xff, 0xff, 0xff, 0xff,
    0xff, 0xff, 0xff, 0xc0, 0x0, 0x3f, 0xff, 0xff,
    0xfe, 0x55, 0xbf, 0xff, 0xff, 0xf8, 0x0, 0x1f,
    0xff, 0xff, 0xf0, 0x0, 0x1, 0xff, 0xff, 0xff,
    0x0, 0xf, 0xff, 0xff, 0xf0, 0x0, 0x0, 0xf,
    0xff, 0xff, 0xe0, 0x7, 0xff, 0xff, 0xf0, 0x0,
    0x0, 0x1, 0xff, 0xff, 0xfc, 0x2, 0xff, 0xff,
    0xf8, 0x0, 0x0, 0x0, 0x3f, 0xff, 0xff, 0x40,
    0xff, 0xff, 0xfc, 0x0, 0x0, 0x0, 0x7, 0xff,
    0xff, 0xe0, 0x3f, 0xff, 0xfe, 0x0, 0x0, 0x0,
    0x0, 0xff, 0xff, 0xfc, 0x1f, 0xff, 0xff, 0x40,
    0x0, 0x0, 0x0, 0x2f, 0xff, 0xff, 0xb, 0xff,
    0xff, 0xc0, 0x0, 0x0, 0x0, 0xb, 0xff, 0xff,
    0xd3, 0xff, 0xff, 0xf0, 0x0, 0x0, 0x0, 0x1,
    0xff, 0xff, 0xf4, 0xff, 0xff, 0xfc, 0x0, 0x0,
    0x0, 0x0, 0x3f, 0xff, 0xfe, 0x3f, 0xff, 0xff,
    0x0, 0x0, 0x0, 0x0, 0xf, 0xff, 0xff, 0x8f,
    0xff, 0xff, 0x80, 0x0, 0x0, 0x0, 0x3, 0xff,
    0xff, 0xf3, 0xff, 0xff, 0xe0, 0x0, 0x0, 0x0,
    0x0, 0xff, 0xff, 0xfc, 0xff, 0xff, 0xf8, 0x0,
    0x0, 0x0, 0x0, 0x3f, 0xff, 0xff, 0x3f, 0xff,
    0xfe, 0x0, 0x0, 0x0, 0x0, 0xf, 0xff, 0xff,
    0xcf, 0xff, 0xff, 0x80, 0x0, 0x0, 0x0, 0x3,
    0xff, 0xff, 0xf3, 0xff, 0xff, 0xe0, 0x0, 0x0,
    0x0, 0x0, 0xff, 0xff, 0xfc, 0xff, 0xff, 0xf8,
    0x0, 0x0, 0x0, 0x0, 0x3f, 0xff, 0xff, 0x3f,
    0xff, 0xfe, 0x0, 0x0, 0x0, 0x0, 0xf, 0xff,
    0xff, 0xcf, 0xff, 0xff, 0x80, 0x0, 0x0, 0x0,
    0x3, 0xff, 0xff, 0xf3, 0xff, 0xff, 0xe0, 0x0,
    0x0, 0x0, 0x0, 0xff, 0xff, 0xfc, 0xff, 0xff,
    0xf8, 0x0, 0x0, 0x0, 0x0, 0x3f, 0xff, 0xff,
    0x3f, 0xff, 0xfe, 0x0, 0x0, 0x0, 0x0, 0xf,
    0xff, 0xff, 0xcf, 0xff, 0xff, 0x80, 0x0, 0x0,
    0x0, 0x3, 0xff, 0xff, 0xf3, 0xff, 0xff, 0xe0,
    0x0, 0x0, 0x0, 0x0, 0xff, 0xff, 0xfc, 0xff,
    0xff, 0xf8, 0x0, 0x0, 0x0, 0x0, 0x3f, 0xff,
    0xff, 0x3f, 0xff, 0xfe, 0x0, 0x0, 0x0, 0x0,
    0xf, 0xff, 0xff, 0xcf, 0xff, 0xff, 0x80, 0x0,
    0x0, 0x0, 0x3, 0xff, 0xff, 0xf3, 0xff, 0xff,
    0xe0, 0x0, 0x0, 0x0, 0x0, 0xff, 0xff, 0xfc,
    0xff, 0xff, 0xf8, 0x0, 0x0, 0x0, 0x0, 0x3f,
    0xff, 0xff, 0x3f, 0xff, 0xfe, 0x0, 0x0, 0x0,
    0x0, 0xf, 0xff, 0xff, 0xcf, 0xff, 0xff, 0x80,
    0x0, 0x0, 0x0, 0x3, 0xff, 0xff, 0xf3, 0xff,
    0xff, 0xe0, 0x0, 0x0, 0x0, 0x0, 0xff, 0xff,
    0xfc, 0xff, 0xff, 0xf8, 0x0, 0x0, 0x0, 0x0,
    0x3f, 0xff, 0xff, 0x3f, 0xff, 0xfe, 0x0, 0x0,
    0x0, 0x0, 0xf, 0xff, 0xff, 0xcf, 0xff, 0xff,
    0x80, 0x0, 0x0, 0x0, 0x3, 0xff, 0xff, 0xf3,
    0xff, 0xff, 0xe0, 0x0, 0x0, 0x0, 0x0, 0xff,
    0xff, 0xfc, 0xff, 0xff, 0xf8, 0x0, 0x0, 0x0,
    0x0, 0x3f, 0xff, 0xff, 0x3f, 0xff, 0xfe, 0x0,
    0x0, 0x0, 0x0, 0xf, 0xff, 0xff, 0xcf, 0xff,
    0xff, 0x80, 0x0, 0x0, 0x0, 0x3, 0xff, 0xff,
    0xf3, 0xff, 0xff, 0xe0, 0x0, 0x0, 0x0, 0x0,
    0xff, 0xff, 0xfc, 0xff, 0xff, 0xf8, 0x0, 0x0,
    0x0, 0x0, 0x3f, 0xff, 0xff, 0x3f, 0xff, 0xfe,
    0x0, 0x0, 0x0, 0x0, 0xf, 0xff, 0xff, 0xcf,
    0xff, 0xff, 0x80, 0x0, 0x0, 0x0, 0x3, 0xff,
    0xff, 0xf3, 0xff, 0xff, 0xe0, 0x0, 0x0, 0x0,
    0x0, 0xff, 0xff, 0xfc, 0xff, 0xff, 0xf8, 0x0,
    0x0, 0x0, 0x0, 0x3f, 0xff, 0xff, 0x3f, 0xff,
    0xfe, 0x0, 0x0, 0x0, 0x0, 0xf, 0xff, 0xff,
    0xcf, 0xff, 0xff, 0x80, 0x0, 0x0, 0x0, 0x3,
    0xff, 0xff, 0xf3, 0xff, 0xff, 0xe0, 0x0, 0x0,
    0x0, 0x0, 0xff, 0xff, 0xfc, 0xff, 0xff, 0xf8,
    0x0, 0x0, 0x0, 0x0, 0x3f, 0xff, 0xff, 0x3f,
    0xff, 0xfe, 0x0, 0x0, 0x0, 0x0, 0xf, 0xff,
    0xff, 0xcf, 0xff, 0xff, 0x80, 0x0, 0x0, 0x0,
    0x3, 0xff, 0xff, 0xf3, 0xff, 0xff, 0xe0, 0x0,
    0x0, 0x0, 0x0, 0xff, 0xff, 0xfc, 0xff, 0xff,
    0xfc, 0x0, 0x0, 0x0, 0x0, 0x3f, 0xff, 0xfe,
    0x3f, 0xff, 0xff, 0x0, 0x0, 0x0, 0x0, 0xf,
    0xff, 0xff, 0x8f, 0xff, 0xff, 0xc0, 0x0, 0x0,
    0x0, 0x7, 0xff, 0xff, 0xe2, 0xff, 0xff, 0xf0,
    0x0, 0x0, 0x0, 0x2, 0xff, 0xff, 0xf4, 0x7f,
    0xff, 0xfd, 0x0, 0x0, 0x0, 0x0, 0xff, 0xff,
    0xfc, 0xf, 0xff, 0xff, 0x80, 0x0, 0x0, 0x0,
    0x3f, 0xff, 0xff, 0x3, 0xff, 0xff, 0xf0, 0x0,
    0x0, 0x0, 0x1f, 0xff, 0xff, 0x80, 0xbf, 0xff,
    0xfe, 0x0, 0x0, 0x0, 0xf, 0xff, 0xff, 0xd0,
    0x1f, 0xff, 0xff, 0xc0, 0x0, 0x0, 0x7, 0xff,
    0xff, 0xf0, 0x3, 0xff, 0xff, 0xfc, 0x0, 0x0,
    0x3, 0xff, 0xff, 0xf8, 0x0, 0x7f, 0xff, 0xff,
    0xc0, 0x0, 0x3, 0xff, 0xff, 0xfc, 0x0, 0xf,
    0xff, 0xff, 0xfe, 0x40, 0x1b, 0xff, 0xff, 0xfe,
    0x0, 0x1, 0xff, 0xff, 0xff, 0xff, 0xff, 0xff,
    0xff, 0xff, 0x0, 0x0, 0x2f, 0xff, 0xff, 0xff,
    0xff, 0xff, 0xff, 0xff, 0x40, 0x0, 0x3, 0xff,
    0xff, 0xff, 0xff, 0xff, 0xff, 0xff, 0x80, 0x0,
    0x0, 0x3f, 0xff, 0xff, 0xff, 0xff, 0xff, 0xff,
    0xc0, 0x0, 0x0, 0x3, 0xff, 0xff, 0xff, 0xff,
    0xff, 0xff, 0x80, 0x0, 0x0, 0x0, 0x2f, 0xff,
    0xff, 0xff, 0xff, 0xff, 0x80, 0x0, 0x0, 0x0,
    0x1, 0xff, 0xff, 0xff, 0xff, 0xff, 0x0, 0x0,
    0x0, 0x0, 0x0, 0x6, 0xff, 0xff, 0xff, 0xf9,
    0x0, 0x0, 0x0, 0x0, 0x0, 0x0, 0x5, 0xaf,
    0xfa, 0x40, 0x0, 0x0, 0x0,

    /* U+0031 "1" */
    0x0, 0x0, 0x0, 0x0, 0xbf, 0xff, 0xc0, 0x0,
    0x0, 0x0, 0xbf, 0xff, 0xf0, 0x0, 0x0, 0x0,
    0xbf, 0xff, 0xfc, 0x0, 0x0, 0x0, 0xff, 0xff,
    0xff, 0x0, 0x0, 0x1, 0xff, 0xff, 0xff, 0xc0,
    0x0, 0x7, 0xff, 0xff, 0xff, 0xf0, 0x0, 0x2f,
    0xff, 0xff, 0xff, 0xfc, 0x1, 0xff, 0xff, 0xff,
    0xff, 0xff, 0x6f, 0xff, 0xff, 0xff, 0xff, 0xff,
    0xff, 0xff, 0xff, 0xff, 0xff, 0xff, 0xff, 0xff,
    0xff, 0xff, 0xff, 0xff, 0xff, 0xff, 0xff, 0xff,
    0xff, 0xff, 0xff, 0xff, 0xff, 0xff, 0xff, 0xff,
    0xff, 0xff, 0xff, 0xff, 0xff, 0xff, 0xff, 0xff,
    0xff, 0xff, 0xf9, 0xff, 0xff, 0xff, 0xff, 0xf9,
    0x0, 0x3f, 0xff, 0xff, 0xe9, 0x0, 0x0, 0xf,
    0xff, 0xff, 0xc0, 0x0, 0x0, 0x3, 0xff, 0xff,
    0xf0, 0x0, 0x0, 0x0, 0xff, 0xff, 0xfc, 0x0,
    0x0, 0x0, 0x3f, 0xff, 0xff, 0x0, 0x0, 0x0,
    0xf, 0xff, 0xff, 0xc0, 0x0, 0x0, 0x3, 0xff,
    0xff, 0xf0, 0x0, 0x0, 0x0, 0xff, 0xff, 0xfc,
    0x0, 0x0, 0x0, 0x3f, 0xff, 0xff, 0x0, 0x0,
    0x0, 0xf, 0xff, 0xff, 0xc0, 0x0, 0x0, 0x3,
    0xff, 0xff, 0xf0, 0x0, 0x0, 0x0, 0xff, 0xff,
    0xfc, 0x0, 0x0, 0x0, 0x3f, 0xff, 0xff, 0x0,
    0x0, 0x0, 0xf, 0xff, 0xff, 0xc0, 0x0, 0x0,
    0x3, 0xff, 0xff, 0xf0, 0x0, 0x0, 0x0, 0xff,
    0xff, 0xfc, 0x0, 0x0, 0x0, 0x3f, 0xff, 0xff,
    0x0, 0x0, 0x0, 0xf, 0xff, 0xff, 0xc0, 0x0,
    0x0, 0x3, 0xff, 0xff, 0xf0, 0x0, 0x0, 0x0,
    0xff, 0xff, 0xfc, 0x0, 0x0, 0x0, 0x3f, 0xff,
    0xff, 0x0, 0x0, 0x0, 0xf, 0xff, 0xff, 0xc0,
    0x0, 0x0, 0x3, 0xff, 0xff, 0xf0, 0x0, 0x0,
    0x0, 0xff, 0xff, 0xfc, 0x0, 0x0, 0x0, 0x3f,
    0xff, 0xff, 0x0, 0x0, 0x0, 0xf, 0xff, 0xff,
    0xc0, 0x0, 0x0, 0x3, 0xff, 0xff, 0xf0, 0x0,
    0x0, 0x0, 0xff, 0xff, 0xfc, 0x0, 0x0, 0x0,
    0x3f, 0xff, 0xff, 0x0, 0x0, 0x0, 0xf, 0xff,
    0xff, 0xc0, 0x0, 0x0, 0x3, 0xff, 0xff, 0xf0,
    0x0, 0x0, 0x0, 0xff, 0xff, 0xfc, 0x0, 0x0,
    0x0, 0x3f, 0xff, 0xff, 0x0, 0x0, 0x0, 0xf,
    0xff, 0xff, 0xc0, 0x0, 0x0, 0x3, 0xff, 0xff,
    0xf0, 0x0, 0x0, 0x0, 0xff, 0xff, 0xfc, 0x0,
    0x0, 0x0, 0x3f, 0xff, 0xff, 0x0, 0x0, 0x0,
    0xf, 0xff, 0xff, 0xc0, 0x0, 0x0, 0x3, 0xff,
    0xff, 0xf0, 0x0, 0x0, 0x0, 0xff, 0xff, 0xfc,
    0x0, 0x0, 0x0, 0x3f, 0xff, 0xff, 0x0, 0x0,
    0x0, 0xf, 0xff, 0xff, 0xc0, 0x0, 0x0, 0x3,
    0xff, 0xff, 0xf0, 0x0, 0x0, 0x0, 0xff, 0xff,
    0xfc, 0x0, 0x0, 0x0, 0x3f, 0xff, 0xff, 0x0,
    0x0, 0x0, 0xf, 0xff, 0xff, 0xc0, 0x0, 0x0,
    0x3, 0xff, 0xff, 0xf0, 0x0, 0x0, 0x0, 0xff,
    0xff, 0xfc, 0x0, 0x0, 0x0, 0x3f, 0xff, 0xff,
    0x0, 0x0, 0x0, 0xf, 0xff, 0xff, 0xc0, 0x0,
    0x0, 0x3, 0xff, 0xff, 0xf0, 0x0, 0x0, 0x0,
    0xff, 0xff, 0xfc, 0x0, 0x0, 0x0, 0x3f, 0xff,
    0xff, 0x0, 0x0, 0x0, 0xf, 0xff, 0xff, 0xc0,
    0x0, 0x0, 0x3, 0xff, 0xff, 0xf0, 0x0, 0x0,
    0x0, 0xff, 0xff, 0xfc, 0x0, 0x0, 0x0, 0x3f,
    0xff, 0xff, 0x0, 0x0, 0x0, 0xf, 0xff, 0xff,
    0xc0, 0x0, 0x0, 0x3, 0xff, 0xff, 0xf0, 0x0,
    0x0, 0x0, 0xff, 0xff, 0xfc, 0x0, 0x0, 0x0,
    0x3f, 0xff, 0xff, 0x0, 0x0, 0x0, 0xf, 0xff,
    0xff, 0xc0, 0x0, 0x0, 0x3, 0xff, 0xff, 0xf0,
    0x0, 0x0, 0x0, 0xff, 0xff, 0xfc, 0x0, 0x0,
    0x0, 0x3f, 0xff, 0xff, 0x0, 0x0, 0x0, 0xf,
    0xff, 0xff, 0xc0, 0x0, 0x0, 0x2, 0xaa, 0xaa,
    0x90,

    /* U+0032 "2" */
    0x0, 0x0, 0x0, 0x0, 0x15, 0x55, 0x40, 0x0,
    0x0, 0x0, 0x0, 0x0, 0x0, 0xb, 0xff, 0xff,
    0xff, 0x90, 0x0, 0x0, 0x0, 0x0, 0x0, 0x7f,
    0xff, 0xff, 0xff, 0xff, 0x80, 0x0, 0x0, 0x0,
    0x0, 0xbf, 0xff, 0xff, 0xff, 0xff, 0xfd, 0x0,
    0x0, 0x0, 0x0, 0xff, 0xff, 0xff, 0xff, 0xff,
    0xff, 0xe0, 0x0, 0x0, 0x1, 0xff, 0xff, 0xff,
    0xff, 0xff, 0xff, 0xff, 0x0, 0x0, 0x0, 0xff,
    0xff, 0xff, 0xff, 0xff, 0xff, 0xff, 0xe0, 0x0,
    0x0, 0xff, 0xff, 0xff, 0xff, 0xff, 0xff, 0xff,
    0xfd, 0x0, 0x0, 0xbf, 0xff, 0xff, 0xff, 0xff,
    0xff, 0xff, 0xff, 0xc0, 0x0, 0x3f, 0xff, 0xff,
    0xfe, 0x95, 0xbf, 0xff, 0xff, 0xf8, 0x0, 0x2f,
    0xff, 0xff, 0xf8, 0x0, 0x1, 0xff, 0xff, 0xff,
    0x0, 0xf, 0xff, 0xff, 0xf4, 0x0, 0x0, 0xf,
    0xff, 0xff, 0xe0, 0x7, 0xff, 0xff, 0xf8, 0x0,
    0x0, 0x1, 0xff, 0xff, 0xfc, 0x2, 0xff, 0xff,
    0xfc, 0x0, 0x0, 0x0, 0x3f, 0xff, 0xff, 0x0,
    0xff, 0xff, 0xfd, 0x0, 0x0, 0x0, 0xb, 0xff,
    0xff, 0xd0, 0x3f, 0xff, 0xff, 0x0, 0x0, 0x0,
    0x1, 0xff, 0xff, 0xf8, 0x1f, 0xff, 0xff, 0x80,
    0x0, 0x0, 0x0, 0x3f, 0xff, 0xff, 0xb, 0xff,
    0xff, 0xd0, 0x0, 0x0, 0x0, 0xf, 0xff, 0xff,
    0xc2, 0xff, 0xff, 0xf0, 0x0, 0x0, 0x0, 0x2,
    0xff, 0xff, 0xf0, 0xff, 0xff, 0xfc, 0x0, 0x0,
    0x0, 0x0, 0xbf, 0xff, 0xfc, 0x3f, 0xff, 0xff,
    0x0, 0x0, 0x0, 0x0, 0x2f, 0xff, 0xff, 0xf,
    0xff, 0xff, 0xc0, 0x0, 0x0, 0x0, 0xb, 0xff,
    0xff, 0xc3, 0xff, 0xff, 0xf0, 0x0, 0x0, 0x0,
    0x2, 0xff, 0xff, 0xf0, 0xff, 0xff, 0xf8, 0x0,
    0x0, 0x0, 0x0, 0xbf, 0xff, 0xfc, 0x3f, 0xff,
    0xfe, 0x0, 0x0, 0x0, 0x0, 0x3f, 0xff, 0xff,
    0xf, 0xff, 0xff, 0x80, 0x0, 0x0, 0x0, 0xf,
    0xff, 0xff, 0xc3, 0xff, 0xff, 0xe0, 0x0, 0x0,
    0x0, 0x3, 0xff, 0xff, 0xf0, 0x0, 0x0, 0x0,
    0x0, 0x0, 0x0, 0x1, 0xff, 0xff, 0xf8, 0x0,
    0x0, 0x0, 0x0, 0x0, 0x0, 0x0, 0xbf, 0xff,
    0xfe, 0x0, 0x0, 0x0, 0x0, 0x0, 0x0, 0x0,
    0x3f, 0xff, 0xff, 0x40, 0x0, 0x0, 0x0, 0x0,
    0x0, 0x0, 0xf, 0xff, 0xff, 0xc0, 0x0, 0x0,
    0x0, 0x0, 0x0, 0x0, 0xb, 0xff, 0xff, 0xe0,
    0x0, 0x0, 0x0, 0x0, 0x0, 0x0, 0x3, 0xff,
    0xff, 0xf4, 0x0, 0x0, 0x0, 0x0, 0x0, 0x0,
    0x2, 0xff, 0xff, 0xfc, 0x0, 0x0, 0x0, 0x0,
    0x0, 0x0, 0x0, 0xff, 0xff, 0xfe, 0x0, 0x0,
    0x0, 0x0, 0x0, 0x0, 0x0, 0xbf, 0xff, 0xff,
    0x0, 0x0, 0x0, 0x0, 0x0, 0x0, 0x0, 0x7f,
    0xff, 0xff, 0x80, 0x0, 0x0, 0x0, 0x0, 0x0,
    0x0, 0x3f, 0xff, 0xff, 0xc0, 0x0, 0x0, 0x0,
    0x0, 0x0, 0x0, 0x2f, 0xff, 0xff, 0xe0, 0x0,
    0x0, 0x0, 0x0, 0x0, 0x0, 0xf, 0xff, 0xff,
    0xf0, 0x0, 0x0, 0x0, 0x0, 0x0, 0x0, 0xf,
    0xff, 0xff, 0xf4, 0x0, 0x0, 0x0, 0x0, 0x0,
    0x0, 0x7, 0xff, 0xff, 0xf8, 0x0, 0x0, 0x0,
    0x0, 0x0, 0x0, 0x3, 0xff, 0xff, 0xfc, 0x0,
    0x0, 0x0, 0x0, 0x0, 0x0, 0x2, 0xff, 0xff,
    0xfd, 0x0, 0x0, 0x0, 0x0, 0x0, 0x0, 0x1,
    0xff, 0xff, 0xff, 0x0, 0x0, 0x0, 0x0, 0x0,
    0x0, 0x0, 0xff, 0xff, 0xff, 0x0, 0x0, 0x0,
    0x0, 0x0, 0x0, 0x0, 0xbf, 0xff, 0xff, 0x40,
    0x0, 0x0, 0x0, 0x0, 0x0, 0x0, 0x3f, 0xff,
    0xff, 0xc0, 0x0, 0x0, 0x0, 0x0, 0x0, 0x0,
    0x3f, 0xff, 0xff, 0xc0, 0x0, 0x0, 0x0, 0x0,
    0x0, 0x0, 0x1f, 0xff, 0xff, 0xe0, 0x0, 0x0,
    0x0, 0x0, 0x0, 0x0, 0xf, 0xff, 0xff, 0xf0,
    0x0, 0x0, 0x0, 0x0, 0x0, 0x0, 0xb, 0xff,
    0xff, 0xf4, 0x0, 0x0, 0x0, 0x0, 0x0, 0x0,
    0x7, 0xff, 0xff, 0xf8, 0x0, 0x0, 0x0, 0x0,
    0x0, 0x0, 0x3, 0xff, 0xff, 0xfc, 0x0, 0x0,
    0x0, 0x0, 0x0, 0x0, 0x2, 0xff, 0xff, 0xfd,
    0x0, 0x0, 0x0, 0x0, 0x0, 0x0, 0x1, 0xff,
    0xff, 0xfe, 0x0, 0x0, 0x0, 0x0, 0x0, 0x0,
    0x0, 0xff, 0xff, 0xff, 0x0, 0x0, 0x0, 0x0,
    0x0, 0x0, 0x0, 0xbf, 0xff, 0xff, 0x40, 0x0,
    0x0, 0x0, 0x0, 0x0, 0x0, 0x3f, 0xff, 0xff,
    0x80, 0x0, 0x0, 0x0, 0x0, 0x0, 0x0, 0x3f,
    0xff, 0xff, 0xc0, 0x0, 0x0, 0x0, 0x0, 0x0,
    0x0, 0x1f, 0xff, 0xff, 0xd0, 0x0, 0x0, 0x0,
    0x0, 0x0, 0x0, 0xf, 0xff, 0xff, 0xf0, 0x0,
    0x0, 0x0, 0x0, 0x0, 0x0, 0xb, 0xff, 0xff,
    0xf0, 0x0, 0x0, 0x0, 0x0, 0x0, 0x0, 0x7,
    0xff, 0xff, 0xf4, 0x0, 0x0, 0x0, 0x0, 0x0,
    0x0, 0x3, 0xff, 0xff, 0xfc, 0x0, 0x0, 0x0,
    0x0, 0x0, 0x0, 0x2, 0xff, 0xff, 0xfc, 0x0,
    0x0, 0x0, 0x0, 0x0, 0x0, 0x1, 0xff, 0xff,
    0xfe, 0x0, 0x0, 0x0, 0x0, 0x0, 0x0, 0x0,
    0xff, 0xff, 0xff, 0x0, 0x0, 0x0, 0x0, 0x0,
    0x0, 0x0, 0xbf, 0xff, 0xff, 0x0, 0x0, 0x0,
    0x0, 0x0, 0x0, 0x0, 0x3f, 0xff, 0xff, 0x80,
    0x0, 0x0, 0x0, 0x0, 0x0, 0x0, 0x3f, 0xff,
    0xff, 0xc0, 0x0, 0x0, 0x0, 0x0, 0x0, 0x0,
    0x1f, 0xff, 0xff, 0xd0, 0x0, 0x0, 0x0, 0x0,
    0x0, 0x0, 0xf, 0xff, 0xff, 0xe0, 0x0, 0x0,
    0x0, 0x0, 0x0, 0x0, 0xb, 0xff, 0xff, 0xf0,
    0x0, 0x0, 0x0, 0x0, 0x0, 0x0, 0x7, 0xff,
    0xff, 0xff, 0xff, 0xff, 0xff, 0xff, 0xff, 0xff,
    0x43, 0xff, 0xff, 0xff, 0xff, 0xff, 0xff, 0xff,
    0xff, 0xff, 0xd0, 0xff, 0xff, 0xff, 0xff, 0xff,
    0xff, 0xff, 0xff, 0xff, 0xf4, 0x3f, 0xff, 0xff,
    0xff, 0xff, 0xff, 0xff, 0xff, 0xff, 0xfd, 0xf,
    0xff, 0xff, 0xff, 0xff, 0xff, 0xff, 0xff, 0xff,
    0xff, 0x43, 0xff, 0xff, 0xff, 0xff, 0xff, 0xff,
    0xff, 0xff, 0xff, 0xd0, 0xff, 0xff, 0xff, 0xff,
    0xff, 0xff, 0xff, 0xff, 0xff, 0xf4, 0x3f, 0xff,
    0xff, 0xff, 0xff, 0xff, 0xff, 0xff, 0xff, 0xfd,
    0xf, 0xff, 0xff, 0xff, 0xff, 0xff, 0xff, 0xff,
    0xff, 0xff, 0x40,

    /* U+0033 "3" */
    0x0, 0x0, 0x0, 0x0, 0x55, 0x55, 0x0, 0x0,
    0x0, 0x0, 0x0, 0x0, 0x0, 0xbf, 0xff, 0xff,
    0xf9, 0x0, 0x0, 0x0, 0x0, 0x0, 0x1f, 0xff,
    0xff, 0xff, 0xff, 0xe0, 0x0, 0x0, 0x0, 0x0,
    0xff, 0xff, 0xff, 0xff, 0xff, 0xfe, 0x0, 0x0,
    0x0, 0x7, 0xff, 0xff, 0xff, 0xff, 0xff, 0xff,
    0xc0, 0x0, 0x0, 0x1f, 0xff, 0xff, 0xff, 0xff,
    0xff, 0xff, 0xf4, 0x0, 0x0, 0x7f, 0xff, 0xff,
    0xff, 0xff, 0xff, 0xff, 0xfc, 0x0, 0x0, 0xff,
    0xff, 0xff, 0xff, 0xff, 0xff, 0xff, 0xff, 0x0,
    0x3, 0xff, 0xff, 0xff, 0xff, 0xff, 0xff, 0xff,
    0xff, 0x80, 0x7, 0xff, 0xff, 0xff, 0x95, 0x5b,
    0xff, 0xff, 0xff, 0xc0, 0xf, 0xff, 0xff, 0xf8,
    0x0, 0x0, 0x2f, 0xff, 0xff, 0xe0, 0x1f, 0xff,
    0xff, 0xe0, 0x0, 0x0, 0xb, 0xff, 0xff, 0xf0,
    0x2f, 0xff, 0xff, 0xc0, 0x0, 0x0, 0x3, 0xff,
    0xff, 0xf4, 0x3f, 0xff, 0xff, 0x40, 0x0, 0x0,
    0x1, 0xff, 0xff, 0xfc, 0x7f, 0xff, 0xff, 0x0,
    0x0, 0x0, 0x0, 0xff, 0xff, 0xfc, 0xbf, 0xff,
    0xfe, 0x0, 0x0, 0x0, 0x0, 0xbf, 0xff, 0xfd,
    0xbf, 0xff, 0xfd, 0x0, 0x0, 0x0, 0x0, 0x7f,
    0xff, 0xfd, 0xff, 0xff, 0xfc, 0x0, 0x0, 0x0,
    0x0, 0x3f, 0xff, 0xfe, 0xff, 0xff, 0xfc, 0x0,
    0x0, 0x0, 0x0, 0x3f, 0xff, 0xfe, 0xff, 0xff,
    0xfc, 0x0, 0x0, 0x0, 0x0, 0x3f, 0xff, 0xfe,
    0xff, 0xff, 0xf8, 0x0, 0x0, 0x0, 0x0, 0x3f,
    0xff, 0xff, 0xff, 0xff, 0xf8, 0x0, 0x0, 0x0,
    0x0, 0x3f, 0xff, 0xff, 0xff, 0xff, 0xf8, 0x0,
    0x0, 0x0, 0x0, 0x3f, 0xff, 0xff, 0xff, 0xff,
    0xf8, 0x0, 0x0, 0x0, 0x0, 0x3f, 0xff, 0xfe,
    0x0, 0x0, 0x0, 0x0, 0x0, 0x0, 0x0, 0x3f,
    0xff, 0xfe, 0x0, 0x0, 0x0, 0x0, 0x0, 0x0,
    0x0, 0x3f, 0xff, 0xfe, 0x0, 0x0, 0x0, 0x0,
    0x0, 0x0, 0x0, 0x7f, 0xff, 0xfd, 0x0, 0x0,
    0x0, 0x0, 0x0, 0x0, 0x0, 0xbf, 0xff, 0xfc,
    0x0, 0x0, 0x0, 0x0, 0x0, 0x0, 0x0, 0xff,
    0xff, 0xfc, 0x0, 0x0, 0x0, 0x0, 0x0, 0x0,
    0x1, 0xff, 0xff, 0xf8, 0x0, 0x0, 0x0, 0x0,
    0x0, 0x0, 0x3, 0xff, 0xff, 0xf0, 0x0, 0x0,
    0x0, 0x0, 0x0, 0x0, 0xf, 0xff, 0xff, 0xe0,
    0x0, 0x0, 0x0, 0x0, 0x0, 0x0, 0x7f, 0xff,
    0xff, 0xc0, 0x0, 0x0, 0x0, 0x0, 0x0, 0x5b,
    0xff, 0xff, 0xff, 0x40, 0x0, 0x0, 0x0, 0x0,
    0x3f, 0xff, 0xff, 0xff, 0xfe, 0x0, 0x0, 0x0,
    0x0, 0x0, 0x3f, 0xff, 0xff, 0xff, 0xf8, 0x0,
    0x0, 0x0, 0x0, 0x0, 0x3f, 0xff, 0xff, 0xff,
    0xe0, 0x0, 0x0, 0x0, 0x0, 0x0, 0x3f, 0xff,
    0xff, 0xff, 0x40, 0x0, 0x0, 0x0, 0x0, 0x0,
    0x3f, 0xff, 0xff, 0xf4, 0x0, 0x0, 0x0, 0x0,
    0x0, 0x0, 0x3f, 0xff, 0xff, 0xc0, 0x0, 0x0,
    0x0, 0x0, 0x0, 0x0, 0x3f, 0xff, 0xff, 0xf8,
    0x0, 0x0, 0x0, 0x0, 0x0, 0x0, 0x3f, 0xff,
    0xff, 0xff, 0x80, 0x0, 0x0, 0x0, 0x0, 0x0,
    0x3f, 0xff, 0xff, 0xff, 0xe0, 0x0, 0x0, 0x0,
    0x0, 0x0, 0x3f, 0xff, 0xff, 0xff, 0xf8, 0x0,
    0x0, 0x0, 0x0, 0x0, 0x3f, 0xff, 0xff, 0xff,
    0xfe, 0x0, 0x0, 0x0, 0x0, 0x0, 0x0, 0x1b,
    0xff, 0xff, 0xff, 0x0, 0x0, 0x0, 0x0, 0x0,
    0x0, 0x0, 0xbf, 0xff, 0xff, 0xc0, 0x0, 0x0,
    0x0, 0x0, 0x0, 0x0, 0x1f, 0xff, 0xff, 0xd0,
    0x0, 0x0, 0x0, 0x0, 0x0, 0x0, 0xb, 0xff,
    0xff, 0xf0, 0x0, 0x0, 0x0, 0x0, 0x0, 0x0,
    0x3, 0xff, 0xff, 0xf0, 0x0, 0x0, 0x0, 0x0,
    0x0, 0x0, 0x2, 0xff, 0xff, 0xf8, 0x0, 0x0,
    0x0, 0x0, 0x0, 0x0, 0x0, 0xff, 0xff, 0xfc,
    0x0, 0x0, 0x0, 0x0, 0x0, 0x0, 0x0, 0xff,
    0xff, 0xfc, 0x0, 0x0, 0x0, 0x0, 0x0, 0x0,
    0x0, 0xbf, 0xff, 0xfd, 0x0, 0x0, 0x0, 0x0,
    0x0, 0x0, 0x0, 0x7f, 0xff, 0xfd, 0x0, 0x0,
    0x0, 0x0, 0x0, 0x0, 0x0, 0x3f, 0xff, 0xfe,
    0x0, 0x0, 0x0, 0x0, 0x0, 0x0, 0x0, 0x3f,
    0xff, 0xfe, 0x0, 0x0, 0x0, 0x0, 0x0, 0x0,
    0x0, 0x3f, 0xff, 0xfe, 0x0, 0x0, 0x0, 0x0,
    0x0, 0x0, 0x0, 0x3f, 0xff, 0xff, 0x0, 0x0,
    0x0, 0x0, 0x0, 0x0, 0x0, 0x3f, 0xff, 0xff,
    0xff, 0xff, 0xf4, 0x0, 0x0, 0x0, 0x0, 0x3f,
    0xff, 0xff, 0xff, 0xff, 0xf8, 0x0, 0x0, 0x0,
    0x0, 0x3f, 0xff, 0xff, 0xff, 0xff, 0xf8, 0x0,
    0x0, 0x0, 0x0, 0x3f, 0xff, 0xfe, 0xff, 0xff,
    0xf8, 0x0, 0x0, 0x0, 0x0, 0x3f, 0xff, 0xfe,
    0xff, 0xff, 0xfc, 0x0, 0x0, 0x0, 0x0, 0x3f,
    0xff, 0xfe, 0xff, 0xff, 0xfc, 0x0, 0x0, 0x0,
    0x0, 0x3f, 0xff, 0xfd, 0xff, 0xff, 0xfc, 0x0,
    0x0, 0x0, 0x0, 0x7f, 0xff, 0xfd, 0xbf, 0xff,
    0xfc, 0x0, 0x0, 0x0, 0x0, 0xbf, 0xff, 0xfc,
    0xbf, 0xff, 0xfd, 0x0, 0x0, 0x0, 0x0, 0xff,
    0xff, 0xfc, 0x7f, 0xff, 0xfe, 0x0, 0x0, 0x0,
    0x0, 0xff, 0xff, 0xf8, 0x3f, 0xff, 0xff, 0x0,
    0x0, 0x0, 0x1, 0xff, 0xff, 0xf4, 0x3f, 0xff,
    0xff, 0x80, 0x0, 0x0, 0x3, 0xff, 0xff, 0xf0,
    0x1f, 0xff, 0xff, 0xd0, 0x0, 0x0, 0xb, 0xff,
    0xff, 0xf0, 0xf, 0xff, 0xff, 0xf4, 0x0, 0x0,
    0x2f, 0xff, 0xff, 0xd0, 0xb, 0xff, 0xff, 0xff,
    0x40, 0x6, 0xff, 0xff, 0xff, 0xc0, 0x3, 0xff,
    0xff, 0xff, 0xff, 0xff, 0xff, 0xff, 0xff, 0x40,
    0x1, 0xff, 0xff, 0xff, 0xff, 0xff, 0xff, 0xff,
    0xff, 0x0, 0x0, 0xbf, 0xff, 0xff, 0xff, 0xff,
    0xff, 0xff, 0xfc, 0x0, 0x0, 0x3f, 0xff, 0xff,
    0xff, 0xff, 0xff, 0xff, 0xf4, 0x0, 0x0, 0xf,
    0xff, 0xff, 0xff, 0xff, 0xff, 0xff, 0xd0, 0x0,
    0x0, 0x2, 0xff, 0xff, 0xff, 0xff, 0xff, 0xff,
    0x0, 0x0, 0x0, 0x0, 0x7f, 0xff, 0xff, 0xff,
    0xff, 0xf8, 0x0, 0x0, 0x0, 0x0, 0x6, 0xff,
    0xff, 0xff, 0xff, 0x40, 0x0, 0x0, 0x0, 0x0,
    0x0, 0x16, 0xff, 0xfe, 0x90, 0x0, 0x0, 0x0,

    /* U+0034 "4" */
    0x0, 0x0, 0x0, 0x0, 0x0, 0x3f, 0xff, 0xff,
    0xe0, 0x0, 0x0, 0x0, 0x0, 0x0, 0x0, 0x2,
    0xff, 0xff, 0xff, 0x80, 0x0, 0x0, 0x0, 0x0,
    0x0, 0x0, 0xf, 0xff, 0xff, 0xfe, 0x0, 0x0,
    0x0, 0x0, 0x0, 0x0, 0x0, 0x7f, 0xff, 0xff,
    0xf8, 0x0, 0x0, 0x0, 0x0, 0x0, 0x0, 0x3,
    0xff, 0xff, 0xff, 0xe0, 0x0, 0x0, 0x0, 0x0,
    0x0, 0x0, 0x1f, 0xff, 0xff, 0xff, 0x80, 0x0,
    0x0, 0x0, 0x0, 0x0, 0x0, 0xbf, 0xff, 0xff,
    0xfe, 0x0, 0x0, 0x0, 0x0, 0x0, 0x0, 0x3,
    0xff, 0xff, 0xff, 0xf8, 0x0, 0x0, 0x0, 0x0,
    0x0, 0x0, 0x2f, 0xff, 0xff, 0xff, 0xe0, 0x0,
    0x0, 0x0, 0x0, 0x0, 0x0, 0xff, 0xff, 0xff,
    0xff, 0x80, 0x0, 0x0, 0x0, 0x0, 0x0, 0x7,
    0xff, 0xff, 0xff, 0xfe, 0x0, 0x0, 0x0, 0x0,
    0x0, 0x0, 0x3f, 0xff, 0xff, 0xff, 0xf8, 0x0,
    0x0, 0x0, 0x0, 0x0, 0x1, 0xff, 0xff, 0xff,
    0xff, 0xe0, 0x0, 0x0, 0x0, 0x0, 0x0, 0xf,
    0xff, 0xff, 0xff, 0xff, 0x80, 0x0, 0x0, 0x0,
    0x0, 0x0, 0x3f, 0xff, 0xef, 0xff, 0xfe, 0x0,
    0x0, 0x0, 0x0, 0x0, 0x2, 0xff, 0xfe, 0xbf,
    0xff, 0xf8, 0x0, 0x0, 0x0, 0x0, 0x0, 0xf,
    0xff, 0xf6, 0xff, 0xff, 0xe0, 0x0, 0x0, 0x0,
    0x0, 0x0, 0xbf, 0xff, 0xcb, 0xff, 0xff, 0x80,
    0x0, 0x0, 0x0, 0x0, 0x3, 0xff, 0xfe, 0x2f,
    0xff, 0xfe, 0x0, 0x0, 0x0, 0x0, 0x0, 0x1f,
    0xff, 0xf0, 0xbf, 0xff, 0xf8, 0x0, 0x0, 0x0,
    0x0, 0x0, 0xff, 0xff, 0xc2, 0xff, 0xff, 0xe0,
    0x0, 0x0, 0x0, 0x0, 0x7, 0xff, 0xfd, 0xb,
    0xff, 0xff, 0x80, 0x0, 0x0, 0x0, 0x0, 0x2f,
    0xff, 0xf0, 0x2f, 0xff, 0xfe, 0x0, 0x0, 0x0,
    0x0, 0x0, 0xff, 0xff, 0xc0, 0xbf, 0xff, 0xf8,
    0x0, 0x0, 0x0, 0x0, 0xb, 0xff, 0xfd, 0x2,
    0xff, 0xff, 0xe0, 0x0, 0x0, 0x0, 0x0, 0x3f,
    0xff, 0xf0, 0xb, 0xff, 0xff, 0x80, 0x0, 0x0,
    0x0, 0x1, 0xff, 0xff, 0x80, 0x2f, 0xff, 0xfe,
    0x0, 0x0, 0x0, 0x0, 0xf, 0xff, 0xfd, 0x0,
    0xbf, 0xff, 0xf8, 0x0, 0x0, 0x0, 0x0, 0x7f,
    0xff, 0xf0, 0x2, 0xff, 0xff, 0xe0, 0x0, 0x0,
    0x0, 0x3, 0xff, 0xff, 0x80, 0xb, 0xff, 0xff,
    0x80, 0x0, 0x0, 0x0, 0xf, 0xff, 0xfd, 0x0,
    0x2f, 0xff, 0xfe, 0x0, 0x0, 0x0, 0x0, 0xbf,
    0xff, 0xf0, 0x0, 0xbf, 0xff, 0xf8, 0x0, 0x0,
    0x0, 0x3, 0xff, 0xff, 0x80, 0x2, 0xff, 0xff,
    0xe0, 0x0, 0x0, 0x0, 0x2f, 0xff, 0xfc, 0x0,
    0xb, 0xff, 0xff, 0x80, 0x0, 0x0, 0x0, 0xff,
    0xff, 0xf0, 0x0, 0x2f, 0xff, 0xfe, 0x0, 0x0,
    0x0, 0x7, 0xff, 0xff, 0x40, 0x0, 0xbf, 0xff,
    0xf8, 0x0, 0x0, 0x0, 0x3f, 0xff, 0xfc, 0x0,
    0x2, 0xff, 0xff, 0xe0, 0x0, 0x0, 0x1, 0xff,
    0xff, 0xf0, 0x0, 0xb, 0xff, 0xff, 0x80, 0x0,
    0x0, 0xb, 0xff, 0xff, 0x40, 0x0, 0x2f, 0xff,
    0xfe, 0x0, 0x0, 0x0, 0x3f, 0xff, 0xfc, 0x0,
    0x0, 0xbf, 0xff, 0xf8, 0x0, 0x0, 0x2, 0xff,
    0xff, 0xe0, 0x0, 0x2, 0xff, 0xff, 0xe0, 0x0,
    0x0, 0xf, 0xff, 0xff, 0x40, 0x0, 0xb, 0xff,
    0xff, 0x80, 0x0, 0x0, 0x7f, 0xff, 0xfc, 0x0,
    0x0, 0x2f, 0xff, 0xfe, 0x0, 0x0, 0x3, 0xff,
    0xff, 0xe0, 0x0, 0x0, 0xbf, 0xff, 0xf8, 0x0,
    0x0, 0x1f, 0xff, 0xff, 0x40, 0x0, 0x2, 0xff,
    0xff, 0xe0, 0x0, 0x0, 0xff, 0xff, 0xfc, 0x0,
    0x0, 0xb, 0xff, 0xff, 0x80, 0x0, 0x3, 0xff,
    0xff, 0xe0, 0x0, 0x0, 0x2f, 0xff, 0xfe, 0x0,
    0x0, 0x2f, 0xff, 0xff, 0x0, 0x0, 0x0, 0xbf,
    0xff, 0xf8, 0x0, 0x0, 0xff, 0xff, 0xfc, 0x0,
    0x0, 0x2, 0xff, 0xff, 0xe0, 0x0, 0x3, 0xff,
    0xff, 0xd0, 0x0, 0x0, 0xb, 0xff, 0xff, 0x80,
    0x0, 0xf, 0xff, 0xff, 0xff, 0xff, 0xff, 0xff,
    0xff, 0xff, 0xff, 0xff, 0xff, 0xff, 0xff, 0xff,
    0xff, 0xff, 0xff, 0xff, 0xff, 0xff, 0xff, 0xff,
    0xff, 0xff, 0xff, 0xff, 0xff, 0xff, 0xff, 0xff,
    0xff, 0xff, 0xff, 0xff, 0xff, 0xff, 0xff, 0xff,
    0xff, 0xff, 0xff, 0xff, 0xff, 0xff, 0xff, 0xff,
    0xff, 0xff, 0xff, 0xff, 0xff, 0xff, 0xff, 0xff,
    0xff, 0xff, 0xff, 0xff, 0xff, 0xff, 0xff, 0xff,
    0xff, 0xff, 0xff, 0xff, 0xff, 0xff, 0xff, 0xff,
    0xff, 0xff, 0xff, 0xff, 0xff, 0xff, 0xff, 0xff,
    0xff, 0xff, 0xff, 0xff, 0xff, 0xff, 0xff, 0xff,
    0xff, 0xff, 0xff, 0xff, 0xff, 0xff, 0xff, 0xff,
    0xff, 0xff, 0xea, 0xaa, 0xaa, 0xaa, 0xaa, 0xaa,
    0xff, 0xff, 0xfe, 0xaa, 0xa9, 0x0, 0x0, 0x0,
    0x0, 0x0, 0x2, 0xff, 0xff, 0xe0, 0x0, 0x0,
    0x0, 0x0, 0x0, 0x0, 0x0, 0xb, 0xff, 0xff,
    0x80, 0x0, 0x0, 0x0, 0x0, 0x0, 0x0, 0x0,
    0x2f, 0xff, 0xfe, 0x0, 0x0, 0x0, 0x0, 0x0,
    0x0, 0x0, 0x0, 0xbf, 0xff, 0xf8, 0x0, 0x0,
    0x0, 0x0, 0x0, 0x0, 0x0, 0x2, 0xff, 0xff,
    0xe0, 0x0, 0x0, 0x0, 0x0, 0x0, 0x0, 0x0,
    0xb, 0xff, 0xff, 0x80, 0x0, 0x0, 0x0, 0x0,
    0x0, 0x0, 0x0, 0x2f, 0xff, 0xfe, 0x0, 0x0,
    0x0, 0x0, 0x0, 0x0, 0x0, 0x0, 0xbf, 0xff,
    0xf8, 0x0, 0x0, 0x0, 0x0, 0x0, 0x0, 0x0,
    0x2, 0xff, 0xff, 0xe0, 0x0, 0x0, 0x0, 0x0,
    0x0, 0x0, 0x0, 0xb, 0xff, 0xff, 0x80, 0x0,
    0x0, 0x0, 0x0, 0x0, 0x0, 0x0, 0x2f, 0xff,
    0xfe, 0x0, 0x0, 0x0, 0x0, 0x0, 0x0, 0x0,
    0x0, 0xbf, 0xff, 0xf8, 0x0, 0x0, 0x0, 0x0,
    0x0, 0x0, 0x0, 0x2, 0xff, 0xff, 0xe0, 0x0,
    0x0, 0x0, 0x0, 0x0, 0x0, 0x0, 0xb, 0xff,
    0xff, 0x80, 0x0, 0x0, 0x0, 0x0, 0x0, 0x0,
    0x0, 0x2f, 0xff, 0xfe, 0x0, 0x0, 0x0, 0x0,
    0x0, 0x0, 0x0, 0x0, 0xbf, 0xff, 0xf8, 0x0,
    0x0, 0x0, 0x0, 0x0, 0x0, 0x0, 0x2, 0xff,
    0xff, 0xe0, 0x0, 0x0, 0x0, 0x0, 0x0, 0x0,
    0x0, 0xb, 0xff, 0xff, 0x80, 0x0, 0x0, 0x0,
    0x0, 0x0, 0x0, 0x0, 0x2f, 0xff, 0xfe, 0x0,
    0x0, 0x0, 0x0, 0x0, 0x0, 0x0, 0x0, 0xbf,
    0xff, 0xf8, 0x0, 0x0, 0x0, 0x0, 0x0, 0x0,
    0x0, 0x2, 0xff, 0xff, 0xe0, 0x0, 0x0, 0x0,
    0x0, 0x0, 0x0, 0x0, 0x6, 0xaa, 0xaa, 0x40,
    0x0, 0x0,

    /* U+0035 "5" */
    0xb, 0xff, 0xff, 0xff, 0xff, 0xff, 0xff, 0xff,
    0xff, 0xd0, 0x2, 0xff, 0xff, 0xff, 0xff, 0xff,
    0xff, 0xff, 0xff, 0xf4, 0x0, 0xbf, 0xff, 0xff,
    0xff, 0xff, 0xff, 0xff, 0xff, 0xfd, 0x0, 0x2f,
    0xff, 0xff, 0xff, 0xff, 0xff, 0xff, 0xff, 0xff,
    0x40, 0xb, 0xff, 0xff, 0xff, 0xff, 0xff, 0xff,
    0xff, 0xff, 0xd0, 0x2, 0xff, 0xff, 0xff, 0xff,
    0xff, 0xff, 0xff, 0xff, 0xf4, 0x0, 0xbf, 0xff,
    0xff, 0xff, 0xff, 0xff, 0xff, 0xff, 0xfd, 0x0,
    0x2f, 0xff, 0xff, 0xff, 0xff, 0xff, 0xff, 0xff,
    0xff, 0x40, 0xb, 0xff, 0xff, 0xff, 0xff, 0xff,
    0xff, 0xff, 0xff, 0xd0, 0x2, 0xff, 0xff, 0xff,
    0xff, 0xff, 0xff, 0xff, 0xff, 0xf4, 0x0, 0xbf,
    0xff, 0xff, 0xff, 0xff, 0xff, 0xff, 0xff, 0xfd,
    0x0, 0x2f, 0xff, 0xfc, 0x0, 0x0, 0x0, 0x0,
    0x0, 0x0, 0x0, 0xb, 0xff, 0xff, 0x0, 0x0,
    0x0, 0x0, 0x0, 0x0, 0x0, 0x2, 0xff, 0xff,
    0xc0, 0x0, 0x0, 0x0, 0x0, 0x0, 0x0, 0x0,
    0xbf, 0xff, 0xf0, 0x0, 0x0, 0x0, 0x0, 0x0,
    0x0, 0x0, 0x2f, 0xff, 0xfc, 0x0, 0x0, 0x0,
    0x0, 0x0, 0x0, 0x0, 0xb, 0xff, 0xff, 0x0,
    0x0, 0x0, 0x0, 0x0, 0x0, 0x0, 0x2, 0xff,
    0xff, 0xc0, 0x0, 0x0, 0x0, 0x0, 0x0, 0x0,
    0x0, 0xbf, 0xff, 0xf0, 0x0, 0x0, 0x0, 0x0,
    0x0, 0x0, 0x0, 0x2f, 0xff, 0xfc, 0x0, 0x0,
    0x0, 0x0, 0x0, 0x0, 0x0, 0xb, 0xff, 0xff,
    0x0, 0x0, 0x0, 0x0, 0x0, 0x0, 0x0, 0x2,
    0xff, 0xff, 0xc0, 0x0, 0x0, 0x0, 0x0, 0x0,
    0x0, 0x0, 0xbf, 0xff, 0xf0, 0x0, 0x0, 0x0,
    0x0, 0x0, 0x0, 0x0, 0x2f, 0xff, 0xfc, 0x0,
    0x0, 0x0, 0x0, 0x0, 0x0, 0x0, 0xb, 0xff,
    0xff, 0x0, 0x0, 0x0, 0x0, 0x0, 0x0, 0x0,
    0x2, 0xff, 0xff, 0x80, 0x0, 0x0, 0x0, 0x0,
    0x0, 0x0, 0x0, 0xbf, 0xff, 0xe0, 0x0, 0x0,
    0x0, 0x0, 0x0, 0x0, 0x0, 0x2f, 0xff, 0xf8,
    0x0, 0x0, 0x0, 0x0, 0x0, 0x0, 0x0, 0xb,
    0xff, 0xfe, 0x0, 0x0, 0x0, 0x0, 0x0, 0x0,
    0x0, 0x2, 0xff, 0xff, 0x80, 0x6, 0xff, 0xff,
    0xe0, 0x0, 0x0, 0x0, 0xbf, 0xff, 0xe0, 0x2f,
    0xff, 0xff, 0xff, 0xd0, 0x0, 0x0, 0x2f, 0xff,
    0xf8, 0x7f, 0xff, 0xff, 0xff, 0xff, 0x0, 0x0,
    0xb, 0xff, 0xfe, 0xbf, 0xff, 0xff, 0xff, 0xff,
    0xf0, 0x0, 0x2, 0xff, 0xff, 0xff, 0xff, 0xff,
    0xff, 0xff, 0xff, 0x0, 0x0, 0xbf, 0xff, 0xff,
    0xff, 0xff, 0xff, 0xff, 0xff, 0xf0, 0x0, 0x2f,
    0xff, 0xff, 0xff, 0xff, 0xff, 0xff, 0xff, 0xfe,
    0x0, 0xb, 0xff, 0xff, 0xff, 0xff, 0xff, 0xff,
    0xff, 0xff, 0xc0, 0x2, 0xff, 0xff, 0xff, 0xf8,
    0x0, 0x6f, 0xff, 0xff, 0xf8, 0x0, 0xbf, 0xff,
    0xff, 0xe0, 0x0, 0x0, 0xff, 0xff, 0xff, 0x0,
    0x2f, 0xff, 0xff, 0xe0, 0x0, 0x0, 0xf, 0xff,
    0xff, 0xe0, 0xb, 0xff, 0xff, 0xe0, 0x0, 0x0,
    0x1, 0xff, 0xff, 0xfc, 0x2, 0xff, 0xff, 0xf0,
    0x0, 0x0, 0x0, 0x3f, 0xff, 0xff, 0x0, 0xbf,
    0xff, 0xf0, 0x0, 0x0, 0x0, 0x7, 0xff, 0xff,
    0xd0, 0x1f, 0xff, 0xf8, 0x0, 0x0, 0x0, 0x0,
    0xff, 0xff, 0xf8, 0x0, 0x0, 0x0, 0x0, 0x0,
    0x0, 0x0, 0x3f, 0xff, 0xfe, 0x0, 0x0, 0x0,
    0x0, 0x0, 0x0, 0x0, 0xf, 0xff, 0xff, 0xc0,
    0x0, 0x0, 0x0, 0x0, 0x0, 0x0, 0x2, 0xff,
    0xff, 0xf0, 0x0, 0x0, 0x0, 0x0, 0x0, 0x0,
    0x0, 0xbf, 0xff, 0xfc, 0x0, 0x0, 0x0, 0x0,
    0x0, 0x0, 0x0, 0x2f, 0xff, 0xff, 0x0, 0x0,
    0x0, 0x0, 0x0, 0x0, 0x0, 0x7, 0xff, 0xff,
    0xd0, 0x0, 0x0, 0x0, 0x0, 0x0, 0x0, 0x1,
    0xff, 0xff, 0xf4, 0x0, 0x0, 0x0, 0x0, 0x0,
    0x0, 0x0, 0x7f, 0xff, 0xfd, 0x0, 0x0, 0x0,
    0x0, 0x0, 0x0, 0x0, 0x1f, 0xff, 0xff, 0x40,
    0x0, 0x0, 0x0, 0x0, 0x0, 0x0, 0x7, 0xff,
    0xff, 0xd0, 0x0, 0x0, 0x0, 0x0, 0x0, 0x0,
    0x1, 0xff, 0xff, 0xf4, 0x0, 0x0, 0x0, 0x0,
    0x0, 0x0, 0x0, 0x7f, 0xff, 0xfd, 0x0, 0x0,
    0x0, 0x0, 0x0, 0x0, 0x0, 0x1f, 0xff, 0xff,
    0x40, 0x0, 0x0, 0x0, 0x0, 0x0, 0x0, 0x7,
    0xff, 0xff, 0xd0, 0x0, 0x0, 0x0, 0x0, 0x0,
    0x0, 0x1, 0xff, 0xff, 0xf1, 0xff, 0xff, 0xf4,
    0x0, 0x0, 0x0, 0x0, 0x7f, 0xff, 0xfc, 0x7f,
    0xff, 0xfd, 0x0, 0x0, 0x0, 0x0, 0x1f, 0xff,
    0xff, 0xf, 0xff, 0xff, 0x40, 0x0, 0x0, 0x0,
    0xb, 0xff, 0xff, 0xc3, 0xff, 0xff, 0xe0, 0x0,
    0x0, 0x0, 0x2, 0xff, 0xff, 0xf0, 0xff, 0xff,
    0xf8, 0x0, 0x0, 0x0, 0x0, 0xbf, 0xff, 0xf8,
    0x3f, 0xff, 0xff, 0x0, 0x0, 0x0, 0x0, 0x3f,
    0xff, 0xfe, 0xf, 0xff, 0xff, 0xc0, 0x0, 0x0,
    0x0, 0xf, 0xff, 0xff, 0x42, 0xff, 0xff, 0xf0,
    0x0, 0x0, 0x0, 0x3, 0xff, 0xff, 0xc0, 0xbf,
    0xff, 0xfd, 0x0, 0x0, 0x0, 0x1, 0xff, 0xff,
    0xf0, 0x1f, 0xff, 0xff, 0x80, 0x0, 0x0, 0x0,
    0xbf, 0xff, 0xf8, 0x3, 0xff, 0xff, 0xf0, 0x0,
    0x0, 0x0, 0x3f, 0xff, 0xfd, 0x0, 0xff, 0xff,
    0xfe, 0x0, 0x0, 0x0, 0x2f, 0xff, 0xff, 0x0,
    0x1f, 0xff, 0xff, 0xd0, 0x0, 0x0, 0x1f, 0xff,
    0xff, 0x80, 0x3, 0xff, 0xff, 0xfd, 0x0, 0x0,
    0x1f, 0xff, 0xff, 0xc0, 0x0, 0xbf, 0xff, 0xff,
    0xf4, 0x0, 0x7f, 0xff, 0xff, 0xe0, 0x0, 0xf,
    0xff, 0xff, 0xff, 0xff, 0xff, 0xff, 0xff, 0xf0,
    0x0, 0x2, 0xff, 0xff, 0xff, 0xff, 0xff, 0xff,
    0xff, 0xf4, 0x0, 0x0, 0x3f, 0xff, 0xff, 0xff,
    0xff, 0xff, 0xff, 0xf8, 0x0, 0x0, 0x3, 0xff,
    0xff, 0xff, 0xff, 0xff, 0xff, 0xfc, 0x0, 0x0,
    0x0, 0x3f, 0xff, 0xff, 0xff, 0xff, 0xff, 0xf8,
    0x0, 0x0, 0x0, 0x2, 0xff, 0xff, 0xff, 0xff,
    0xff, 0xf8, 0x0, 0x0, 0x0, 0x0, 0xb, 0xff,
    0xff, 0xff, 0xff, 0xe0, 0x0, 0x0, 0x0, 0x0,
    0x0, 0x1f, 0xff, 0xff, 0xff, 0x80, 0x0, 0x0,
    0x0, 0x0, 0x0, 0x0, 0x5, 0xaa, 0x50, 0x0,
    0x0, 0x0, 0x0,

    /* U+0036 "6" */
    0x0, 0x0, 0x0, 0x0, 0x15, 0x55, 0x40, 0x0,
    0x0, 0x0, 0x0, 0x0, 0x0, 0x6, 0xff, 0xff,
    0xff, 0x90, 0x0, 0x0, 0x0, 0x0, 0x0, 0x1f,
    0xff, 0xff, 0xff, 0xff, 0x80, 0x0, 0x0, 0x0,
    0x0, 0x3f, 0xff, 0xff, 0xff, 0xff, 0xfd, 0x0,
    0x0, 0x0, 0x0, 0x7f, 0xff, 0xff, 0xff, 0xff,
    0xff, 0xf0, 0x0, 0x0, 0x0, 0x7f, 0xff, 0xff,
    0xff, 0xff, 0xff, 0xff, 0x0, 0x0, 0x0, 0x3f,
    0xff, 0xff, 0xff, 0xff, 0xff, 0xff, 0xf0, 0x0,
    0x0, 0x3f, 0xff, 0xff, 0xff, 0xff, 0xff, 0xff,
    0xfe, 0x0, 0x0, 0x2f, 0xff, 0xff, 0xff, 0xff,
    0xff, 0xff, 0xff, 0xd0, 0x0, 0xf, 0xff, 0xff,
    0xfe, 0x55, 0xbf, 0xff, 0xff, 0xfc, 0x0, 0xb,
    0xff, 0xff, 0xf8, 0x0, 0x1, 0xff, 0xff, 0xff,
    0x40, 0x3, 0xff, 0xff, 0xf4, 0x0, 0x0, 0xf,
    0xff, 0xff, 0xf0, 0x2, 0xff, 0xff, 0xf8, 0x0,
    0x0, 0x0, 0xff, 0xff, 0xfd, 0x0, 0xff, 0xff,
    0xfc, 0x0, 0x0, 0x0, 0x2f, 0xff, 0xff, 0x80,
    0x7f, 0xff, 0xfd, 0x0, 0x0, 0x0, 0x3, 0xff,
    0xff, 0xf0, 0x2f, 0xff, 0xff, 0x0, 0x0, 0x0,
    0x0, 0xff, 0xff, 0xfc, 0xf, 0xff, 0xff, 0x80,
    0x0, 0x0, 0x0, 0x2f, 0xff, 0xff, 0x3, 0xff,
    0xff, 0xd0, 0x0, 0x0, 0x0, 0x7, 0xff, 0xff,
    0xd0, 0xff, 0xff, 0xf0, 0x0, 0x0, 0x0, 0x1,
    0xff, 0xff, 0xf4, 0x7f, 0xff, 0xfc, 0x0, 0x0,
    0x0, 0x0, 0x7f, 0xff, 0xfd, 0x2f, 0xff, 0xff,
    0x0, 0x0, 0x0, 0x0, 0xf, 0xff, 0xff, 0x8b,
    0xff, 0xff, 0xc0, 0x0, 0x0, 0x0, 0x2, 0xaa,
    0xaa, 0x93, 0xff, 0xff, 0xe0, 0x0, 0x0, 0x0,
    0x0, 0x0, 0x0, 0x0, 0xff, 0xff, 0xf8, 0x0,
    0x0, 0x0, 0x0, 0x0, 0x0, 0x0, 0x3f, 0xff,
    0xfe, 0x0, 0x0, 0x0, 0x0, 0x0, 0x0, 0x0,
    0xf, 0xff, 0xff, 0x80, 0x0, 0x0, 0x0, 0x0,
    0x0, 0x0, 0x3, 0xff, 0xff, 0xe0, 0x0, 0x0,
    0x0, 0x0, 0x0, 0x0, 0x0, 0xff, 0xff, 0xf8,
    0x0, 0x0, 0x0, 0x0, 0x0, 0x0, 0x0, 0x3f,
    0xff, 0xfe, 0x0, 0x0, 0x0, 0x0, 0x0, 0x0,
    0x0, 0xf, 0xff, 0xff, 0x80, 0x0, 0x0, 0x0,
    0x0, 0x0, 0x0, 0x3, 0xff, 0xff, 0xe0, 0x0,
    0x0, 0x0, 0x0, 0x0, 0x0, 0x0, 0xff, 0xff,
    0xf8, 0x0, 0x0, 0x0, 0x0, 0x0, 0x0, 0x0,
    0x3f, 0xff, 0xfe, 0x0, 0x0, 0x0, 0x0, 0x0,
    0x0, 0x0, 0xf, 0xff, 0xff, 0x80, 0x0, 0x0,
    0x0, 0x0, 0x0, 0x0, 0x3, 0xff, 0xff, 0xe0,
    0x0, 0xbf, 0xff, 0xf9, 0x0, 0x0, 0x0, 0xff,
    0xff, 0xf8, 0x7, 0xff, 0xff, 0xff, 0xf8, 0x0,
    0x0, 0x3f, 0xff, 0xfe, 0xb, 0xff, 0xff, 0xff,
    0xff, 0xd0, 0x0, 0xf, 0xff, 0xff, 0x8f, 0xff,
    0xff, 0xff, 0xff, 0xfe, 0x0, 0x3, 0xff, 0xff,
    0xef, 0xff, 0xff, 0xff, 0xff, 0xff, 0xe0, 0x0,
    0xff, 0xff, 0xff, 0xff, 0xff, 0xff, 0xff, 0xff,
    0xfd, 0x0, 0x3f, 0xff, 0xff, 0xff, 0xff, 0xff,
    0xff, 0xff, 0xff, 0xc0, 0xf, 0xff, 0xff, 0xff,
    0xff, 0xff, 0xff, 0xff, 0xff, 0xfc, 0x3, 0xff,
    0xff, 0xff, 0xfe, 0x0, 0x1b, 0xff, 0xff, 0xff,
    0x40, 0xff, 0xff, 0xff, 0xf4, 0x0, 0x0, 0x2f,
    0xff, 0xff, 0xe0, 0x3f, 0xff, 0xff, 0xf0, 0x0,
    0x0, 0x3, 0xff, 0xff, 0xfc, 0xf, 0xff, 0xff,
    0xf0, 0x0, 0x0, 0x0, 0x3f, 0xff, 0xff, 0x43,
    0xff, 0xff, 0xf0, 0x0, 0x0, 0x0, 0xb, 0xff,
    0xff, 0xe0, 0xff, 0xff, 0xf8, 0x0, 0x0, 0x0,
    0x0, 0xff, 0xff, 0xfc, 0x3f, 0xff, 0xfe, 0x0,
    0x0, 0x0, 0x0, 0x3f, 0xff, 0xff, 0xf, 0xff,
    0xff, 0x80, 0x0, 0x0, 0x0, 0xb, 0xff, 0xff,
    0xc3, 0xff, 0xff, 0xe0, 0x0, 0x0, 0x0, 0x2,
    0xff, 0xff, 0xf4, 0xff, 0xff, 0xf8, 0x0, 0x0,
    0x0, 0x0, 0x7f, 0xff, 0xfd, 0x3f, 0xff, 0xfe,
    0x0, 0x0, 0x0, 0x0, 0x1f, 0xff, 0xff, 0x8f,
    0xff, 0xff, 0x80, 0x0, 0x0, 0x0, 0x3, 0xff,
    0xff, 0xe3, 0xff, 0xff, 0xe0, 0x0, 0x0, 0x0,
    0x0, 0xff, 0xff, 0xf8, 0xff, 0xff, 0xf8, 0x0,
    0x0, 0x0, 0x0, 0x3f, 0xff, 0xff, 0x3f, 0xff,
    0xfe, 0x0, 0x0, 0x0, 0x0, 0xf, 0xff, 0xff,
    0xcf, 0xff, 0xff, 0x80, 0x0, 0x0, 0x0, 0x3,
    0xff, 0xff, 0xf3, 0xff, 0xff, 0xe0, 0x0, 0x0,
    0x0, 0x0, 0xff, 0xff, 0xfc, 0xff, 0xff, 0xf8,
    0x0, 0x0, 0x0, 0x0, 0x3f, 0xff, 0xff, 0x3f,
    0xff, 0xfe, 0x0, 0x0, 0x0, 0x0, 0xf, 0xff,
    0xff, 0x8f, 0xff, 0xff, 0x80, 0x0, 0x0, 0x0,
    0x3, 0xff, 0xff, 0xe3, 0xff, 0xff, 0xe0, 0x0,
    0x0, 0x0, 0x0, 0xff, 0xff, 0xf8, 0xff, 0xff,
    0xf8, 0x0, 0x0, 0x0, 0x0, 0x3f, 0xff, 0xfd,
    0x2f, 0xff, 0xff, 0x0, 0x0, 0x0, 0x0, 0x1f,
    0xff, 0xff, 0x47, 0xff, 0xff, 0xc0, 0x0, 0x0,
    0x0, 0x7, 0xff, 0xff, 0xc1, 0xff, 0xff, 0xf0,
    0x0, 0x0, 0x0, 0x2, 0xff, 0xff, 0xf0, 0x3f,
    0xff, 0xfd, 0x0, 0x0, 0x0, 0x0, 0xff, 0xff,
    0xf8, 0xf, 0xff, 0xff, 0x80, 0x0, 0x0, 0x0,
    0x3f, 0xff, 0xfd, 0x2, 0xff, 0xff, 0xf0, 0x0,
    0x0, 0x0, 0x2f, 0xff, 0xff, 0x0, 0x3f, 0xff,
    0xfd, 0x0, 0x0, 0x0, 0xf, 0xff, 0xff, 0xc0,
    0xf, 0xff, 0xff, 0xc0, 0x0, 0x0, 0xb, 0xff,
    0xff, 0xe0, 0x1, 0xff, 0xff, 0xfc, 0x0, 0x0,
    0x7, 0xff, 0xff, 0xf0, 0x0, 0x3f, 0xff, 0xff,
    0xc0, 0x0, 0x7, 0xff, 0xff, 0xf8, 0x0, 0x7,
    0xff, 0xff, 0xfe, 0x40, 0x1f, 0xff, 0xff, 0xfc,
    0x0, 0x0, 0xff, 0xff, 0xff, 0xff, 0xff, 0xff,
    0xff, 0xfe, 0x0, 0x0, 0x1f, 0xff, 0xff, 0xff,
    0xff, 0xff, 0xff, 0xff, 0x0, 0x0, 0x2, 0xff,
    0xff, 0xff, 0xff, 0xff, 0xff, 0xff, 0x40, 0x0,
    0x0, 0x2f, 0xff, 0xff, 0xff, 0xff, 0xff, 0xff,
    0x40, 0x0, 0x0, 0x2, 0xff, 0xff, 0xff, 0xff,
    0xff, 0xff, 0x40, 0x0, 0x0, 0x0, 0x2f, 0xff,
    0xff, 0xff, 0xff, 0xff, 0x40, 0x0, 0x0, 0x0,
    0x1, 0xff, 0xff, 0xff, 0xff, 0xfe, 0x0, 0x0,
    0x0, 0x0, 0x0, 0x7, 0xff, 0xff, 0xff, 0xf8,
    0x0, 0x0, 0x0, 0x0, 0x0, 0x0, 0x6, 0xff,
    0xfe, 0x90, 0x0, 0x0, 0x0,

    /* U+0037 "7" */
    0xff, 0xff, 0xff, 0xff, 0xff, 0xff, 0xff, 0xff,
    0xbf, 0xff, 0xff, 0xff, 0xff, 0xff, 0xff, 0xff,
    0xef, 0xff, 0xff, 0xff, 0xff, 0xff, 0xff, 0xff,
    0xfb, 0xff, 0xff, 0xff, 0xff, 0xff, 0xff, 0xff,
    0xfe, 0xff, 0xff, 0xff, 0xff, 0xff, 0xff, 0xff,
    0xff, 0xbf, 0xff, 0xff, 0xff, 0xff, 0xff, 0xff,
    0xff, 0xef, 0xff, 0xff, 0xff, 0xff, 0xff, 0xff,
    0xff, 0xf7, 0xff, 0xff, 0xff, 0xff, 0xff, 0xff,
    0xff, 0xfc, 0x55, 0x55, 0x55, 0x55, 0x55, 0x6f,
    0xff, 0xff, 0x0, 0x0, 0x0, 0x0, 0x0, 0x7,
    0xff, 0xff, 0xc0, 0x0, 0x0, 0x0, 0x0, 0x2,
    0xff, 0xff, 0xe0, 0x0, 0x0, 0x0, 0x0, 0x0,
    0xbf, 0xff, 0xf4, 0x0, 0x0, 0x0, 0x0, 0x0,
    0x3f, 0xff, 0xfc, 0x0, 0x0, 0x0, 0x0, 0x0,
    0xf, 0xff, 0xff, 0x0, 0x0, 0x0, 0x0, 0x0,
    0x7, 0xff, 0xff, 0xc0, 0x0, 0x0, 0x0, 0x0,
    0x2, 0xff, 0xff, 0xe0, 0x0, 0x0, 0x0, 0x0,
    0x0, 0xbf, 0xff, 0xf4, 0x0, 0x0, 0x0, 0x0,
    0x0, 0x3f, 0xff, 0xfc, 0x0, 0x0, 0x0, 0x0,
    0x0, 0xf, 0xff, 0xff, 0x0, 0x0, 0x0, 0x0,
    0x0, 0x7, 0xff, 0xff, 0xc0, 0x0, 0x0, 0x0,
    0x0, 0x2, 0xff, 0xff, 0xe0, 0x0, 0x0, 0x0,
    0x0, 0x0, 0xbf, 0xff, 0xf4, 0x0, 0x0, 0x0,
    0x0, 0x0, 0x3f, 0xff, 0xfc, 0x0, 0x0, 0x0,
    0x0, 0x0, 0xf, 0xff, 0xff, 0x0, 0x0, 0x0,
    0x0, 0x0, 0x7, 0xff, 0xff, 0xc0, 0x0, 0x0,
    0x0, 0x0, 0x2, 0xff, 0xff, 0xe0, 0x0, 0x0,
    0x0, 0x0, 0x0, 0xbf, 0xff, 0xf4, 0x0, 0x0,
    0x0, 0x0, 0x0, 0x3f, 0xff, 0xfc, 0x0, 0x0,
    0x0, 0x0, 0x0, 0xf, 0xff, 0xff, 0x0, 0x0,
    0x0, 0x0, 0x0, 0x7, 0xff, 0xff, 0xc0, 0x0,
    0x0, 0x0, 0x0, 0x2, 0xff, 0xff, 0xe0, 0x0,
    0x0, 0x0, 0x0, 0x0, 0xbf, 0xff, 0xf4, 0x0,
    0x0, 0x0, 0x0, 0x0, 0x3f, 0xff, 0xfc, 0x0,
    0x0, 0x0, 0x0, 0x0, 0xf, 0xff, 0xff, 0x0,
    0x0, 0x0, 0x0, 0x0, 0x7, 0xff, 0xff, 0xc0,
    0x0, 0x0, 0x0, 0x0, 0x2, 0xff, 0xff, 0xe0,
    0x0, 0x0, 0x0, 0x0, 0x0, 0xbf, 0xff, 0xf4,
    0x0, 0x0, 0x0, 0x0, 0x0, 0x3f, 0xff, 0xfc,
    0x0, 0x0, 0x0, 0x0, 0x0, 0xf, 0xff, 0xff,
    0x0, 0x0, 0x0, 0x0, 0x0, 0x7, 0xff, 0xff,
    0xc0, 0x0, 0x0, 0x0, 0x0, 0x2, 0xff, 0xff,
    0xe0, 0x0, 0x0, 0x0, 0x0, 0x0, 0xbf, 0xff,
    0xf4, 0x0, 0x0, 0x0, 0x0, 0x0, 0x3f, 0xff,
    0xfd, 0x0, 0x0, 0x0, 0x0, 0x0, 0xf, 0xff,
    0xff, 0x0, 0x0, 0x0, 0x0, 0x0, 0x7, 0xff,
    0xff, 0xc0, 0x0, 0x0, 0x0, 0x0, 0x2, 0xff,
    0xff, 0xe0, 0x0, 0x0, 0x0, 0x0, 0x0, 0xbf,
    0xff, 0xf4, 0x0, 0x0, 0x0, 0x0, 0x0, 0x3f,
    0xff, 0xfd, 0x0, 0x0, 0x0, 0x0, 0x0, 0xf,
    0xff, 0xff, 0x0, 0x0, 0x0, 0x0, 0x0, 0x7,
    0xff, 0xff, 0xc0, 0x0, 0x0, 0x0, 0x0, 0x2,
    0xff, 0xff, 0xe0, 0x0, 0x0, 0x0, 0x0, 0x0,
    0xbf, 0xff, 0xf4, 0x0, 0x0, 0x0, 0x0, 0x0,
    0x3f, 0xff, 0xfd, 0x0, 0x0, 0x0, 0x0, 0x0,
    0xf, 0xff, 0xff, 0x0, 0x0, 0x0, 0x0, 0x0,
    0x7, 0xff, 0xff, 0xc0, 0x0, 0x0, 0x0, 0x0,
    0x2, 0xff, 0xff, 0xe0, 0x0, 0x0, 0x0, 0x0,
    0x0, 0xbf, 0xff, 0xf8, 0x0, 0x0, 0x0, 0x0,
    0x0, 0x3f, 0xff, 0xfd, 0x0, 0x0, 0x0, 0x0,
    0x0, 0xf, 0xff, 0xff, 0x0, 0x0, 0x0, 0x0,
    0x0, 0x7, 0xff, 0xff, 0xc0, 0x0, 0x0, 0x0,
    0x0, 0x2, 0xff, 0xff, 0xe0, 0x0, 0x0, 0x0,
    0x0, 0x0, 0xbf, 0xff, 0xf8, 0x0, 0x0, 0x0,
    0x0, 0x0, 0x3f, 0xff, 0xfd, 0x0, 0x0, 0x0,
    0x0, 0x0, 0xf, 0xff, 0xff, 0x0, 0x0, 0x0,
    0x0, 0x0, 0x7, 0xff, 0xff, 0xc0, 0x0, 0x0,
    0x0, 0x0, 0x2, 0xff, 0xff, 0xe0, 0x0, 0x0,
    0x0, 0x0, 0x0, 0xbf, 0xff, 0xf8, 0x0, 0x0,
    0x0, 0x0, 0x0, 0x3f, 0xff, 0xfd, 0x0, 0x0,
    0x0, 0x0, 0x0, 0xf, 0xff, 0xff, 0x0, 0x0,
    0x0, 0x0, 0x0, 0x7, 0xff, 0xff, 0xc0, 0x0,
    0x0, 0x0, 0x0, 0x2, 0xff, 0xff, 0xf0, 0x0,
    0x0, 0x0, 0x0, 0x0, 0xbf, 0xff, 0xf8, 0x0,
    0x0, 0x0, 0x0, 0x0, 0x3f, 0xff, 0xfd, 0x0,
    0x0, 0x0, 0x0, 0x0, 0xf, 0xff, 0xff, 0x0,
    0x0, 0x0, 0x0, 0x0, 0x7, 0xff, 0xff, 0xc0,
    0x0, 0x0, 0x0, 0x0, 0x2, 0xff, 0xff, 0xf0,
    0x0, 0x0, 0x0, 0x0, 0x0, 0xbf, 0xff, 0xf8,
    0x0, 0x0, 0x0, 0x0, 0x0, 0x3f, 0xff, 0xfd,
    0x0, 0x0, 0x0, 0x0, 0x0, 0xf, 0xff, 0xff,
    0x0, 0x0, 0x0, 0x0, 0x0, 0x7, 0xff, 0xff,
    0xc0, 0x0, 0x0, 0x0, 0x0, 0x2, 0xff, 0xff,
    0xf0, 0x0, 0x0, 0x0, 0x0, 0x0, 0x55, 0x55,
    0x54, 0x0, 0x0, 0x0, 0x0,

    /* U+0038 "8" */
    0x0, 0x0, 0x0, 0x0, 0x55, 0x55, 0x0, 0x0,
    0x0, 0x0, 0x0, 0x0, 0x0, 0x6f, 0xff, 0xff,
    0xf9, 0x0, 0x0, 0x0, 0x0, 0x0, 0xb, 0xff,
    0xff, 0xff, 0xff, 0xe0, 0x0, 0x0, 0x0, 0x0,
    0x7f, 0xff, 0xff, 0xff, 0xff, 0xfd, 0x0, 0x0,
    0x0, 0x2, 0xff, 0xff, 0xff, 0xff, 0xff, 0xff,
    0x80, 0x0, 0x0, 0xf, 0xff, 0xff, 0xff, 0xff,
    0xff, 0xff, 0xe0, 0x0, 0x0, 0x2f, 0xff, 0xff,
    0xff, 0xff, 0xff, 0xff, 0xf8, 0x0, 0x0, 0x7f,
    0xff, 0xff, 0xff, 0xff, 0xff, 0xff, 0xfd, 0x0,
    0x0, 0xff, 0xff, 0xff, 0xff, 0xff, 0xff, 0xff,
    0xff, 0x0, 0x2, 0xff, 0xff, 0xff, 0x80, 0x2,
    0xff, 0xff, 0xff, 0x40, 0x3, 0xff, 0xff, 0xfc,
    0x0, 0x0, 0x3f, 0xff, 0xff, 0xc0, 0x7, 0xff,
    0xff, 0xf0, 0x0, 0x0, 0xf, 0xff, 0xff, 0xc0,
    0xf, 0xff, 0xff, 0xd0, 0x0, 0x0, 0x7, 0xff,
    0xff, 0xe0, 0xf, 0xff, 0xff, 0xc0, 0x0, 0x0,
    0x3, 0xff, 0xff, 0xf0, 0x1f, 0xff, 0xff, 0x40,
    0x0, 0x0, 0x2, 0xff, 0xff, 0xf0, 0x1f, 0xff,
    0xff, 0x0, 0x0, 0x0, 0x1, 0xff, 0xff, 0xf4,
    0x2f, 0xff, 0xff, 0x0, 0x0, 0x0, 0x0, 0xff,
    0xff, 0xf4, 0x3f, 0xff, 0xff, 0x0, 0x0, 0x0,
    0x0, 0xff, 0xff, 0xf8, 0x3f, 0xff, 0xfe, 0x0,
    0x0, 0x0, 0x0, 0xff, 0xff, 0xf8, 0x3f, 0xff,
    0xfe, 0x0, 0x0, 0x0, 0x0, 0xbf, 0xff, 0xf8,
    0x3f, 0xff, 0xfe, 0x0, 0x0, 0x0, 0x0, 0xbf,
    0xff, 0xfc, 0x3f, 0xff, 0xfe, 0x0, 0x0, 0x0,
    0x0, 0xbf, 0xff, 0xfc, 0x3f, 0xff, 0xfe, 0x0,
    0x0, 0x0, 0x0, 0xbf, 0xff, 0xfc, 0x3f, 0xff,
    0xfe, 0x0, 0x0, 0x0, 0x0, 0xff, 0xff, 0xf8,
    0x3f, 0xff, 0xfe, 0x0, 0x0, 0x0, 0x0, 0xff,
    0xff, 0xf8, 0x2f, 0xff, 0xff, 0x0, 0x0, 0x0,
    0x0, 0xff, 0xff, 0xf8, 0x2f, 0xff, 0xff, 0x0,
    0x0, 0x0, 0x0, 0xff, 0xff, 0xf4, 0x1f, 0xff,
    0xff, 0x0, 0x0, 0x0, 0x1, 0xff, 0xff, 0xf0,
    0xf, 0xff, 0xff, 0x40, 0x0, 0x0, 0x2, 0xff,
    0xff, 0xf0, 0xf, 0xff, 0xff, 0xc0, 0x0, 0x0,
    0x3, 0xff, 0xff, 0xe0, 0x7, 0xff, 0xff, 0xd0,
    0x0, 0x0, 0x7, 0xff, 0xff, 0xd0, 0x3, 0xff,
    0xff, 0xf0, 0x0, 0x0, 0xf, 0xff, 0xff, 0xc0,
    0x2, 0xff, 0xff, 0xf8, 0x0, 0x0, 0x2f, 0xff,
    0xff, 0x40, 0x0, 0xff, 0xff, 0xfe, 0x0, 0x0,
    0xbf, 0xff, 0xff, 0x0, 0x0, 0x7f, 0xff, 0xff,
    0xe5, 0x5b, 0xff, 0xff, 0xfc, 0x0, 0x0, 0x2f,
    0xff, 0xff, 0xff, 0xff, 0xff, 0xff, 0xf4, 0x0,
    0x0, 0xb, 0xff, 0xff, 0xff, 0xff, 0xff, 0xff,
    0xe0, 0x0, 0x0, 0x2, 0xff, 0xff, 0xff, 0xff,
    0xff, 0xff, 0x80, 0x0, 0x0, 0x0, 0xbf, 0xff,
    0xff, 0xff, 0xff, 0xfd, 0x0, 0x0, 0x0, 0x0,
    0x1f, 0xff, 0xff, 0xff, 0xff, 0xf0, 0x0, 0x0,
    0x0, 0x0, 0x7f, 0xff, 0xff, 0xff, 0xff, 0xfc,
    0x0, 0x0, 0x0, 0x2, 0xff, 0xff, 0xff, 0xff,
    0xff, 0xff, 0x40, 0x0, 0x0, 0xb, 0xff, 0xff,
    0xff, 0xff, 0xff, 0xff, 0xd0, 0x0, 0x0, 0x2f,
    0xff, 0xff, 0xff, 0xff, 0xff, 0xff, 0xf4, 0x0,
    0x0, 0xbf, 0xff, 0xff, 0xff, 0xff, 0xff, 0xff,
    0xfd, 0x0, 0x1, 0xff, 0xff, 0xff, 0x90, 0x6,
    0xff, 0xff, 0xff, 0x0, 0x3, 0xff, 0xff, 0xfc,
    0x0, 0x0, 0x3f, 0xff, 0xff, 0xc0, 0xb, 0xff,
    0xff, 0xf0, 0x0, 0x0, 0xf, 0xff, 0xff, 0xd0,
    0xf, 0xff, 0xff, 0xc0, 0x0, 0x0, 0x3, 0xff,
    0xff, 0xf0, 0x1f, 0xff, 0xff, 0x40, 0x0, 0x0,
    0x1, 0xff, 0xff, 0xf0, 0x3f, 0xff, 0xff, 0x0,
    0x0, 0x0, 0x0, 0xff, 0xff, 0xf8, 0x3f, 0xff,
    0xfd, 0x0, 0x0, 0x0, 0x0, 0xbf, 0xff, 0xfc,
    0x7f, 0xff, 0xfc, 0x0, 0x0, 0x0, 0x0, 0x7f,
    0xff, 0xfc, 0xbf, 0xff, 0xfc, 0x0, 0x0, 0x0,
    0x0, 0x3f, 0xff, 0xfd, 0xbf, 0xff, 0xf8, 0x0,
    0x0, 0x0, 0x0, 0x3f, 0xff, 0xfe, 0xff, 0xff,
    0xf8, 0x0, 0x0, 0x0, 0x0, 0x2f, 0xff, 0xfe,
    0xff, 0xff, 0xf4, 0x0, 0x0, 0x0, 0x0, 0x2f,
    0xff, 0xff, 0xff, 0xff, 0xf4, 0x0, 0x0, 0x0,
    0x0, 0x2f, 0xff, 0xff, 0xff, 0xff, 0xf0, 0x0,
    0x0, 0x0, 0x0, 0x1f, 0xff, 0xff, 0xff, 0xff,
    0xf0, 0x0, 0x0, 0x0, 0x0, 0x1f, 0xff, 0xff,
    0xff, 0xff, 0xf0, 0x0, 0x0, 0x0, 0x0, 0x1f,
    0xff, 0xff, 0xff, 0xff, 0xf0, 0x0, 0x0, 0x0,
    0x0, 0x1f, 0xff, 0xff, 0xff, 0xff, 0xf4, 0x0,
    0x0, 0x0, 0x0, 0x1f, 0xff, 0xff, 0xff, 0xff,
    0xf4, 0x0, 0x0, 0x0, 0x0, 0x2f, 0xff, 0xff,
    0xff, 0xff, 0xf4, 0x0, 0x0, 0x0, 0x0, 0x2f,
    0xff, 0xfe, 0xbf, 0xff, 0xf8, 0x0, 0x0, 0x0,
    0x0, 0x3f, 0xff, 0xfe, 0xbf, 0xff, 0xfc, 0x0,
    0x0, 0x0, 0x0, 0x3f, 0xff, 0xfd, 0x7f, 0xff,
    0xfc, 0x0, 0x0, 0x0, 0x0, 0x3f, 0xff, 0xfc,
    0x3f, 0xff, 0xfd, 0x0, 0x0, 0x0, 0x0, 0x7f,
    0xff, 0xfc, 0x3f, 0xff, 0xfe, 0x0, 0x0, 0x0,
    0x0, 0xff, 0xff, 0xfc, 0x2f, 0xff, 0xff, 0x0,
    0x0, 0x0, 0x0, 0xff, 0xff, 0xf8, 0x1f, 0xff,
    0xff, 0x80, 0x0, 0x0, 0x3, 0xff, 0xff, 0xf0,
    0xf, 0xff, 0xff, 0xd0, 0x0, 0x0, 0xb, 0xff,
    0xff, 0xf0, 0xb, 0xff, 0xff, 0xf8, 0x0, 0x0,
    0x2f, 0xff, 0xff, 0xd0, 0x3, 0xff, 0xff, 0xff,
    0x90, 0x6, 0xff, 0xff, 0xff, 0xc0, 0x2, 0xff,
    0xff, 0xff, 0xff, 0xff, 0xff, 0xff, 0xff, 0x40,
    0x0, 0xff, 0xff, 0xff, 0xff, 0xff, 0xff, 0xff,
    0xff, 0x0, 0x0, 0x3f, 0xff, 0xff, 0xff, 0xff,
    0xff, 0xff, 0xfc, 0x0, 0x0, 0x1f, 0xff, 0xff,
    0xff, 0xff, 0xff, 0xff, 0xf0, 0x0, 0x0, 0x7,
    0xff, 0xff, 0xff, 0xff, 0xff, 0xff, 0xc0, 0x0,
    0x0, 0x0, 0xff, 0xff, 0xff, 0xff, 0xff, 0xfe,
    0x0, 0x0, 0x0, 0x0, 0x1f, 0xff, 0xff, 0xff,
    0xff, 0xf4, 0x0, 0x0, 0x0, 0x0, 0x0, 0xbf,
    0xff, 0xff, 0xfe, 0x0, 0x0, 0x0, 0x0, 0x0,
    0x0, 0x0, 0x5a, 0xa5, 0x0, 0x0, 0x0, 0x0,

    /* U+0039 "9" */
    0x0, 0x0, 0x0, 0x0, 0x15, 0x55, 0x0, 0x0,
    0x0, 0x0, 0x0, 0x0, 0x0, 0x7, 0xff, 0xff,
    0xfe, 0x40, 0x0, 0x0, 0x0, 0x0, 0x0, 0x2f,
    0xff, 0xff, 0xff, 0xfd, 0x0, 0x0, 0x0, 0x0,
    0x0, 0x7f, 0xff, 0xff, 0xff, 0xff, 0xf0, 0x0,
    0x0, 0x0, 0x0, 0xbf, 0xff, 0xff, 0xff, 0xff,
    0xff, 0x40, 0x0, 0x0, 0x0, 0xff, 0xff, 0xff,
    0xff, 0xff, 0xff, 0xf4, 0x0, 0x0, 0x0, 0xbf,
    0xff, 0xff, 0xff, 0xff, 0xff, 0xff, 0x40, 0x0,
    0x0, 0xbf, 0xff, 0xff, 0xff, 0xff, 0xff, 0xff,
    0xf0, 0x0, 0x0, 0x3f, 0xff, 0xff, 0xff, 0xff,
    0xff, 0xff, 0xff, 0x0, 0x0, 0x3f, 0xff, 0xff,
    0xfe, 0x56, 0xff, 0xff, 0xff, 0xd0, 0x0, 0x1f,
    0xff, 0xff, 0xf4, 0x0, 0x7, 0xff, 0xff, 0xfc,
    0x0, 0xf, 0xff, 0xff, 0xf0, 0x0, 0x0, 0x3f,
    0xff, 0xff, 0x40, 0x7, 0xff, 0xff, 0xf0, 0x0,
    0x0, 0x3, 0xff, 0xff, 0xf0, 0x2, 0xff, 0xff,
    0xf4, 0x0, 0x0, 0x0, 0x7f, 0xff, 0xfd, 0x0,
    0xff, 0xff, 0xfc, 0x0, 0x0, 0x0, 0xf, 0xff,
    0xff, 0x80, 0x3f, 0xff, 0xfd, 0x0, 0x0, 0x0,
    0x2, 0xff, 0xff, 0xf0, 0x1f, 0xff, 0xff, 0x0,
    0x0, 0x0, 0x0, 0x7f, 0xff, 0xfc, 0xb, 0xff,
    0xff, 0xc0, 0x0, 0x0, 0x0, 0xf, 0xff, 0xff,
    0x43, 0xff, 0xff, 0xe0, 0x0, 0x0, 0x0, 0x3,
    0xff, 0xff, 0xe0, 0xff, 0xff, 0xf8, 0x0, 0x0,
    0x0, 0x0, 0xbf, 0xff, 0xfc, 0x3f, 0xff, 0xfd,
    0x0, 0x0, 0x0, 0x0, 0x2f, 0xff, 0xff, 0x1f,
    0xff, 0xff, 0x40, 0x0, 0x0, 0x0, 0xb, 0xff,
    0xff, 0xc7, 0xff, 0xff, 0xd0, 0x0, 0x0, 0x0,
    0x1, 0xff, 0xff, 0xf1, 0xff, 0xff, 0xf0, 0x0,
    0x0, 0x0, 0x0, 0x7f, 0xff, 0xfd, 0xbf, 0xff,
    0xfc, 0x0, 0x0, 0x0, 0x0, 0x1f, 0xff, 0xff,
    0x6f, 0xff, 0xff, 0x0, 0x0, 0x0, 0x0, 0x7,
    0xff, 0xff, 0xdb, 0xff, 0xff, 0xc0, 0x0, 0x0,
    0x0, 0x1, 0xff, 0xff, 0xf6, 0xff, 0xff, 0xf4,
    0x0, 0x0, 0x0, 0x0, 0x7f, 0xff, 0xfd, 0xbf,
    0xff, 0xfd, 0x0, 0x0, 0x0, 0x0, 0x1f, 0xff,
    0xff, 0x6f, 0xff, 0xff, 0x40, 0x0, 0x0, 0x0,
    0x7, 0xff, 0xff, 0xd7, 0xff, 0xff, 0xd0, 0x0,
    0x0, 0x0, 0x1, 0xff, 0xff, 0xf5, 0xff, 0xff,
    0xf8, 0x0, 0x0, 0x0, 0x0, 0x7f, 0xff, 0xfd,
    0x7f, 0xff, 0xfe, 0x0, 0x0, 0x0, 0x0, 0x1f,
    0xff, 0xff, 0x4f, 0xff, 0xff, 0x80, 0x0, 0x0,
    0x0, 0x7, 0xff, 0xff, 0xd3, 0xff, 0xff, 0xf0,
    0x0, 0x0, 0x0, 0x1, 0xff, 0xff, 0xf4, 0xff,
    0xff, 0xfc, 0x0, 0x0, 0x0, 0x0, 0x7f, 0xff,
    0xfd, 0x2f, 0xff, 0xff, 0x40, 0x0, 0x0, 0x0,
    0x2f, 0xff, 0xff, 0x47, 0xff, 0xff, 0xf0, 0x0,
    0x0, 0x0, 0xf, 0xff, 0xff, 0xd0, 0xff, 0xff,
    0xfd, 0x0, 0x0, 0x0, 0xf, 0xff, 0xff, 0xf4,
    0x3f, 0xff, 0xff, 0xc0, 0x0, 0x0, 0xf, 0xff,
    0xff, 0xfd, 0xb, 0xff, 0xff, 0xfc, 0x0, 0x0,
    0x1f, 0xff, 0xff, 0xff, 0x40, 0xff, 0xff, 0xff,
    0xe4, 0x0, 0x6f, 0xff, 0xff, 0xff, 0xd0, 0x2f,
    0xff, 0xff, 0xff, 0xff, 0xff, 0xff, 0xff, 0xff,
    0xf4, 0x3, 0xff, 0xff, 0xff, 0xff, 0xff, 0xff,
    0xff, 0xff, 0xfd, 0x0, 0x7f, 0xff, 0xff, 0xff,
    0xff, 0xff, 0xff, 0xff, 0xff, 0x40, 0xb, 0xff,
    0xff, 0xff, 0xff, 0xff, 0xf7, 0xff, 0xff, 0xd0,
    0x0, 0xbf, 0xff, 0xff, 0xff, 0xff, 0xf1, 0xff,
    0xff, 0xf4, 0x0, 0x7, 0xff, 0xff, 0xff, 0xff,
    0xf0, 0x7f, 0xff, 0xfd, 0x0, 0x0, 0x2f, 0xff,
    0xff, 0xff, 0xd0, 0x1f, 0xff, 0xff, 0x40, 0x0,
    0x0, 0x6f, 0xff, 0xfe, 0x40, 0x7, 0xff, 0xff,
    0xd0, 0x0, 0x0, 0x0, 0x0, 0x0, 0x0, 0x1,
    0xff, 0xff, 0xf4, 0x0, 0x0, 0x0, 0x0, 0x0,
    0x0, 0x0, 0x7f, 0xff, 0xfd, 0x0, 0x0, 0x0,
    0x0, 0x0, 0x0, 0x0, 0x1f, 0xff, 0xff, 0x40,
    0x0, 0x0, 0x0, 0x0, 0x0, 0x0, 0x7, 0xff,
    0xff, 0xd0, 0x0, 0x0, 0x0, 0x0, 0x0, 0x0,
    0x1, 0xff, 0xff, 0xf4, 0x0, 0x0, 0x0, 0x0,
    0x0, 0x0, 0x0, 0x7f, 0xff, 0xfd, 0x0, 0x0,
    0x0, 0x0, 0x0, 0x0, 0x0, 0x1f, 0xff, 0xff,
    0x40, 0x0, 0x0, 0x0, 0x0, 0x0, 0x0, 0x7,
    0xff, 0xff, 0xd0, 0x0, 0x0, 0x0, 0x0, 0x0,
    0x0, 0x1, 0xff, 0xff, 0xf4, 0x0, 0x0, 0x0,
    0x0, 0x0, 0x0, 0x0, 0x7f, 0xff, 0xfc, 0x0,
    0x0, 0x0, 0x0, 0x0, 0x0, 0x0, 0x1f, 0xff,
    0xff, 0x0, 0x0, 0x0, 0x0, 0x0, 0x0, 0x0,
    0xb, 0xff, 0xff, 0xc2, 0xaa, 0xaa, 0x80, 0x0,
    0x0, 0x0, 0x2, 0xff, 0xff, 0xf1, 0xff, 0xff,
    0xf4, 0x0, 0x0, 0x0, 0x0, 0xbf, 0xff, 0xfc,
    0x7f, 0xff, 0xfd, 0x0, 0x0, 0x0, 0x0, 0x3f,
    0xff, 0xfe, 0x1f, 0xff, 0xff, 0x40, 0x0, 0x0,
    0x0, 0xf, 0xff, 0xff, 0x43, 0xff, 0xff, 0xe0,
    0x0, 0x0, 0x0, 0x3, 0xff, 0xff, 0xd0, 0xff,
    0xff, 0xf8, 0x0, 0x0, 0x0, 0x1, 0xff, 0xff,
    0xf0, 0x3f, 0xff, 0xff, 0x0, 0x0, 0x0, 0x0,
    0xff, 0xff, 0xfc, 0xb, 0xff, 0xff, 0xc0, 0x0,
    0x0, 0x0, 0x3f, 0xff, 0xfe, 0x2, 0xff, 0xff,
    0xf8, 0x0, 0x0, 0x0, 0x2f, 0xff, 0xff, 0x0,
    0x3f, 0xff, 0xff, 0x0, 0x0, 0x0, 0xf, 0xff,
    0xff, 0xc0, 0xf, 0xff, 0xff, 0xe0, 0x0, 0x0,
    0xf, 0xff, 0xff, 0xe0, 0x1, 0xff, 0xff, 0xfe,
    0x0, 0x0, 0xf, 0xff, 0xff, 0xf0, 0x0, 0x3f,
    0xff, 0xff, 0xf9, 0x0, 0x2f, 0xff, 0xff, 0xf8,
    0x0, 0x7, 0xff, 0xff, 0xff, 0xff, 0xff, 0xff,
    0xff, 0xfc, 0x0, 0x0, 0xff, 0xff, 0xff, 0xff,
    0xff, 0xff, 0xff, 0xfd, 0x0, 0x0, 0xf, 0xff,
    0xff, 0xff, 0xff, 0xff, 0xff, 0xfe, 0x0, 0x0,
    0x1, 0xff, 0xff, 0xff, 0xff, 0xff, 0xff, 0xff,
    0x0, 0x0, 0x0, 0x1f, 0xff, 0xff, 0xff, 0xff,
    0xff, 0xff, 0x0, 0x0, 0x0, 0x0, 0xff, 0xff,
    0xff, 0xff, 0xff, 0xff, 0x0, 0x0, 0x0, 0x0,
    0x7, 0xff, 0xff, 0xff, 0xff, 0xfd, 0x0, 0x0,
    0x0, 0x0, 0x0, 0x1f, 0xff, 0xff, 0xff, 0xf8,
    0x0, 0x0, 0x0, 0x0, 0x0, 0x0, 0x1a, 0xff,
    0xfe, 0x40, 0x0, 0x0, 0x0,

    /* U+003A ":" */
    0x55, 0x55, 0x57, 0xff, 0xff, 0xff, 0xff, 0xff,
    0xff, 0xff, 0xff, 0xff, 0xff, 0xff, 0xff, 0xff,
    0xff, 0xff, 0xff, 0xff, 0xff, 0xff, 0xff, 0xff,
    0xff, 0xff, 0xff, 0xff, 0xff, 0xff, 0xff, 0xff,
    0xff, 0x0, 0x0, 0x0, 0x0, 0x0, 0x0, 0x0,
    0x0, 0x0, 0x0, 0x0, 0x0, 0x0, 0x0, 0x0,
    0x0, 0x0, 0x0, 0x0, 0x0, 0x0, 0x0, 0x0,
    0x0, 0x0, 0x0, 0x0, 0x0, 0x0, 0x0, 0x0,
    0x0, 0x0, 0x0, 0x0, 0x0, 0x0, 0x0, 0x0,
    0x0, 0x0, 0x0, 0x0, 0x0, 0x0, 0x0, 0x0,
    0x0, 0x0, 0x0, 0x0, 0x0, 0x0, 0x0, 0x0,
    0x55, 0x55, 0x57, 0xff, 0xff, 0xff, 0xff, 0xff,
    0xff, 0xff, 0xff, 0xff, 0xff, 0xff, 0xff, 0xff,
    0xff, 0xff, 0xff, 0xff, 0xff, 0xff, 0xff, 0xff,
    0xff, 0xff, 0xff, 0xff, 0xff, 0xff, 0xff, 0xff,
    0xff,

    /* U+003B ";" */
    0x3f, 0xff, 0xfe, 0x3f, 0xff, 0xfe, 0x3f, 0xff,
    0xfe, 0x3f, 0xff, 0xfe, 0x3f, 0xff, 0xfe, 0x3f,
    0xff, 0xfe, 0x3f, 0xff, 0xfe, 0x3f, 0xff, 0xfe,
    0x3f, 0xff, 0xfe, 0x3f, 0xff, 0xfe, 0x3f, 0xff,
    0xfe, 0x3f, 0xff, 0xfe, 0x0, 0x0, 0x0, 0x0,
    0x0, 0x0, 0x0, 0x0, 0x0, 0x0, 0x0, 0x0,
    0x0, 0x0, 0x0, 0x0, 0x0, 0x0, 0x0, 0x0,
    0x0, 0x0, 0x0, 0x0, 0x0, 0x0, 0x0, 0x0,
    0x0, 0x0, 0x0, 0x0, 0x0, 0x0, 0x0, 0x0,
    0x0, 0x0, 0x0, 0x0, 0x0, 0x0, 0x0, 0x0,
    0x0, 0x0, 0x0, 0x0, 0x0, 0x0, 0x0, 0x0,
    0x0, 0x0, 0x0, 0x0, 0x0, 0x0, 0x0, 0x0,
    0x0, 0x0, 0x0, 0x0, 0x0, 0x0, 0x0, 0x0,
    0x0, 0x0, 0x0, 0x0, 0x0, 0x0, 0x0, 0x0,
    0x0, 0x0, 0x3f, 0xff, 0xff, 0x3f, 0xff, 0xff,
    0x3f, 0xff, 0xff, 0x3f, 0xff, 0xff, 0x3f, 0xff,
    0xff, 0x3f, 0xff, 0xff, 0x3f, 0xff, 0xff, 0x3f,
    0xff, 0xff, 0x3f, 0xff, 0xff, 0x3f, 0xff, 0xff,
    0x3f, 0xff, 0xff, 0x15, 0x5b, 0xff, 0x0, 0x7,
    0xff, 0x0, 0xb, 0xff, 0x0, 0xf, 0xff, 0x0,
    0xf, 0xfe, 0x0, 0x3f, 0xfd, 0x0, 0xff, 0xfc,
    0x3f, 0xff, 0xf8, 0x2f, 0xff, 0xf0, 0x1f, 0xff,
    0xd0, 0xf, 0xff, 0x40, 0xb, 0xe4, 0x0,

    /* U+003C "<" */
    0x0, 0x0, 0x0, 0x0, 0x0, 0x0, 0x0, 0x10,
    0x0, 0x0, 0x0, 0x0, 0x0, 0x0, 0x2e, 0x0,
    0x0, 0x0, 0x0, 0x0, 0x0, 0x2f, 0xe0, 0x0,
    0x0, 0x0, 0x0, 0x0, 0x2f, 0xfe, 0x0, 0x0,
    0x0, 0x0, 0x0, 0x1f, 0xff, 0xe0, 0x0, 0x0,
    0x0, 0x0, 0x1f, 0xff, 0xfe, 0x0, 0x0, 0x0,
    0x0, 0x1f, 0xff, 0xff, 0xe0, 0x0, 0x0, 0x0,
    0xf, 0xff, 0xff, 0xfe, 0x0, 0x0, 0x0, 0xb,
    0xff, 0xff, 0xff, 0xe0, 0x0, 0x0, 0xb, 0xff,
    0xff, 0xff, 0xfe, 0x0, 0x0, 0xb, 0xff, 0xff,
    0xff, 0xff, 0xe0, 0x0, 0x7, 0xff, 0xff, 0xff,
    0xff, 0xf8, 0x0, 0x7, 0xff, 0xff, 0xff, 0xff,
    0xf8, 0x0, 0x7, 0xff, 0xff, 0xff, 0xff, 0xf8,
    0x0, 0x3, 0xff, 0xff, 0xff, 0xff, 0xf4, 0x0,
    0x2, 0xff, 0xff, 0xff, 0xff, 0xf4, 0x0, 0x0,
    0x3f, 0xff, 0xff, 0xff, 0xf4, 0x0, 0x0, 0x3,
    0xff, 0xff, 0xff, 0xf4, 0x0, 0x0, 0x0, 0x3f,
    0xff, 0xff, 0xf4, 0x0, 0x0, 0x0, 0x3, 0xff,
    0xff, 0xf4, 0x0, 0x0, 0x0, 0x0, 0x3f, 0xff,
    0xe4, 0x0, 0x0, 0x0, 0x0, 0x3, 0xff, 0xfe,
    0x0, 0x0, 0x0, 0x0, 0x0, 0x3f, 0xff, 0xfe,
    0x0, 0x0, 0x0, 0x0, 0x3, 0xff, 0xff, 0xfe,
    0x40, 0x0, 0x0, 0x0, 0x3f, 0xff, 0xff, 0xff,
    0x40, 0x0, 0x0, 0x3, 0xff, 0xff, 0xff, 0xff,
    0x40, 0x0, 0x0, 0x3f, 0xff, 0xff, 0xff, 0xff,
    0x40, 0x0, 0x0, 0x7f, 0xff, 0xff, 0xff, 0xff,
    0x40, 0x0, 0x0, 0x7f, 0xff, 0xff, 0xff, 0xff,
    0x40, 0x0, 0x0, 0xbf, 0xff, 0xff, 0xff, 0xff,
    0x40, 0x0, 0x0, 0xbf, 0xff, 0xff, 0xff, 0xff,
    0x40, 0x0, 0x0, 0xbf, 0xff, 0xff, 0xff, 0xfd,
    0x0, 0x0, 0x0, 0xbf, 0xff, 0xff, 0xff, 0xe0,
    0x0, 0x0, 0x1, 0xff, 0xff, 0xff, 0xfe, 0x0,
    0x0, 0x0, 0x1, 0xff, 0xff, 0xff, 0xe0, 0x0,
    0x0, 0x0, 0x1, 0xff, 0xff, 0xfe, 0x0, 0x0,
    0x0, 0x0, 0x1, 0xff, 0xff, 0xe0, 0x0, 0x0,
    0x0, 0x0, 0x2, 0xff, 0xfe, 0x0, 0x0, 0x0,
    0x0, 0x0, 0x2, 0xff, 0xe0, 0x0, 0x0, 0x0,
    0x0, 0x0, 0x2, 0xfe, 0x0, 0x0, 0x0, 0x0,
    0x0, 0x0, 0x7, 0xe0, 0x0, 0x0, 0x0, 0x0,
    0x0, 0x0, 0x5,

    /* U+003D "=" */
    0xbf, 0xff, 0xff, 0xff, 0xff, 0xff, 0xff, 0xfc,
    0xbf, 0xff, 0xff, 0xff, 0xff, 0xff, 0xff, 0xfc,
    0xbf, 0xff, 0xff, 0xff, 0xff, 0xff, 0xff, 0xfc,
    0xbf, 0xff, 0xff, 0xff, 0xff, 0xff, 0xff, 0xfc,
    0xbf, 0xff, 0xff, 0xff, 0xff, 0xff, 0xff, 0xfc,
    0xbf, 0xff, 0xff, 0xff, 0xff, 0xff, 0xff, 0xfc,
    0xbf, 0xff, 0xff, 0xff, 0xff, 0xff, 0xff, 0xfc,
    0xbf, 0xff, 0xff, 0xff, 0xff, 0xff, 0xff, 0xfc,
    0x0, 0x0, 0x0, 0x0, 0x0, 0x0, 0x0, 0x0,
    0x0, 0x0, 0x0, 0x0, 0x0, 0x0, 0x0, 0x0,
    0x0, 0x0, 0x0, 0x0, 0x0, 0x0, 0x0, 0x0,
    0x0, 0x0, 0x0, 0x0, 0x0, 0x0, 0x0, 0x0,
    0x0, 0x0, 0x0, 0x0, 0x0, 0x0, 0x0, 0x0,
    0x0, 0x0, 0x0, 0x0, 0x0, 0x0, 0x0, 0x0,
    0x0, 0x0, 0x0, 0x0, 0x0, 0x0, 0x0, 0x0,
    0x0, 0x0, 0x0, 0x0, 0x0, 0x0, 0x0, 0x0,
    0x0, 0x0, 0x0, 0x0, 0x0, 0x0, 0x0, 0x0,
    0x0, 0x0, 0x0, 0x0, 0x0, 0x0, 0x0, 0x0,
    0xbf, 0xff, 0xff, 0xff, 0xff, 0xff, 0xff, 0xfc,
    0xbf, 0xff, 0xff, 0xff, 0xff, 0xff, 0xff, 0xfc,
    0xbf, 0xff, 0xff, 0xff, 0xff, 0xff, 0xff, 0xfc,
    0xbf, 0xff, 0xff, 0xff, 0xff, 0xff, 0xff, 0xfc,
    0xbf, 0xff, 0xff, 0xff, 0xff, 0xff, 0xff, 0xfc,
    0xbf, 0xff, 0xff, 0xff, 0xff, 0xff, 0xff, 0xfc,
    0xbf, 0xff, 0xff, 0xff, 0xff, 0xff, 0xff, 0xfc,
    0xbf, 0xff, 0xff, 0xff, 0xff, 0xff, 0xff, 0xfc,

    /* U+003E ">" */
    0x10, 0x0, 0x0, 0x0, 0x0, 0x0, 0x0, 0x3,
    0xd0, 0x0, 0x0, 0x0, 0x0, 0x0, 0x0, 0x3f,
    0x80, 0x0, 0x0, 0x0, 0x0, 0x0, 0x3, 0xff,
    0x80, 0x0, 0x0, 0x0, 0x0, 0x0, 0x3f, 0xff,
    0x80, 0x0, 0x0, 0x0, 0x0, 0x3, 0xff, 0xff,
    0x80, 0x0, 0x0, 0x0, 0x0, 0x3f, 0xff, 0xff,
    0x40, 0x0, 0x0, 0x0, 0x3, 0xff, 0xff, 0xff,
    0x40, 0x0, 0x0, 0x0, 0x3f, 0xff, 0xff, 0xff,
    0x40, 0x0, 0x0, 0x3, 0xff, 0xff, 0xff, 0xff,
    0x0, 0x0, 0x0, 0x3f, 0xff, 0xff, 0xff, 0xfe,
    0x0, 0x0, 0x1, 0xff, 0xff, 0xff, 0xff, 0xfe,
    0x0, 0x0, 0x1, 0xff, 0xff, 0xff, 0xff, 0xfe,
    0x0, 0x0, 0x1, 0xff, 0xff, 0xff, 0xff, 0xfd,
    0x0, 0x0, 0x1, 0xff, 0xff, 0xff, 0xff, 0xfd,
    0x0, 0x0, 0x1, 0xff, 0xff, 0xff, 0xff, 0xfc,
    0x0, 0x0, 0x1, 0xbf, 0xff, 0xff, 0xff, 0xe0,
    0x0, 0x0, 0x0, 0xbf, 0xff, 0xff, 0xfe, 0x0,
    0x0, 0x0, 0x0, 0xbf, 0xff, 0xff, 0xe0, 0x0,
    0x0, 0x0, 0x0, 0xbf, 0xff, 0xfe, 0x0, 0x0,
    0x0, 0x0, 0x0, 0xbf, 0xff, 0xe0, 0x0, 0x0,
    0x0, 0x0, 0xb, 0xff, 0xfe, 0x0, 0x0, 0x0,
    0x0, 0xb, 0xff, 0xff, 0xe0, 0x0, 0x0, 0x0,
    0xb, 0xff, 0xff, 0xfe, 0x0, 0x0, 0x0, 0xb,
    0xff, 0xff, 0xff, 0xe0, 0x0, 0x0, 0xb, 0xff,
    0xff, 0xff, 0xfe, 0x0, 0x0, 0xb, 0xff, 0xff,
    0xff, 0xff, 0xd0, 0x0, 0xb, 0xff, 0xff, 0xff,
    0xff, 0xe0, 0x0, 0xb, 0xff, 0xff, 0xff, 0xff,
    0xe0, 0x0, 0xb, 0xff, 0xff, 0xff, 0xff, 0xe0,
    0x0, 0x1f, 0xff, 0xff, 0xff, 0xff, 0xf0, 0x0,
    0x3, 0xff, 0xff, 0xff, 0xff, 0xf4, 0x0, 0x0,
    0x3f, 0xff, 0xff, 0xff, 0xf4, 0x0, 0x0, 0x3,
    0xff, 0xff, 0xff, 0xf4, 0x0, 0x0, 0x0, 0x3f,
    0xff, 0xff, 0xf8, 0x0, 0x0, 0x0, 0x3, 0xff,
    0xff, 0xf8, 0x0, 0x0, 0x0, 0x0, 0x3f, 0xff,
    0xf8, 0x0, 0x0, 0x0, 0x0, 0x3, 0xff, 0xf8,
    0x0, 0x0, 0x0, 0x0, 0x0, 0x3f, 0xfd, 0x0,
    0x0, 0x0, 0x0, 0x0, 0x3, 0xfd, 0x0, 0x0,
    0x0, 0x0, 0x0, 0x0, 0x3d, 0x0, 0x0, 0x0,
    0x0, 0x0, 0x0, 0x1, 0x0, 0x0, 0x0, 0x0,
    0x0, 0x0, 0x0,

    /* U+003F "?" */
    0x0, 0x0, 0x0, 0x1, 0x55, 0x54, 0x0, 0x0,
    0x0, 0x0, 0x0, 0x0, 0x1, 0xbf, 0xff, 0xff,
    0xf4, 0x0, 0x0, 0x0, 0x0, 0x0, 0x2f, 0xff,
    0xff, 0xff, 0xff, 0xd0, 0x0, 0x0, 0x0, 0x1,
    0xff, 0xff, 0xff, 0xff, 0xff, 0xfc, 0x0, 0x0,
    0x0, 0xb, 0xff, 0xff, 0xff, 0xff, 0xff, 0xff,
    0x40, 0x0, 0x0, 0x3f, 0xff, 0xff, 0xff, 0xff,
    0xff, 0xff, 0xd0, 0x0, 0x0, 0xff, 0xff, 0xff,
    0xff, 0xff, 0xff, 0xff, 0xf4, 0x0, 0x2, 0xff,
    0xff, 0xff, 0xff, 0xff, 0xff, 0xff, 0xfd, 0x0,
    0x7, 0xff, 0xff, 0xff, 0xff, 0xff, 0xff, 0xff,
    0xff, 0x0, 0xf, 0xff, 0xff, 0xff, 0xff, 0xff,
    0xff, 0xff, 0xff, 0x80, 0x1f, 0xff, 0xff, 0xfd,
    0x0, 0x7, 0xff, 0xff, 0xff, 0xc0, 0x3f, 0xff,
    0xff, 0xe0, 0x0, 0x0, 0x7f, 0xff, 0xff, 0xe0,
    0x3f, 0xff, 0xff, 0x40, 0x0, 0x0, 0xf, 0xff,
    0xff, 0xf0, 0x7f, 0xff, 0xfe, 0x0, 0x0, 0x0,
    0x7, 0xff, 0xff, 0xf0, 0xbf, 0xff, 0xfc, 0x0,
    0x0, 0x0, 0x3, 0xff, 0xff, 0xf4, 0xff, 0xff,
    0xfc, 0x0, 0x0, 0x0, 0x1, 0xff, 0xff, 0xf8,
    0xff, 0xff, 0xf8, 0x0, 0x0, 0x0, 0x0, 0xff,
    0xff, 0xfc, 0xff, 0xff, 0xf4, 0x0, 0x0, 0x0,
    0x0, 0xbf, 0xff, 0xfc, 0xff, 0xff, 0xf4, 0x0,
    0x0, 0x0, 0x0, 0x7f, 0xff, 0xfc, 0xff, 0xff,
    0xf4, 0x0, 0x0, 0x0, 0x0, 0x7f, 0xff, 0xfc,
    0xff, 0xff, 0xf8, 0x0, 0x0, 0x0, 0x0, 0x7f,
    0xff, 0xfc, 0xff, 0xff, 0xfc, 0x0, 0x0, 0x0,
    0x0, 0x7f, 0xff, 0xfc, 0xbf, 0xff, 0xfc, 0x0,
    0x0, 0x0, 0x0, 0x7f, 0xff, 0xfc, 0x7f, 0xff,
    0xa4, 0x0, 0x0, 0x0, 0x0, 0x7f, 0xff, 0xfc,
    0x3e, 0x50, 0x0, 0x0, 0x0, 0x0, 0x0, 0xbf,
    0xff, 0xfc, 0x0, 0x0, 0x0, 0x0, 0x0, 0x0,
    0x0, 0xbf, 0xff, 0xfc, 0x0, 0x0, 0x0, 0x0,
    0x0, 0x0, 0x0, 0xff, 0xff, 0xfc, 0x0, 0x0,
    0x0, 0x0, 0x0, 0x0, 0x0, 0xff, 0xff, 0xf8,
    0x0, 0x0, 0x0, 0x0, 0x0, 0x0, 0x1, 0xff,
    0xff, 0xf4, 0x0, 0x0, 0x0, 0x0, 0x0, 0x0,
    0x3, 0xff, 0xff, 0xf0, 0x0, 0x0, 0x0, 0x0,
    0x0, 0x0, 0x3, 0xff, 0xff, 0xf0, 0x0, 0x0,
    0x0, 0x0, 0x0, 0x0, 0xb, 0xff, 0xff, 0xd0,
    0x0, 0x0, 0x0, 0x0, 0x0, 0x0, 0xf, 0xff,
    0xff, 0xc0, 0x0, 0x0, 0x0, 0x0, 0x0, 0x0,
    0x2f, 0xff, 0xff, 0x80, 0x0, 0x0, 0x0, 0x0,
    0x0, 0x0, 0x3f, 0xff, 0xff, 0x0, 0x0, 0x0,
    0x0, 0x0, 0x0, 0x0, 0xff, 0xff, 0xfe, 0x0,
    0x0, 0x0, 0x0, 0x0, 0x0, 0x1, 0xff, 0xff,
    0xfc, 0x0, 0x0, 0x0, 0x0, 0x0, 0x0, 0x3,
    0xff, 0xff, 0xf8, 0x0, 0x0, 0x0, 0x0, 0x0,
    0x0, 0xf, 0xff, 0xff, 0xf0, 0x0, 0x0, 0x0,
    0x0, 0x0, 0x0, 0x2f, 0xff, 0xff, 0xc0, 0x0,
    0x0, 0x0, 0x0, 0x0, 0x0, 0xbf, 0xff, 0xff,
    0x40, 0x0, 0x0, 0x0, 0x0, 0x0, 0x2, 0xff,
    0xff, 0xfe, 0x0, 0x0, 0x0, 0x0, 0x0, 0x0,
    0x7, 0xff, 0xff, 0xfc, 0x0, 0x0, 0x0, 0x0,
    0x0, 0x0, 0x1f, 0xff, 0xff, 0xf0, 0x0, 0x0,
    0x0, 0x0, 0x0, 0x0, 0x7f, 0xff, 0xff, 0xc0,
    0x0, 0x0, 0x0, 0x0, 0x0, 0x1, 0xff, 0xff,
    0xff, 0x0, 0x0, 0x0, 0x0, 0x0, 0x0, 0x7,
    0xff, 0xff, 0xfc, 0x0, 0x0, 0x0, 0x0, 0x0,
    0x0, 0x1f, 0xff, 0xff, 0xf0, 0x0, 0x0, 0x0,
    0x0, 0x0, 0x0, 0xbf, 0xff, 0xff, 0xc0, 0x0,
    0x0, 0x0, 0x0, 0x0, 0x2, 0xff, 0xff, 0xff,
    0x0, 0x0, 0x0, 0x0, 0x0, 0x0, 0x3, 0xff,
    0xff, 0xfc, 0x0, 0x0, 0x0, 0x0, 0x0, 0x0,
    0x3, 0xff, 0xff, 0xe0, 0x0, 0x0, 0x0, 0x0,
    0x0, 0x0, 0x3, 0xff, 0xff, 0x80, 0x0, 0x0,
    0x0, 0x0, 0x0, 0x0, 0x3, 0xff, 0xff, 0x40,
    0x0, 0x0, 0x0, 0x0, 0x0, 0x0, 0x3, 0xff,
    0xff, 0x40, 0x0, 0x0, 0x0, 0x0, 0x0, 0x0,
    0x3, 0xff, 0xff, 0x40, 0x0, 0x0, 0x0, 0x0,
    0x0, 0x0, 0x3, 0xff, 0xff, 0x40, 0x0, 0x0,
    0x0, 0x0, 0x0, 0x0, 0x3, 0xff, 0xff, 0x40,
    0x0, 0x0, 0x0, 0x0, 0x0, 0x0, 0x3, 0xff,
    0xff, 0x40, 0x0, 0x0, 0x0, 0x0, 0x0, 0x0,
    0x3, 0xff, 0xff, 0x40, 0x0, 0x0, 0x0, 0x0,
    0x0, 0x0, 0x3, 0xff, 0xff, 0x40, 0x0, 0x0,
    0x0, 0x0, 0x0, 0x0, 0x3, 0xff, 0xff, 0x40,
    0x0, 0x0, 0x0, 0x0, 0x0, 0x0, 0x2, 0xaa,
    0xaa, 0x0, 0x0, 0x0, 0x0, 0x0, 0x0, 0x0,
    0x0, 0x0, 0x0, 0x0, 0x0, 0x0, 0x0, 0x0,
    0x0, 0x0, 0x0, 0x0, 0x0, 0x0, 0x0, 0x0,
    0x0, 0x0, 0x0, 0x0, 0x0, 0x0, 0x0, 0x0,
    0x0, 0x0, 0x0, 0x0, 0x0, 0x0, 0x0, 0x0,
    0x0, 0x0, 0x0, 0x0, 0x0, 0x0, 0x0, 0x0,
    0x0, 0x0, 0x0, 0x0, 0x0, 0x0, 0x0, 0x0,
    0x0, 0x0, 0x0, 0x0, 0x0, 0x0, 0x0, 0x0,
    0x0, 0x0, 0x0, 0x0, 0x0, 0x0, 0x0, 0x0,
    0x0, 0x0, 0x0, 0x0, 0x0, 0x0, 0x0, 0x0,
    0x0, 0x0, 0x0, 0x0, 0x0, 0x0, 0x0, 0x0,
    0x0, 0x0, 0x0, 0x0, 0x0, 0x0, 0x0, 0x0,
    0x0, 0x0, 0xb, 0xff, 0xff, 0xc0, 0x0, 0x0,
    0x0, 0x0, 0x0, 0x0, 0xb, 0xff, 0xff, 0xc0,
    0x0, 0x0, 0x0, 0x0, 0x0, 0x0, 0xb, 0xff,
    0xff, 0xc0, 0x0, 0x0, 0x0, 0x0, 0x0, 0x0,
    0xb, 0xff, 0xff, 0xc0, 0x0, 0x0, 0x0, 0x0,
    0x0, 0x0, 0xb, 0xff, 0xff, 0xc0, 0x0, 0x0,
    0x0, 0x0, 0x0, 0x0, 0xb, 0xff, 0xff, 0xc0,
    0x0, 0x0, 0x0, 0x0, 0x0, 0x0, 0xb, 0xff,
    0xff, 0xc0, 0x0, 0x0, 0x0, 0x0, 0x0, 0x0,
    0xb, 0xff, 0xff, 0xc0, 0x0, 0x0, 0x0, 0x0,
    0x0, 0x0, 0xb, 0xff, 0xff, 0xc0, 0x0, 0x0,
    0x0, 0x0, 0x0, 0x0, 0xb, 0xff, 0xff, 0xc0,
    0x0, 0x0, 0x0, 0x0, 0x0, 0x0, 0xb, 0xff,
    0xff, 0xc0, 0x0, 0x0, 0x0, 0x0,

    /* U+0040 "@" */
    0x0, 0x0, 0x0, 0x0, 0x0, 0x0, 0x0, 0x0,
    0x0, 0x16, 0xbf, 0xff, 0xfe, 0x90, 0x0, 0x0,
    0x0, 0x0, 0x0, 0x0, 0x0, 0x0, 0x0, 0x0,
    0x0, 0x0, 0x0, 0x0, 0x6, 0xff, 0xff, 0xff,
    0xff, 0xff, 0xf9, 0x0, 0x0, 0x0, 0x0, 0x0,
    0x0, 0x0, 0x0, 0x0, 0x0, 0x0, 0x0, 0x0,
    0x1b, 0xff, 0xff, 0xff, 0xff, 0xff, 0xff, 0xff,
    0x40, 0x0, 0x0, 0x0, 0x0, 0x0, 0x0, 0x0,
    0x0, 0x0, 0x0, 0x0, 0x2f, 0xff, 0xff, 0xff,
    0xff, 0xff, 0xff, 0xff, 0xff, 0x40, 0x0, 0x0,
    0x0, 0x0, 0x0, 0x0, 0x0, 0x0, 0x0, 0x0,
    0x2f, 0xff, 0xff, 0xff, 0xff, 0xff, 0xff, 0xff,
    0xff, 0xff, 0x40, 0x0, 0x0, 0x0, 0x0, 0x0,
    0x0, 0x0, 0x0, 0x0, 0x2f, 0xff, 0xff, 0xff,
    0xff, 0xff, 0xff, 0xff, 0xff, 0xff, 0xfe, 0x0,
    0x0, 0x0, 0x0, 0x0, 0x0, 0x0, 0x0, 0x0,
    0x2f, 0xff, 0xff, 0xff, 0xff, 0xff, 0xff, 0xff,
    0xff, 0xff, 0xff, 0xfc, 0x0, 0x0, 0x0, 0x0,
    0x0, 0x0, 0x0, 0x0, 0xf, 0xff, 0xff, 0xff,
    0xff, 0xff, 0xff, 0xff, 0xff, 0xff, 0xff, 0xff,
    0xf4, 0x0, 0x0, 0x0, 0x0, 0x0, 0x0, 0x0,
    0x7, 0xff, 0xff, 0xff, 0xff, 0xff, 0xea, 0x56,
    0xaf, 0xff, 0xff, 0xff, 0xff, 0xe0, 0x0, 0x0,
    0x0, 0x0, 0x0, 0x0, 0x2, 0xff, 0xff, 0xff,
    0xff, 0xf9, 0x0, 0x0, 0x0, 0x1, 0xbf, 0xff,
    0xff, 0xff, 0x80, 0x0, 0x0, 0x0, 0x0, 0x0,
    0x0, 0xff, 0xff, 0xff, 0xff, 0xe0, 0x0, 0x0,
    0x0, 0x0, 0x0, 0x6f, 0xff, 0xff, 0xfd, 0x0,
    0x0, 0x0, 0x0, 0x0, 0x0, 0x3f, 0xff, 0xff,
    0xff, 0xd0, 0x0, 0x0, 0x0, 0x0, 0x0, 0x0,
    0x2f, 0xff, 0xff, 0xf4, 0x0, 0x0, 0x0, 0x0,
    0x0, 0xf, 0xff, 0xff, 0xff, 0xd0, 0x0, 0x0,
    0x0, 0x0, 0x0, 0x0, 0x0, 0x7f, 0xff, 0xff,
    0xc0, 0x0, 0x0, 0x0, 0x0, 0x3, 0xff, 0xff,
    0xff, 0xe0, 0x0, 0x0, 0x0, 0x0, 0x0, 0x0,
    0x0, 0x0, 0xbf, 0xff, 0xff, 0x0, 0x0, 0x0,
    0x0, 0x0, 0xbf, 0xff, 0xff, 0xf4, 0x0, 0x0,
    0x0, 0x0, 0x0, 0x0, 0x0, 0x0, 0x1, 0xff,
    0xff, 0xf4, 0x0, 0x0, 0x0, 0x0, 0x1f, 0xff,
    0xff, 0xfc, 0x0, 0x0, 0x0, 0x0, 0x0, 0x0,
    0x0, 0x0, 0x0, 0x7, 0xff, 0xff, 0xc0, 0x0,
    0x0, 0x0, 0x3, 0xff, 0xff, 0xff, 0x0, 0x0,
    0x0, 0x0, 0x0, 0x0, 0x0, 0x0, 0x0, 0x0,
    0x1f, 0xff, 0xfe, 0x0, 0x0, 0x0, 0x0, 0xff,
    0xff, 0xff, 0x80, 0x0, 0x0, 0x0, 0x0, 0x0,
    0x0, 0x0, 0x0, 0x0, 0x0, 0xbf, 0xff, 0xf0,
    0x0, 0x0, 0x0, 0x2f, 0xff, 0xff, 0xf0, 0x0,
    0x0, 0x0, 0x0, 0x0, 0x0, 0x0, 0x0, 0x0,
    0x0, 0x3, 0xff, 0xff, 0x80, 0x0, 0x0, 0x3,
    0xff, 0xff, 0xfc, 0x0, 0x0, 0x0, 0x0, 0x0,
    0x0, 0x0, 0x0, 0x0, 0x0, 0x0, 0xf, 0xff,
    0xfc, 0x0, 0x0, 0x0, 0xff, 0xff, 0xff, 0x0,
    0x0, 0x0, 0x0, 0x0, 0x0, 0x0, 0x0, 0x0,
    0x0, 0x0, 0x0, 0x7f, 0xff, 0xe0, 0x0, 0x0,
    0x1f, 0xff, 0xff, 0xd0, 0x0, 0x0, 0x0, 0x0,
    0x1, 0xbf, 0xf9, 0x0, 0x0, 0x0, 0x0, 0x3,
    0xff, 0xff, 0x0, 0x0, 0x3, 0xff, 0xff, 0xf8,
    0x0, 0x0, 0x0, 0x0, 0x2, 0xff, 0xff, 0xfd,
    0x2f, 0xff, 0xe0, 0x0, 0x1f, 0xff, 0xf4, 0x0,
    0x0, 0x7f, 0xff, 0xff, 0x0, 0x0, 0x0, 0x0,
    0x1, 0xff, 0xff, 0xff, 0xff, 0xff, 0xfd, 0x0,
    0x0, 0xff, 0xff, 0xc0, 0x0, 0xf, 0xff, 0xff,
    0xd0, 0x0, 0x0, 0x0, 0x0, 0xff, 0xff, 0xff,
    0xff, 0xff, 0xff, 0xd0, 0x0, 0x7, 0xff, 0xfc,
    0x0, 0x0, 0xff, 0xff, 0xfc, 0x0, 0x0, 0x0,
    0x0, 0x7f, 0xff, 0xff, 0xff, 0xff, 0xff, 0xfc,
    0x0, 0x0, 0x3f, 0xff, 0xd0, 0x0, 0x2f, 0xff,
    0xff, 0x40, 0x0, 0x0, 0x0, 0x1f, 0xff, 0xff,
    0xff, 0xff, 0xff, 0xff, 0xc0, 0x0, 0x2, 0xff,
    0xfe, 0x0, 0x3, 0xff, 0xff, 0xf0, 0x0, 0x0,
    0x0, 0x7, 0xff, 0xff, 0xff, 0xff, 0xff, 0xff,
    0xfc, 0x0, 0x0, 0x1f, 0xff, 0xf0, 0x0, 0x7f,
    0xff, 0xfd, 0x0, 0x0, 0x0, 0x1, 0xff, 0xff,
    0xff, 0xff, 0xff, 0xff, 0xff, 0x80, 0x0, 0x0,
    0xff, 0xff, 0x0, 0xb, 0xff, 0xff, 0xc0, 0x0,
    0x0, 0x0, 0x3f, 0xff, 0xff, 0xf9, 0x0, 0x7f,
    0xff, 0xf8, 0x0, 0x0, 0xf, 0xff, 0xf4, 0x0,
    0xff, 0xff, 0xf4, 0x0, 0x0, 0x0, 0xf, 0xff,
    0xff, 0xfc, 0x0, 0x3, 0xff, 0xff, 0x40, 0x0,
    0x0, 0xbf, 0xff, 0x40, 0x1f, 0xff, 0xff, 0x0,
    0x0, 0x0, 0x2, 0xff, 0xff, 0xfe, 0x0, 0x0,
    0x7f, 0xff, 0xf0, 0x0, 0x0, 0x7, 0xff, 0xf8,
    0x2, 0xff, 0xff, 0xe0, 0x0, 0x0, 0x0, 0x3f,
    0xff, 0xff, 0x40, 0x0, 0x7, 0xff, 0xff, 0x0,
    0x0, 0x0, 0x7f, 0xff, 0x80, 0x3f, 0xff, 0xfd,
    0x0, 0x0, 0x0, 0xf, 0xff, 0xff, 0xe0, 0x0,
    0x0, 0xbf, 0xff, 0xf0, 0x0, 0x0, 0x3, 0xff,
    0xfc, 0x3, 0xff, 0xff, 0xc0, 0x0, 0x0, 0x1,
    0xff, 0xff, 0xf8, 0x0, 0x0, 0xf, 0xff, 0xfe,
    0x0, 0x0, 0x0, 0x3f, 0xff, 0xc0, 0x7f, 0xff,
    0xfc, 0x0, 0x0, 0x0, 0x3f, 0xff, 0xff, 0x0,
    0x0, 0x0, 0xff, 0xff, 0xe0, 0x0, 0x0, 0x3,
    0xff, 0xfc, 0xb, 0xff, 0xff, 0x80, 0x0, 0x0,
    0x7, 0xff, 0xff, 0xd0, 0x0, 0x0, 0xf, 0xff,
    0xfd, 0x0, 0x0, 0x0, 0x3f, 0xff, 0xc0, 0xff,
    0xff, 0xf4, 0x0, 0x0, 0x0, 0xff, 0xff, 0xf8,
    0x0, 0x0, 0x0, 0xff, 0xff, 0xd0, 0x0, 0x0,
    0x2, 0xff, 0xfc, 0xf, 0xff, 0xff, 0x0, 0x0,
    0x0, 0x1f, 0xff, 0xff, 0x0, 0x0, 0x0, 0x1f,
    0xff, 0xfc, 0x0, 0x0, 0x0, 0x2f, 0xff, 0xc0,
    0xff, 0xff, 0xf0, 0x0, 0x0, 0x2, 0xff, 0xff,
    0xe0, 0x0, 0x0, 0x2, 0xff, 0xff, 0xc0, 0x0,
    0x0, 0x2, 0xff, 0xfc, 0x1f, 0xff, 0xfe, 0x0,
    0x0, 0x0, 0x3f, 0xff, 0xfc, 0x0, 0x0, 0x0,
    0x2f, 0xff, 0xfc, 0x0, 0x0, 0x0, 0x2f, 0xff,
    0xc1, 0xff, 0xff, 0xd0, 0x0, 0x0, 0x7, 0xff,
    0xff, 0xc0, 0x0, 0x0, 0x3, 0xff, 0xff, 0x80,
    0x0, 0x0, 0x2, 0xff, 0xfc, 0x2f, 0xff, 0xfd,
    0x0, 0x0, 0x0, 0xbf, 0xff, 0xf4, 0x0, 0x0,
    0x0, 0x3f, 0xff, 0xf8, 0x0, 0x0, 0x0, 0x3f,
    0xff, 0xc2, 0xff, 0xff, 0xc0, 0x0, 0x0, 0xf,
    0xff, 0xff, 0x0, 0x0, 0x0, 0x3, 0xff, 0xff,
    0x40, 0x0, 0x0, 0x3, 0xff, 0xfc, 0x2f, 0xff,
    0xfc, 0x0, 0x0, 0x0, 0xff, 0xff, 0xf0, 0x0,
    0x0, 0x0, 0x3f, 0xff, 0xf0, 0x0, 0x0, 0x0,
    0x3f, 0xff, 0xc3, 0xff, 0xff, 0xc0, 0x0, 0x0,
    0x1f, 0xff, 0xfe, 0x0, 0x0, 0x0, 0x7, 0xff,
    0xff, 0x0, 0x0, 0x0, 0x3, 0xff, 0xf8, 0x3f,
    0xff, 0xfc, 0x0, 0x0, 0x2, 0xff, 0xff, 0xd0,
    0x0, 0x0, 0x0, 0xbf, 0xff, 0xf0, 0x0, 0x0,
    0x0, 0x3f, 0xff, 0x83, 0xff, 0xff, 0xc0, 0x0,
    0x0, 0x3f, 0xff, 0xfc, 0x0, 0x0, 0x0, 0xb,
    0xff, 0xfe, 0x0, 0x0, 0x0, 0x7, 0xff, 0xf4,
    0x3f, 0xff, 0xf8, 0x0, 0x0, 0x3, 0xff, 0xff,
    0xc0, 0x0, 0x0, 0x0, 0xff, 0xff, 0xe0, 0x0,
    0x0, 0x0, 0x7f, 0xff, 0x3, 0xff, 0xff, 0x80,
    0x0, 0x0, 0x3f, 0xff, 0xfc, 0x0, 0x0, 0x0,
    0xf, 0xff, 0xfd, 0x0, 0x0, 0x0, 0xb, 0xff,
    0xf0, 0x3f, 0xff, 0xf8, 0x0, 0x0, 0x3, 0xff,
    0xff, 0xc0, 0x0, 0x0, 0x0, 0xff, 0xff, 0xd0,
    0x0, 0x0, 0x0, 0xff, 0xff, 0x3, 0xff, 0xff,
    0x80, 0x0, 0x0, 0x3f, 0xff, 0xfc, 0x0, 0x0,
    0x0, 0x1f, 0xff, 0xfc, 0x0, 0x0, 0x0, 0xf,
    0xff, 0xe0, 0x3f, 0xff, 0xf8, 0x0, 0x0, 0x7,
    0xff, 0xff, 0x80, 0x0, 0x0, 0x1, 0xff, 0xff,
    0xc0, 0x0, 0x0, 0x1, 0xff, 0xfc, 0x3, 0xff,
    0xff, 0x80, 0x0, 0x0, 0x7f, 0xff, 0xf8, 0x0,
    0x0, 0x0, 0x2f, 0xff, 0xfc, 0x0, 0x0, 0x0,
    0x3f, 0xff, 0xc0, 0x3f, 0xff, 0xf8, 0x0, 0x0,
    0x7, 0xff, 0xff, 0x80, 0x0, 0x0, 0x3, 0xff,
    0xff, 0x80, 0x0, 0x0, 0x3, 0xff, 0xf8, 0x3,
    0xff, 0xff, 0x80, 0x0, 0x0, 0x3f, 0xff, 0xfc,
    0x0, 0x0, 0x0, 0x3f, 0xff, 0xf8, 0x0, 0x0,
    0x0, 0xbf, 0xff, 0x0, 0x3f, 0xff, 0xf8, 0x0,
    0x0, 0x3, 0xff, 0xff, 0xc0, 0x0, 0x0, 0x7,
    0xff, 0xff, 0x40, 0x0, 0x0, 0xf, 0xff, 0xf0,
    0x3, 0xff, 0xff, 0xc0, 0x0, 0x0, 0x3f, 0xff,
    0xfc, 0x0, 0x0, 0x0, 0xff, 0xff, 0xf0, 0x0,
    0x0, 0x2, 0xff, 0xfd, 0x0, 0x3f, 0xff, 0xfc,
    0x0, 0x0, 0x3, 0xff, 0xff, 0xd0, 0x0, 0x0,
    0x1f, 0xff, 0xff, 0x0, 0x0, 0x0, 0x3f, 0xff,
    0xc0, 0x3, 0xff, 0xff, 0xc0, 0x0, 0x0, 0x2f,
    0xff, 0xfe, 0x0, 0x0, 0x3, 0xff, 0xff, 0xf0,
    0x0, 0x0, 0xb, 0xff, 0xf4, 0x0, 0x2f, 0xff,
    0xfc, 0x0, 0x0, 0x1, 0xff, 0xff, 0xf0, 0x0,
    0x0, 0xbf, 0xff, 0xff, 0x0, 0x0, 0x1, 0xff,
    0xfe, 0x0, 0x2, 0xff, 0xff, 0xd0, 0x0, 0x0,
    0xf, 0xff, 0xff, 0x80, 0x0, 0x2f, 0xff, 0xff,
    0xf0, 0x0, 0x0, 0x3f, 0xff, 0xc0, 0x0, 0x1f,
    0xff, 0xfd, 0x0, 0x0, 0x0, 0xff, 0xff, 0xfe,
    0x0, 0xb, 0xff, 0xff, 0xfe, 0x0, 0x0, 0xf,
    0xff, 0xf4, 0x0, 0x0, 0xff, 0xff, 0xe0, 0x0,
    0x0, 0x7, 0xff, 0xff, 0xfe, 0x5b, 0xff, 0xff,
    0xff, 0xe0, 0x0, 0x7, 0xff, 0xfe, 0x0, 0x0,
    0xf, 0xff, 0xff, 0x0, 0x0, 0x0, 0x3f, 0xff,
    0xff, 0xff, 0xff, 0xfa, 0xff, 0xff, 0x0, 0x2,
    0xff, 0xff, 0xc0, 0x0, 0x0, 0xff, 0xff, 0xf0,
    0x0, 0x0, 0x1, 0xff, 0xff, 0xff, 0xff, 0xff,
    0x5f, 0xff, 0xf8, 0x6, 0xff, 0xff, 0xf0, 0x0,
    0x0, 0xb, 0xff, 0xff, 0x40, 0x0, 0x0, 0xb,
    0xff, 0xff, 0xff, 0xff, 0xf0, 0xff, 0xff, 0xff,
    0xff, 0xff, 0xfc, 0x0, 0x0, 0x0, 0x7f, 0xff,
    0xfc, 0x0, 0x0, 0x0, 0x3f, 0xff, 0xff, 0xff,
    0xfc, 0x7, 0xff, 0xff, 0xff, 0xff, 0xfe, 0x0,
    0x0, 0x0, 0x3, 0xff, 0xff, 0xc0, 0x0, 0x0,
    0x0, 0xff, 0xff, 0xff, 0xff, 0x80, 0x3f, 0xff,
    0xff, 0xff, 0xff, 0x40, 0x0, 0x0, 0x0, 0x3f,
    0xff, 0xfe, 0x0, 0x0, 0x0, 0x2, 0xff, 0xff,
    0xff, 0xe0, 0x0, 0xff, 0xff, 0xff, 0xff, 0x80,
    0x0, 0x0, 0x0, 0x1, 0xff, 0xff, 0xf0, 0x0,
    0x0, 0x0, 0x7, 0xff, 0xff, 0xf4, 0x0, 0x2,
    0xff, 0xff, 0xff, 0x80, 0x0, 0x0, 0x0, 0x0,
    0xf, 0xff, 0xff, 0x80, 0x0, 0x0, 0x0, 0x1,
    0xaa, 0xa4, 0x0, 0x0, 0x1, 0xbf, 0xfa, 0x40,
    0x0, 0x0, 0x0, 0x0, 0x0, 0xbf, 0xff, 0xfc,
    0x0, 0x0, 0x0, 0x0, 0x0, 0x0, 0x0, 0x0,
    0x0, 0x0, 0x0, 0x0, 0x0, 0x0, 0x0, 0x0,
    0x0, 0x3, 0xff, 0xff, 0xe0, 0x0, 0x0, 0x0,
    0x0, 0x0, 0x0, 0x0, 0x0, 0x0, 0x0, 0x0,
    0x0, 0x0, 0x0, 0x0, 0x0, 0x0, 0x3f, 0xff,
    0xff, 0x40, 0x0, 0x0, 0x0, 0x0, 0x0, 0x0,
    0x0, 0x0, 0x0, 0x0, 0x0, 0x0, 0x0, 0x0,
    0x0, 0x0, 0x1, 0xff, 0xff, 0xfc, 0x0, 0x0,
    0x0, 0x0, 0x0, 0x0, 0x0, 0x0, 0x0, 0x0,
    0x0, 0x0, 0x0, 0x0, 0x0, 0x0, 0x0, 0xb,
    0xff, 0xff, 0xf0, 0x0, 0x0, 0x0, 0x0, 0x0,
    0x0, 0x0, 0x0, 0x0, 0x0, 0x0, 0x0, 0x0,
    0x0, 0x0, 0x0, 0x0, 0x3f, 0xff, 0xff, 0x80,
    0x0, 0x0, 0x0, 0x0, 0x0, 0x0, 0x0, 0x0,
    0x0, 0x0, 0x0, 0x0, 0x0, 0x0, 0x0, 0x0,
    0x2, 0xff, 0xff, 0xfe, 0x0, 0x0, 0x0, 0x0,
    0x0, 0x0, 0x0, 0x0, 0x0, 0x0, 0x0, 0x0,
    0x0, 0x0, 0x0, 0x0, 0x0, 0xf, 0xff, 0xff,
    0xfc, 0x0, 0x0, 0x0, 0x0, 0x0, 0x0, 0x0,
    0x0, 0x0, 0x0, 0x0, 0x0, 0x0, 0x0, 0x0,
    0x0, 0x0, 0x3f, 0xff, 0xff, 0xf0, 0x0, 0x0,
    0x0, 0x0, 0x0, 0x0, 0x0, 0x0, 0x0, 0x0,
    0x0, 0x0, 0x0, 0x0, 0x0, 0x0, 0x1, 0xff,
    0xff, 0xff, 0xe0, 0x0, 0x0, 0x0, 0x0, 0x0,
    0x0, 0x0, 0x0, 0x0, 0x0, 0x0, 0x0, 0x0,
    0x0, 0x0, 0x0, 0xb, 0xff, 0xff, 0xff, 0xd0,
    0x0, 0x0, 0x0, 0x0, 0x0, 0x0, 0x0, 0x0,
    0x0, 0x0, 0x0, 0x0, 0x0, 0x0, 0x0, 0x0,
    0x2f, 0xff, 0xff, 0xff, 0xd0, 0x0, 0x0, 0x0,
    0x0, 0x0, 0x0, 0x0, 0x0, 0x0, 0x0, 0x0,
    0x0, 0x0, 0x0, 0x0, 0x0, 0xbf, 0xff, 0xff,
    0xff, 0xe0, 0x0, 0x0, 0x0, 0x0, 0x0, 0x0,
    0x6, 0xc0, 0x0, 0x0, 0x0, 0x0, 0x0, 0x0,
    0x0, 0x1, 0xff, 0xff, 0xff, 0xff, 0xf9, 0x0,
    0x0, 0x0, 0x0, 0x1, 0x6f, 0xfd, 0x0, 0x0,
    0x0, 0x0, 0x0, 0x0, 0x0, 0x0, 0x7, 0xff,
    0xff, 0xff, 0xff, 0xff, 0xe9, 0x55, 0x56, 0xaf,
    0xff, 0xff, 0xe0, 0x0, 0x0, 0x0, 0x0, 0x0,
    0x0, 0x0, 0x0, 0xf, 0xff, 0xff, 0xff, 0xff,
    0xff, 0xff, 0xff, 0xff, 0xff, 0xff, 0xff, 0x0,
    0x0, 0x0, 0x0, 0x0, 0x0, 0x0, 0x0, 0x0,
    0x2f, 0xff, 0xff, 0xff, 0xff, 0xff, 0xff, 0xff,
    0xff, 0xff, 0xff, 0xf0, 0x0, 0x0, 0x0, 0x0,
    0x0, 0x0, 0x0, 0x0, 0x0, 0x2f, 0xff, 0xff,
    0xff, 0xff, 0xff, 0xff, 0xff, 0xff, 0xff, 0xff,
    0x40, 0x0, 0x0, 0x0, 0x0, 0x0, 0x0, 0x0,
    0x0, 0x0, 0x2f, 0xff, 0xff, 0xff, 0xff, 0xff,
    0xff, 0xff, 0xff, 0xff, 0xf8, 0x0, 0x0, 0x0,
    0x0, 0x0, 0x0, 0x0, 0x0, 0x0, 0x0, 0x2f,
    0xff, 0xff, 0xff, 0xff, 0xff, 0xff, 0xff, 0xff,
    0xff, 0xc0, 0x0, 0x0, 0x0, 0x0, 0x0, 0x0,
    0x0, 0x0, 0x0, 0x0, 0x1b, 0xff, 0xff, 0xff,
    0xff, 0xff, 0xff, 0xff, 0xfe, 0x40, 0x0, 0x0,
    0x0, 0x0, 0x0, 0x0, 0x0, 0x0, 0x0, 0x0,
    0x0, 0x6, 0xff, 0xff, 0xff, 0xff, 0xff, 0xff,
    0xe4, 0x0, 0x0, 0x0, 0x0, 0x0, 0x0, 0x0,
    0x0, 0x0, 0x0, 0x0, 0x0, 0x0, 0x0, 0x16,
    0xbf, 0xff, 0xff, 0xa5, 0x0, 0x0, 0x0, 0x0,
    0x0, 0x0, 0x0, 0x0,

    /* U+0041 "A" */
    0x0, 0x0, 0x0, 0x0, 0xf, 0xff, 0xff, 0xc0,
    0x0, 0x0, 0x0, 0x0, 0x0, 0x0, 0x0, 0x0,
    0x3f, 0xff, 0xff, 0x40, 0x0, 0x0, 0x0, 0x0,
    0x0, 0x0, 0x0, 0x1, 0xff, 0xff, 0xfe, 0x0,
    0x0, 0x0, 0x0, 0x0, 0x0, 0x0, 0x0, 0xb,
    0xff, 0xff, 0xf8, 0x0, 0x0, 0x0, 0x0, 0x0,
    0x0, 0x0, 0x0, 0x3f, 0xff, 0xff, 0xf0, 0x0,
    0x0, 0x0, 0x0, 0x0, 0x0, 0x0, 0x0, 0xff,
    0xff, 0xff, 0xc0, 0x0, 0x0, 0x0, 0x0, 0x0,
    0x0, 0x0, 0x7, 0xff, 0xff, 0xff, 0x40, 0x0,
    0x0, 0x0, 0x0, 0x0, 0x0, 0x0, 0x1f, 0xff,
    0xff, 0xfe, 0x0, 0x0, 0x0, 0x0, 0x0, 0x0,
    0x0, 0x0, 0xbf, 0xff, 0xff, 0xfc, 0x0, 0x0,
    0x0, 0x0, 0x0, 0x0, 0x0, 0x3, 0xff, 0xff,
    0xff, 0xf0, 0x0, 0x0, 0x0, 0x0, 0x0, 0x0,
    0x0, 0xf, 0xff, 0xff, 0xff, 0xc0, 0x0, 0x0,
    0x0, 0x0, 0x0, 0x0, 0x0, 0x7f, 0xff, 0xff,
    0xff, 0x40, 0x0, 0x0, 0x0, 0x0, 0x0, 0x0,
    0x2, 0xff, 0xff, 0xff, 0xfe, 0x0, 0x0, 0x0,
    0x0, 0x0, 0x0, 0x0, 0xf, 0xff, 0xff, 0xff,
    0xfc, 0x0, 0x0, 0x0, 0x0, 0x0, 0x0, 0x0,
    0x3f, 0xff, 0xff, 0xff, 0xf0, 0x0, 0x0, 0x0,
    0x0, 0x0, 0x0, 0x0, 0xff, 0xff, 0xff, 0xff,
    0xd0, 0x0, 0x0, 0x0, 0x0, 0x0, 0x0, 0x7,
    0xff, 0xff, 0xff, 0xff, 0x80, 0x0, 0x0, 0x0,
    0x0, 0x0, 0x0, 0x2f, 0xff, 0xf7, 0xff, 0xfe,
    0x0, 0x0, 0x0, 0x0, 0x0, 0x0, 0x0, 0xff,
    0xff, 0xcf, 0xff, 0xfc, 0x0, 0x0, 0x0, 0x0,
    0x0, 0x0, 0x3, 0xff, 0xff, 0x3f, 0xff, 0xf0,
    0x0, 0x0, 0x0, 0x0, 0x0, 0x0, 0xf, 0xff,
    0xfc, 0xbf, 0xff, 0xd0, 0x0, 0x0, 0x0, 0x0,
    0x0, 0x0, 0x7f, 0xff, 0xe1, 0xff, 0xff, 0x80,
    0x0, 0x0, 0x0, 0x0, 0x0, 0x2, 0xff, 0xff,
    0x43, 0xff, 0xff, 0x0, 0x0, 0x0, 0x0, 0x0,
    0x0, 0xf, 0xff, 0xfc, 0xf, 0xff, 0xfc, 0x0,
    0x0, 0x0, 0x0, 0x0, 0x0, 0x3f, 0xff, 0xf0,
    0x3f, 0xff, 0xf0, 0x0, 0x0, 0x0, 0x0, 0x0,
    0x1, 0xff, 0xff, 0xc0, 0xbf, 0xff, 0xd0, 0x0,
    0x0, 0x0, 0x0, 0x0, 0x7, 0xff, 0xfe, 0x1,
    0xff, 0xff, 0x80, 0x0, 0x0, 0x0, 0x0, 0x0,
    0x2f, 0xff, 0xf8, 0x7, 0xff, 0xff, 0x0, 0x0,
    0x0, 0x0, 0x0, 0x0, 0xff, 0xff, 0xd0, 0xf,
    0xff, 0xfc, 0x0, 0x0, 0x0, 0x0, 0x0, 0x3,
    0xff, 0xff, 0x0, 0x3f, 0xff, 0xf4, 0x0, 0x0,
    0x0, 0x0, 0x0, 0x1f, 0xff, 0xfc, 0x0, 0xbf,
    0xff, 0xd0, 0x0, 0x0, 0x0, 0x0, 0x0, 0xbf,
    0xff, 0xf0, 0x2, 0xff, 0xff, 0x80, 0x0, 0x0,
    0x0, 0x0, 0x3, 0xff, 0xff, 0x80, 0x7, 0xff,
    0xff, 0x0, 0x0, 0x0, 0x0, 0x0, 0xf, 0xff,
    0xfd, 0x0, 0xf, 0xff, 0xfc, 0x0, 0x0, 0x0,
    0x0, 0x0, 0x3f, 0xff, 0xf0, 0x0, 0x3f, 0xff,
    0xf4, 0x0, 0x0, 0x0, 0x0, 0x1, 0xff, 0xff,
    0xc0, 0x0, 0xff, 0xff, 0xe0, 0x0, 0x0, 0x0,
    0x0, 0xb, 0xff, 0xff, 0x0, 0x2, 0xff, 0xff,
    0x80, 0x0, 0x0, 0x0, 0x0, 0x3f, 0xff, 0xf8,
    0x0, 0x7, 0xff, 0xff, 0x0, 0x0, 0x0, 0x0,
    0x0, 0xff, 0xff, 0xe0, 0x0, 0x1f, 0xff, 0xfc,
    0x0, 0x0, 0x0, 0x0, 0x3, 0xff, 0xff, 0x40,
    0x0, 0x3f, 0xff, 0xf4, 0x0, 0x0, 0x0, 0x0,
    0x1f, 0xff, 0xfc, 0x0, 0x0, 0xff, 0xff, 0xe0,
    0x0, 0x0, 0x0, 0x0, 0xbf, 0xff, 0xf0, 0x0,
    0x2, 0xff, 0xff, 0xc0, 0x0, 0x0, 0x0, 0x3,
    0xff, 0xff, 0xc0, 0x0, 0xb, 0xff, 0xff, 0x0,
    0x0, 0x0, 0x0, 0xf, 0xff, 0xfe, 0x0, 0x0,
    0x1f, 0xff, 0xfc, 0x0, 0x0, 0x0, 0x0, 0x7f,
    0xff, 0xf4, 0x0, 0x0, 0x3f, 0xff, 0xf4, 0x0,
    0x0, 0x0, 0x2, 0xff, 0xff, 0xc0, 0x0, 0x0,
    0xff, 0xff, 0xe0, 0x0, 0x0, 0x0, 0xb, 0xff,
    0xff, 0x0, 0x0, 0x3, 0xff, 0xff, 0xc0, 0x0,
    0x0, 0x0, 0x3f, 0xff, 0xfc, 0x0, 0x0, 0xb,
    0xff, 0xff, 0x0, 0x0, 0x0, 0x0, 0xff, 0xff,
    0xe0, 0x0, 0x0, 0x1f, 0xff, 0xfd, 0x0, 0x0,
    0x0, 0x7, 0xff, 0xff, 0x80, 0x0, 0x0, 0x3f,
    0xff, 0xf8, 0x0, 0x0, 0x0, 0x2f, 0xff, 0xfd,
    0x0, 0x0, 0x0, 0xff, 0xff, 0xe0, 0x0, 0x0,
    0x0, 0xff, 0xff, 0xf0, 0x0, 0x0, 0x3, 0xff,
    0xff, 0xc0, 0x0, 0x0, 0x3, 0xff, 0xff, 0xc0,
    0x0, 0x0, 0xb, 0xff, 0xff, 0x0, 0x0, 0x0,
    0xf, 0xff, 0xff, 0xff, 0xff, 0xff, 0xff, 0xff,
    0xfd, 0x0, 0x0, 0x0, 0x7f, 0xff, 0xff, 0xff,
    0xff, 0xff, 0xff, 0xff, 0xf8, 0x0, 0x0, 0x2,
    0xff, 0xff, 0xff, 0xff, 0xff, 0xff, 0xff, 0xff,
    0xf0, 0x0, 0x0, 0xf, 0xff, 0xff, 0xff, 0xff,
    0xff, 0xff, 0xff, 0xff, 0xc0, 0x0, 0x0, 0x3f,
    0xff, 0xff, 0xff, 0xff, 0xff, 0xff, 0xff, 0xff,
    0x0, 0x0, 0x0, 0xff, 0xff, 0xff, 0xff, 0xff,
    0xff, 0xff, 0xff, 0xfd, 0x0, 0x0, 0x7, 0xff,
    0xff, 0xff, 0xff, 0xff, 0xff, 0xff, 0xff, 0xf8,
    0x0, 0x0, 0x2f, 0xff, 0xff, 0xff, 0xff, 0xff,
    0xff, 0xff, 0xff, 0xf0, 0x0, 0x0, 0xff, 0xff,
    0xf4, 0x0, 0x0, 0x0, 0x3, 0xff, 0xff, 0xc0,
    0x0, 0x3, 0xff, 0xff, 0xc0, 0x0, 0x0, 0x0,
    0xf, 0xff, 0xff, 0x40, 0x0, 0x1f, 0xff, 0xff,
    0x0, 0x0, 0x0, 0x0, 0x2f, 0xff, 0xfd, 0x0,
    0x0, 0xbf, 0xff, 0xf8, 0x0, 0x0, 0x0, 0x0,
    0x7f, 0xff, 0xf8, 0x0, 0x2, 0xff, 0xff, 0xe0,
    0x0, 0x0, 0x0, 0x1, 0xff, 0xff, 0xf0, 0x0,
    0xf, 0xff, 0xff, 0x40, 0x0, 0x0, 0x0, 0x3,
    0xff, 0xff, 0xc0, 0x0, 0x3f, 0xff, 0xfc, 0x0,
    0x0, 0x0, 0x0, 0xf, 0xff, 0xff, 0x40, 0x1,
    0xff, 0xff, 0xf0, 0x0, 0x0, 0x0, 0x0, 0x2f,
    0xff, 0xfe, 0x0, 0xb, 0xff, 0xff, 0xc0, 0x0,
    0x0, 0x0, 0x0, 0xbf, 0xff, 0xfc, 0x0, 0x3f,
    0xff, 0xfe, 0x0, 0x0, 0x0, 0x0, 0x1, 0xff,
    0xff, 0xf0, 0x0, 0xff, 0xff, 0xf4, 0x0, 0x0,
    0x0, 0x0, 0x3, 0xff, 0xff, 0xc0, 0x3, 0xff,
    0xff, 0xc0, 0x0, 0x0, 0x0, 0x0, 0xf, 0xff,
    0xff, 0x40, 0x1f, 0xff, 0xff, 0x0, 0x0, 0x0,
    0x0, 0x0, 0x3f, 0xff, 0xfe, 0x0, 0xbf, 0xff,
    0xfc, 0x0, 0x0, 0x0, 0x0, 0x0, 0xbf, 0xff,
    0xfc, 0x3, 0xff, 0xff, 0xe0, 0x0, 0x0, 0x0,
    0x0, 0x1, 0xff, 0xff, 0xf0, 0xf, 0xff, 0xff,
    0x40, 0x0, 0x0, 0x0, 0x0, 0x7, 0xff, 0xff,
    0xc0, 0x7f, 0xff, 0xfd, 0x0, 0x0, 0x0, 0x0,
    0x0, 0xf, 0xff, 0xff, 0x41, 0xff, 0xff, 0xf0,
    0x0, 0x0, 0x0, 0x0, 0x0, 0x3f, 0xff, 0xfe,
    0xb, 0xff, 0xff, 0xc0, 0x0, 0x0, 0x0, 0x0,
    0x0, 0xff, 0xff, 0xfc, 0x3f, 0xff, 0xfe, 0x0,
    0x0, 0x0, 0x0, 0x0, 0x2, 0xff, 0xff, 0xf0,
    0xaa, 0xaa, 0xa4, 0x0, 0x0, 0x0, 0x0, 0x0,
    0x2, 0xaa, 0xaa, 0x80,

    /* U+0042 "B" */
    0xbf, 0xff, 0xff, 0xff, 0xff, 0xff, 0x94, 0x0,
    0x0, 0x0, 0x2, 0xff, 0xff, 0xff, 0xff, 0xff,
    0xff, 0xff, 0x40, 0x0, 0x0, 0xb, 0xff, 0xff,
    0xff, 0xff, 0xff, 0xff, 0xff, 0xe0, 0x0, 0x0,
    0x2f, 0xff, 0xff, 0xff, 0xff, 0xff, 0xff, 0xff,
    0xf4, 0x0, 0x0, 0xbf, 0xff, 0xff, 0xff, 0xff,
    0xff, 0xff, 0xff, 0xf8, 0x0, 0x2, 0xff, 0xff,
    0xff, 0xff, 0xff, 0xff, 0xff, 0xff, 0xf8, 0x0,
    0xb, 0xff, 0xff, 0xff, 0xff, 0xff, 0xff, 0xff,
    0xff, 0xf8, 0x0, 0x2f, 0xff, 0xff, 0xff, 0xff,
    0xff, 0xff, 0xff, 0xff, 0xf4, 0x0, 0xbf, 0xff,
    0xff, 0x55, 0x6a, 0xbf, 0xff, 0xff, 0xff, 0xf0,
    0x2, 0xff, 0xff, 0xf8, 0x0, 0x0, 0x1, 0xbf,
    0xff, 0xff, 0xd0, 0xb, 0xff, 0xff, 0xe0, 0x0,
    0x0, 0x0, 0x2f, 0xff, 0xff, 0xc0, 0x2f, 0xff,
    0xff, 0x80, 0x0, 0x0, 0x0, 0x2f, 0xff, 0xff,
    0x40, 0xbf, 0xff, 0xfe, 0x0, 0x0, 0x0, 0x0,
    0x3f, 0xff, 0xfe, 0x2, 0xff, 0xff, 0xf8, 0x0,
    0x0, 0x0, 0x0, 0x7f, 0xff, 0xfc, 0xb, 0xff,
    0xff, 0xe0, 0x0, 0x0, 0x0, 0x0, 0xff, 0xff,
    0xf0, 0x2f, 0xff, 0xff, 0x80, 0x0, 0x0, 0x0,
    0x2, 0xff, 0xff, 0xc0, 0xbf, 0xff, 0xfe, 0x0,
    0x0, 0x0, 0x0, 0xb, 0xff, 0xff, 0x42, 0xff,
    0xff, 0xf8, 0x0, 0x0, 0x0, 0x0, 0x1f, 0xff,
    0xfd, 0xb, 0xff, 0xff, 0xe0, 0x0, 0x0, 0x0,
    0x0, 0x7f, 0xff, 0xf4, 0x2f, 0xff, 0xff, 0x80,
    0x0, 0x0, 0x0, 0x1, 0xff, 0xff, 0xd0, 0xbf,
    0xff, 0xfe, 0x0, 0x0, 0x0, 0x0, 0x7, 0xff,
    0xff, 0x82, 0xff, 0xff, 0xf8, 0x0, 0x0, 0x0,
    0x0, 0x1f, 0xff, 0xfd, 0xb, 0xff, 0xff, 0xe0,
    0x0, 0x0, 0x0, 0x0, 0x7f, 0xff, 0xf4, 0x2f,
    0xff, 0xff, 0x80, 0x0, 0x0, 0x0, 0x1, 0xff,
    0xff, 0xd0, 0xbf, 0xff, 0xfe, 0x0, 0x0, 0x0,
    0x0, 0xb, 0xff, 0xff, 0x42, 0xff, 0xff, 0xf8,
    0x0, 0x0, 0x0, 0x0, 0x2f, 0xff, 0xfc, 0xb,
    0xff, 0xff, 0xe0, 0x0, 0x0, 0x0, 0x0, 0xff,
    0xff, 0xf0, 0x2f, 0xff, 0xff, 0x80, 0x0, 0x0,
    0x0, 0x3, 0xff, 0xff, 0x80, 0xbf, 0xff, 0xfe,
    0x0, 0x0, 0x0, 0x0, 0x1f, 0xff, 0xfd, 0x2,
    0xff, 0xff, 0xf8, 0x0, 0x0, 0x0, 0x0, 0xff,
    0xff, 0xf0, 0xb, 0xff, 0xff, 0xe0, 0x0, 0x0,
    0x0, 0xb, 0xff, 0xff, 0x80, 0x2f, 0xff, 0xff,
    0x80, 0x0, 0x0, 0x0, 0xbf, 0xff, 0xfc, 0x0,
    0xbf, 0xff, 0xfe, 0x0, 0x0, 0x0, 0xf, 0xff,
    0xff, 0xe0, 0x2, 0xff, 0xff, 0xf8, 0x0, 0x0,
    0x1b, 0xff, 0xff, 0xff, 0x0, 0xb, 0xff, 0xff,
    0xff, 0xff, 0xff, 0xff, 0xff, 0xff, 0xf0, 0x0,
    0x2f, 0xff, 0xff, 0xff, 0xff, 0xff, 0xff, 0xff,
    0xfe, 0x0, 0x0, 0xbf, 0xff, 0xff, 0xff, 0xff,
    0xff, 0xff, 0xff, 0x80, 0x0, 0x2, 0xff, 0xff,
    0xff, 0xff, 0xff, 0xff, 0xff, 0xd0, 0x0, 0x0,
    0xb, 0xff, 0xff, 0xff, 0xff, 0xff, 0xff, 0xff,
    0xe4, 0x0, 0x0, 0x2f, 0xff, 0xff, 0xff, 0xff,
    0xff, 0xff, 0xff, 0xfd, 0x0, 0x0, 0xbf, 0xff,
    0xff, 0xff, 0xff, 0xff, 0xff, 0xff, 0xfe, 0x0,
    0x2, 0xff, 0xff, 0xff, 0xff, 0xff, 0xff, 0xff,
    0xff, 0xff, 0x0, 0xb, 0xff, 0xff, 0xfa, 0xaa,
    0xaf, 0xff, 0xff, 0xff, 0xff, 0x0, 0x2f, 0xff,
    0xff, 0x80, 0x0, 0x0, 0x6f, 0xff, 0xff, 0xff,
    0x0, 0xbf, 0xff, 0xfe, 0x0, 0x0, 0x0, 0xb,
    0xff, 0xff, 0xfd, 0x2, 0xff, 0xff, 0xf8, 0x0,
    0x0, 0x0, 0x7, 0xff, 0xff, 0xfc, 0xb, 0xff,
    0xff, 0xe0, 0x0, 0x0, 0x0, 0x7, 0xff, 0xff,
    0xf8, 0x2f, 0xff, 0xff, 0x80, 0x0, 0x0, 0x0,
    0xb, 0xff, 0xff, 0xf0, 0xbf, 0xff, 0xfe, 0x0,
    0x0, 0x0, 0x0, 0xf, 0xff, 0xff, 0xd2, 0xff,
    0xff, 0xf8, 0x0, 0x0, 0x0, 0x0, 0x1f, 0xff,
    0xff, 0x8b, 0xff, 0xff, 0xe0, 0x0, 0x0, 0x0,
    0x0, 0x3f, 0xff, 0xff, 0x2f, 0xff, 0xff, 0x80,
    0x0, 0x0, 0x0, 0x0, 0xff, 0xff, 0xfc, 0xbf,
    0xff, 0xfe, 0x0, 0x0, 0x0, 0x0, 0x2, 0xff,
    0xff, 0xf6, 0xff, 0xff, 0xf8, 0x0, 0x0, 0x0,
    0x0, 0x7, 0xff, 0xff, 0xdb, 0xff, 0xff, 0xe0,
    0x0, 0x0, 0x0, 0x0, 0x1f, 0xff, 0xff, 0xaf,
    0xff, 0xff, 0x80, 0x0, 0x0, 0x0, 0x0, 0x3f,
    0xff, 0xfe, 0xbf, 0xff, 0xfe, 0x0, 0x0, 0x0,
    0x0, 0x0, 0xff, 0xff, 0xfa, 0xff, 0xff, 0xf8,
    0x0, 0x0, 0x0, 0x0, 0x3, 0xff, 0xff, 0xeb,
    0xff, 0xff, 0xe0, 0x0, 0x0, 0x0, 0x0, 0xf,
    0xff, 0xff, 0xaf, 0xff, 0xff, 0x80, 0x0, 0x0,
    0x0, 0x0, 0x3f, 0xff, 0xfe, 0xbf, 0xff, 0xfe,
    0x0, 0x0, 0x0, 0x0, 0x0, 0xff, 0xff, 0xfa,
    0xff, 0xff, 0xf8, 0x0, 0x0, 0x0, 0x0, 0x3,
    0xff, 0xff, 0xeb, 0xff, 0xff, 0xe0, 0x0, 0x0,
    0x0, 0x0, 0x1f, 0xff, 0xff, 0x6f, 0xff, 0xff,
    0x80, 0x0, 0x0, 0x0, 0x0, 0x7f, 0xff, 0xfd,
    0xbf, 0xff, 0xfe, 0x0, 0x0, 0x0, 0x0, 0x2,
    0xff, 0xff, 0xf2, 0xff, 0xff, 0xf8, 0x0, 0x0,
    0x0, 0x0, 0xf, 0xff, 0xff, 0xcb, 0xff, 0xff,
    0xe0, 0x0, 0x0, 0x0, 0x0, 0x3f, 0xff, 0xff,
    0x2f, 0xff, 0xff, 0x80, 0x0, 0x0, 0x0, 0x2,
    0xff, 0xff, 0xf8, 0xbf, 0xff, 0xfe, 0x0, 0x0,
    0x0, 0x0, 0xf, 0xff, 0xff, 0xc2, 0xff, 0xff,
    0xf8, 0x0, 0x0, 0x0, 0x0, 0xbf, 0xff, 0xff,
    0xb, 0xff, 0xff, 0xe0, 0x0, 0x0, 0x0, 0xb,
    0xff, 0xff, 0xf4, 0x2f, 0xff, 0xff, 0x80, 0x0,
    0x0, 0x1, 0xff, 0xff, 0xff, 0xc0, 0xbf, 0xff,
    0xfe, 0x0, 0x0, 0x1, 0xbf, 0xff, 0xff, 0xfd,
    0x2, 0xff, 0xff, 0xff, 0xff, 0xff, 0xff, 0xff,
    0xff, 0xff, 0xf0, 0xb, 0xff, 0xff, 0xff, 0xff,
    0xff, 0xff, 0xff, 0xff, 0xff, 0x0, 0x2f, 0xff,
    0xff, 0xff, 0xff, 0xff, 0xff, 0xff, 0xff, 0xf0,
    0x0, 0xbf, 0xff, 0xff, 0xff, 0xff, 0xff, 0xff,
    0xff, 0xff, 0x0, 0x2, 0xff, 0xff, 0xff, 0xff,
    0xff, 0xff, 0xff, 0xff, 0xf0, 0x0, 0xb, 0xff,
    0xff, 0xff, 0xff, 0xff, 0xff, 0xff, 0xfd, 0x0,
    0x0, 0x2f, 0xff, 0xff, 0xff, 0xff, 0xff, 0xff,
    0xff, 0x40, 0x0, 0x0, 0xbf, 0xff, 0xff, 0xff,
    0xff, 0xff, 0xfe, 0x40, 0x0, 0x0, 0x0, 0x0,
    0x0, 0x0, 0x0, 0x0, 0x0, 0x0, 0x0, 0x0,
    0x0, 0x0,

    /* U+0043 "C" */
    0x0, 0x0, 0x0, 0x0, 0x5, 0x55, 0x54, 0x0,
    0x0, 0x0, 0x0, 0x0, 0x0, 0x0, 0x2f, 0xff,
    0xff, 0xff, 0xd0, 0x0, 0x0, 0x0, 0x0, 0x0,
    0x1f, 0xff, 0xff, 0xff, 0xff, 0xfd, 0x0, 0x0,
    0x0, 0x0, 0x7, 0xff, 0xff, 0xff, 0xff, 0xff,
    0xff, 0x0, 0x0, 0x0, 0x0, 0xbf, 0xff, 0xff,
    0xff, 0xff, 0xff, 0xff, 0x40, 0x0, 0x0, 0xb,
    0xff, 0xff, 0xff, 0xff, 0xff, 0xff, 0xff, 0x40,
    0x0, 0x0, 0xbf, 0xff, 0xff, 0xff, 0xff, 0xff,
    0xff, 0xff, 0x40, 0x0, 0x7, 0xff, 0xff, 0xff,
    0xff, 0xff, 0xff, 0xff, 0xff, 0x0, 0x0, 0x3f,
    0xff, 0xff, 0xff, 0xff, 0xff, 0xff, 0xff, 0xfe,
    0x0, 0x2, 0xff, 0xff, 0xff, 0xf9, 0x55, 0xbf,
    0xff, 0xff, 0xfc, 0x0, 0xf, 0xff, 0xff, 0xfd,
    0x0, 0x0, 0xb, 0xff, 0xff, 0xf8, 0x0, 0xbf,
    0xff, 0xff, 0x80, 0x0, 0x0, 0x7, 0xff, 0xff,
    0xf0, 0x3, 0xff, 0xff, 0xfc, 0x0, 0x0, 0x0,
    0xb, 0xff, 0xff, 0xd0, 0x1f, 0xff, 0xff, 0xc0,
    0x0, 0x0, 0x0, 0xf, 0xff, 0xff, 0x80, 0xbf,
    0xff, 0xfe, 0x0, 0x0, 0x0, 0x0, 0x2f, 0xff,
    0xff, 0x3, 0xff, 0xff, 0xf4, 0x0, 0x0, 0x0,
    0x0, 0x7f, 0xff, 0xfc, 0xf, 0xff, 0xff, 0xc0,
    0x0, 0x0, 0x0, 0x0, 0xff, 0xff, 0xf4, 0x7f,
    0xff, 0xff, 0x0, 0x0, 0x0, 0x0, 0x3, 0xff,
    0xff, 0xe2, 0xff, 0xff, 0xf8, 0x0, 0x0, 0x0,
    0x0, 0xf, 0xff, 0xff, 0x8b, 0xff, 0xff, 0xe0,
    0x0, 0x0, 0x0, 0x0, 0x3f, 0xff, 0xff, 0x3f,
    0xff, 0xff, 0x40, 0x0, 0x0, 0x0, 0x0, 0xff,
    0xff, 0xfc, 0xff, 0xff, 0xfd, 0x0, 0x0, 0x0,
    0x0, 0x3, 0xff, 0xff, 0xf3, 0xff, 0xff, 0xf4,
    0x0, 0x0, 0x0, 0x0, 0xb, 0xff, 0xff, 0xcf,
    0xff, 0xff, 0xd0, 0x0, 0x0, 0x0, 0x0, 0x2f,
    0xff, 0xff, 0x3f, 0xff, 0xff, 0x0, 0x0, 0x0,
    0x0, 0x0, 0xbf, 0xff, 0xfc, 0xff, 0xff, 0xfc,
    0x0, 0x0, 0x0, 0x0, 0x2, 0xff, 0xff, 0xf3,
    0xff, 0xff, 0xf0, 0x0, 0x0, 0x0, 0x0, 0xb,
    0xff, 0xff, 0xcf, 0xff, 0xff, 0xc0, 0x0, 0x0,
    0x0, 0x0, 0x2f, 0xff, 0xff, 0x3f, 0xff, 0xff,
    0x0, 0x0, 0x0, 0x0, 0x0, 0xbf, 0xff, 0xfc,
    0xff, 0xff, 0xfc, 0x0, 0x0, 0x0, 0x0, 0x2,
    0xff, 0xff, 0xf3, 0xff, 0xff, 0xf0, 0x0, 0x0,
    0x0, 0x0, 0x6, 0xaa, 0xaa, 0x8f, 0xff, 0xff,
    0xc0, 0x0, 0x0, 0x0, 0x0, 0x0, 0x0, 0x0,
    0x3f, 0xff, 0xff, 0x0, 0x0, 0x0, 0x0, 0x0,
    0x0, 0x0, 0x0, 0xff, 0xff, 0xfc, 0x0, 0x0,
    0x0, 0x0, 0x0, 0x0, 0x0, 0x3, 0xff, 0xff,
    0xf0, 0x0, 0x0, 0x0, 0x0, 0x0, 0x0, 0x0,
    0xf, 0xff, 0xff, 0xc0, 0x0, 0x0, 0x0, 0x0,
    0x0, 0x0, 0x0, 0x3f, 0xff, 0xff, 0x0, 0x0,
    0x0, 0x0, 0x0, 0x0, 0x0, 0x0, 0xff, 0xff,
    0xfc, 0x0, 0x0, 0x0, 0x0, 0x0, 0x0, 0x0,
    0x3, 0xff, 0xff, 0xf0, 0x0, 0x0, 0x0, 0x0,
    0x0, 0x0, 0x0, 0xf, 0xff, 0xff, 0xc0, 0x0,
    0x0, 0x0, 0x0, 0x0, 0x0, 0x0, 0x3f, 0xff,
    0xff, 0x0, 0x0, 0x0, 0x0, 0x0, 0x0, 0x0,
    0x0, 0xff, 0xff, 0xfc, 0x0, 0x0, 0x0, 0x0,
    0x0, 0x0, 0x0, 0x3, 0xff, 0xff, 0xf0, 0x0,
    0x0, 0x0, 0x0, 0x0, 0x0, 0x0, 0xf, 0xff,
    0xff, 0xc0, 0x0, 0x0, 0x0, 0x0, 0x0, 0x0,
    0x0, 0x3f, 0xff, 0xff, 0x0, 0x0, 0x0, 0x0,
    0x0, 0x0, 0x0, 0x0, 0xff, 0xff, 0xfc, 0x0,
    0x0, 0x0, 0x0, 0x0, 0x0, 0x0, 0x3, 0xff,
    0xff, 0xf0, 0x0, 0x0, 0x0, 0x0, 0x0, 0x0,
    0x0, 0xf, 0xff, 0xff, 0xc0, 0x0, 0x0, 0x0,
    0x0, 0x0, 0x0, 0x0, 0x3f, 0xff, 0xff, 0x0,
    0x0, 0x0, 0x0, 0x0, 0x0, 0x0, 0x0, 0xff,
    0xff, 0xfc, 0x0, 0x0, 0x0, 0x0, 0x0, 0x0,
    0x0, 0x3, 0xff, 0xff, 0xf0, 0x0, 0x0, 0x0,
    0x0, 0x0, 0x0, 0x0, 0xf, 0xff, 0xff, 0xc0,
    0x0, 0x0, 0x0, 0x0, 0x0, 0x0, 0x0, 0x3f,
    0xff, 0xff, 0x0, 0x0, 0x0, 0x0, 0x0, 0x15,
    0x55, 0x54, 0xff, 0xff, 0xfc, 0x0, 0x0, 0x0,
    0x0, 0x2, 0xff, 0xff, 0xf3, 0xff, 0xff, 0xf0,
    0x0, 0x0, 0x0, 0x0, 0xb, 0xff, 0xff, 0xcf,
    0xff, 0xff, 0xc0, 0x0, 0x0, 0x0, 0x0, 0x2f,
    0xff, 0xff, 0x3f, 0xff, 0xff, 0x0, 0x0, 0x0,
    0x0, 0x0, 0xbf, 0xff, 0xfc, 0xff, 0xff, 0xfc,
    0x0, 0x0, 0x0, 0x0, 0x2, 0xff, 0xff, 0xf3,
    0xff, 0xff, 0xf0, 0x0, 0x0, 0x0, 0x0, 0xb,
    0xff, 0xff, 0xcf, 0xff, 0xff, 0xc0, 0x0, 0x0,
    0x0, 0x0, 0x2f, 0xff, 0xff, 0x3f, 0xff, 0xff,
    0x0, 0x0, 0x0, 0x0, 0x0, 0xbf, 0xff, 0xfc,
    0xff, 0xff, 0xfd, 0x0, 0x0, 0x0, 0x0, 0x3,
    0xff, 0xff, 0xf3, 0xff, 0xff, 0xf4, 0x0, 0x0,
    0x0, 0x0, 0xf, 0xff, 0xff, 0xcf, 0xff, 0xff,
    0xd0, 0x0, 0x0, 0x0, 0x0, 0x3f, 0xff, 0xff,
    0x2f, 0xff, 0xff, 0x80, 0x0, 0x0, 0x0, 0x0,
    0xff, 0xff, 0xf8, 0xbf, 0xff, 0xfe, 0x0, 0x0,
    0x0, 0x0, 0x3, 0xff, 0xff, 0xe1, 0xff, 0xff,
    0xfc, 0x0, 0x0, 0x0, 0x0, 0xf, 0xff, 0xff,
    0x43, 0xff, 0xff, 0xf0, 0x0, 0x0, 0x0, 0x0,
    0x7f, 0xff, 0xfd, 0xf, 0xff, 0xff, 0xc0, 0x0,
    0x0, 0x0, 0x1, 0xff, 0xff, 0xf0, 0x2f, 0xff,
    0xff, 0x80, 0x0, 0x0, 0x0, 0xb, 0xff, 0xff,
    0xc0, 0x7f, 0xff, 0xff, 0x0, 0x0, 0x0, 0x0,
    0x3f, 0xff, 0xfe, 0x0, 0xff, 0xff, 0xfe, 0x0,
    0x0, 0x0, 0x2, 0xff, 0xff, 0xf4, 0x2, 0xff,
    0xff, 0xfd, 0x0, 0x0, 0x0, 0x1f, 0xff, 0xff,
    0xc0, 0x3, 0xff, 0xff, 0xfe, 0x0, 0x0, 0x1,
    0xff, 0xff, 0xfe, 0x0, 0xb, 0xff, 0xff, 0xff,
    0x90, 0x0, 0x7f, 0xff, 0xff, 0xf0, 0x0, 0xf,
    0xff, 0xff, 0xff, 0xff, 0xff, 0xff, 0xff, 0xff,
    0x80, 0x0, 0x1f, 0xff, 0xff, 0xff, 0xff, 0xff,
    0xff, 0xff, 0xfc, 0x0, 0x0, 0x2f, 0xff, 0xff,
    0xff, 0xff, 0xff, 0xff, 0xff, 0xd0, 0x0, 0x0,
    0x2f, 0xff, 0xff, 0xff, 0xff, 0xff, 0xff, 0xfe,
    0x0, 0x0, 0x0, 0x2f, 0xff, 0xff, 0xff, 0xff,
    0xff, 0xff, 0xe0, 0x0, 0x0, 0x0, 0x1f, 0xff,
    0xff, 0xff, 0xff, 0xff, 0xfd, 0x0, 0x0, 0x0,
    0x0, 0xb, 0xff, 0xff, 0xff, 0xff, 0xff, 0x80,
    0x0, 0x0, 0x0, 0x0, 0x2, 0xff, 0xff, 0xff,
    0xff, 0xe0, 0x0, 0x0, 0x0, 0x0, 0x0, 0x0,
    0x1a, 0xff, 0xff, 0x90, 0x0, 0x0, 0x0,

    /* U+0044 "D" */
    0xbf, 0xff, 0xff, 0xff, 0xff, 0xfe, 0x90, 0x0,
    0x0, 0x0, 0xb, 0xff, 0xff, 0xff, 0xff, 0xff,
    0xff, 0xf9, 0x0, 0x0, 0x0, 0xbf, 0xff, 0xff,
    0xff, 0xff, 0xff, 0xff, 0xfe, 0x0, 0x0, 0xb,
    0xff, 0xff, 0xff, 0xff, 0xff, 0xff, 0xff, 0xfd,
    0x0, 0x0, 0xbf, 0xff, 0xff, 0xff, 0xff, 0xff,
    0xff, 0xff, 0xf8, 0x0, 0xb, 0xff, 0xff, 0xff,
    0xff, 0xff, 0xff, 0xff, 0xff, 0xf0, 0x0, 0xbf,
    0xff, 0xff, 0xff, 0xff, 0xff, 0xff, 0xff, 0xff,
    0xc0, 0xb, 0xff, 0xff, 0xff, 0xff, 0xff, 0xff,
    0xff, 0xff, 0xfe, 0x0, 0xbf, 0xff, 0xff, 0x55,
    0x56, 0xaf, 0xff, 0xff, 0xff, 0xf4, 0xb, 0xff,
    0xff, 0xe0, 0x0, 0x0, 0x7, 0xff, 0xff, 0xff,
    0xc0, 0xbf, 0xff, 0xfe, 0x0, 0x0, 0x0, 0x7,
    0xff, 0xff, 0xfd, 0xb, 0xff, 0xff, 0xe0, 0x0,
    0x0, 0x0, 0x1f, 0xff, 0xff, 0xf0, 0xbf, 0xff,
    0xfe, 0x0, 0x0, 0x0, 0x0, 0xbf, 0xff, 0xff,
    0xb, 0xff, 0xff, 0xe0, 0x0, 0x0, 0x0, 0x3,
    0xff, 0xff, 0xf8, 0xbf, 0xff, 0xfe, 0x0, 0x0,
    0x0, 0x0, 0x2f, 0xff, 0xff, 0xcb, 0xff, 0xff,
    0xe0, 0x0, 0x0, 0x0, 0x1, 0xff, 0xff, 0xfc,
    0xbf, 0xff, 0xfe, 0x0, 0x0, 0x0, 0x0, 0xf,
    0xff, 0xff, 0xcb, 0xff, 0xff, 0xe0, 0x0, 0x0,
    0x0, 0x0, 0xff, 0xff, 0xfd, 0xbf, 0xff, 0xfe,
    0x0, 0x0, 0x0, 0x0, 0xf, 0xff, 0xff, 0xeb,
    0xff, 0xff, 0xe0, 0x0, 0x0, 0x0, 0x0, 0xff,
    0xff, 0xfe, 0xbf, 0xff, 0xfe, 0x0, 0x0, 0x0,
    0x0, 0xb, 0xff, 0xff, 0xeb, 0xff, 0xff, 0xe0,
    0x0, 0x0, 0x0, 0x0, 0xbf, 0xff, 0xff, 0xbf,
    0xff, 0xfe, 0x0, 0x0, 0x0, 0x0, 0xb, 0xff,
    0xff, 0xfb, 0xff, 0xff, 0xe0, 0x0, 0x0, 0x0,
    0x0, 0xbf, 0xff, 0xff, 0xbf, 0xff, 0xfe, 0x0,
    0x0, 0x0, 0x0, 0xb, 0xff, 0xff, 0xfb, 0xff,
    0xff, 0xe0, 0x0, 0x0, 0x0, 0x0, 0xbf, 0xff,
    0xff, 0xbf, 0xff, 0xfe, 0x0, 0x0, 0x0, 0x0,
    0xb, 0xff, 0xff, 0xfb, 0xff, 0xff, 0xe0, 0x0,
    0x0, 0x0, 0x0, 0xbf, 0xff, 0xff, 0xbf, 0xff,
    0xfe, 0x0, 0x0, 0x0, 0x0, 0xb, 0xff, 0xff,
    0xfb, 0xff, 0xff, 0xe0, 0x0, 0x0, 0x0, 0x0,
    0xbf, 0xff, 0xff, 0xbf, 0xff, 0xfe, 0x0, 0x0,
    0x0, 0x0, 0xb, 0xff, 0xff, 0xfb, 0xff, 0xff,
    0xe0, 0x0, 0x0, 0x0, 0x0, 0xbf, 0xff, 0xff,
    0xbf, 0xff, 0xfe, 0x0, 0x0, 0x0, 0x0, 0xb,
    0xff, 0xff, 0xfb, 0xff, 0xff, 0xe0, 0x0, 0x0,
    0x0, 0x0, 0xbf, 0xff, 0xff, 0xbf, 0xff, 0xfe,
    0x0, 0x0, 0x0, 0x0, 0xb, 0xff, 0xff, 0xfb,
    0xff, 0xff, 0xe0, 0x0, 0x0, 0x0, 0x0, 0xbf,
    0xff, 0xff, 0xbf, 0xff, 0xfe, 0x0, 0x0, 0x0,
    0x0, 0xb, 0xff, 0xff, 0xfb, 0xff, 0xff, 0xe0,
    0x0, 0x0, 0x0, 0x0, 0xbf, 0xff, 0xff, 0xbf,
    0xff, 0xfe, 0x0, 0x0, 0x0, 0x0, 0xb, 0xff,
    0xff, 0xfb, 0xff, 0xff, 0xe0, 0x0, 0x0, 0x0,
    0x0, 0xbf, 0xff, 0xff, 0xbf, 0xff, 0xfe, 0x0,
    0x0, 0x0, 0x0, 0xb, 0xff, 0xff, 0xfb, 0xff,
    0xff, 0xe0, 0x0, 0x0, 0x0, 0x0, 0xbf, 0xff,
    0xff, 0xbf, 0xff, 0xfe, 0x0, 0x0, 0x0, 0x0,
    0xb, 0xff, 0xff, 0xfb, 0xff, 0xff, 0xe0, 0x0,
    0x0, 0x0, 0x0, 0xbf, 0xff, 0xff, 0xbf, 0xff,
    0xfe, 0x0, 0x0, 0x0, 0x0, 0xb, 0xff, 0xff,
    0xfb, 0xff, 0xff, 0xe0, 0x0, 0x0, 0x0, 0x0,
    0xbf, 0xff, 0xff, 0xbf, 0xff, 0xfe, 0x0, 0x0,
    0x0, 0x0, 0xb, 0xff, 0xff, 0xfb, 0xff, 0xff,
    0xe0, 0x0, 0x0, 0x0, 0x0, 0xbf, 0xff, 0xff,
    0xbf, 0xff, 0xfe, 0x0, 0x0, 0x0, 0x0, 0xb,
    0xff, 0xff, 0xfb, 0xff, 0xff, 0xe0, 0x0, 0x0,
    0x0, 0x0, 0xbf, 0xff, 0xff, 0xbf, 0xff, 0xfe,
    0x0, 0x0, 0x0, 0x0, 0xb, 0xff, 0xff, 0xfb,
    0xff, 0xff, 0xe0, 0x0, 0x0, 0x0, 0x0, 0xbf,
    0xff, 0xff, 0xbf, 0xff, 0xfe, 0x0, 0x0, 0x0,
    0x0, 0xb, 0xff, 0xff, 0xfb, 0xff, 0xff, 0xe0,
    0x0, 0x0, 0x0, 0x0, 0xbf, 0xff, 0xff, 0xbf,
    0xff, 0xfe, 0x0, 0x0, 0x0, 0x0, 0xb, 0xff,
    0xff, 0xfb, 0xff, 0xff, 0xe0, 0x0, 0x0, 0x0,
    0x0, 0xbf, 0xff, 0xff, 0xbf, 0xff, 0xfe, 0x0,
    0x0, 0x0, 0x0, 0xb, 0xff, 0xff, 0xfb, 0xff,
    0xff, 0xe0, 0x0, 0x0, 0x0, 0x0, 0xbf, 0xff,
    0xff, 0xbf, 0xff, 0xfe, 0x0, 0x0, 0x0, 0x0,
    0xb, 0xff, 0xff, 0xfb, 0xff, 0xff, 0xe0, 0x0,
    0x0, 0x0, 0x0, 0xbf, 0xff, 0xfe, 0xbf, 0xff,
    0xfe, 0x0, 0x0, 0x0, 0x0, 0xf, 0xff, 0xff,
    0xeb, 0xff, 0xff, 0xe0, 0x0, 0x0, 0x0, 0x0,
    0xff, 0xff, 0xfd, 0xbf, 0xff, 0xfe, 0x0, 0x0,
    0x0, 0x0, 0xf, 0xff, 0xff, 0xdb, 0xff, 0xff,
    0xe0, 0x0, 0x0, 0x0, 0x0, 0xff, 0xff, 0xfc,
    0xbf, 0xff, 0xfe, 0x0, 0x0, 0x0, 0x0, 0xf,
    0xff, 0xff, 0xcb, 0xff, 0xff, 0xe0, 0x0, 0x0,
    0x0, 0x1, 0xff, 0xff, 0xfc, 0xbf, 0xff, 0xfe,
    0x0, 0x0, 0x0, 0x0, 0x2f, 0xff, 0xff, 0x8b,
    0xff, 0xff, 0xe0, 0x0, 0x0, 0x0, 0x3, 0xff,
    0xff, 0xf0, 0xbf, 0xff, 0xfe, 0x0, 0x0, 0x0,
    0x0, 0xbf, 0xff, 0xff, 0xb, 0xff, 0xff, 0xe0,
    0x0, 0x0, 0x0, 0xf, 0xff, 0xff, 0xe0, 0xbf,
    0xff, 0xfe, 0x0, 0x0, 0x0, 0x3, 0xff, 0xff,
    0xfc, 0xb, 0xff, 0xff, 0xe0, 0x0, 0x0, 0x1,
    0xff, 0xff, 0xff, 0x80, 0xbf, 0xff, 0xfe, 0x0,
    0x0, 0x6, 0xff, 0xff, 0xff, 0xf0, 0xb, 0xff,
    0xff, 0xff, 0xff, 0xff, 0xff, 0xff, 0xff, 0xfd,
    0x0, 0xbf, 0xff, 0xff, 0xff, 0xff, 0xff, 0xff,
    0xff, 0xff, 0x80, 0xb, 0xff, 0xff, 0xff, 0xff,
    0xff, 0xff, 0xff, 0xff, 0xe0, 0x0, 0xbf, 0xff,
    0xff, 0xff, 0xff, 0xff, 0xff, 0xff, 0xf8, 0x0,
    0xb, 0xff, 0xff, 0xff, 0xff, 0xff, 0xff, 0xff,
    0xfd, 0x0, 0x0, 0xbf, 0xff, 0xff, 0xff, 0xff,
    0xff, 0xff, 0xfe, 0x0, 0x0, 0xb, 0xff, 0xff,
    0xff, 0xff, 0xff, 0xff, 0xfd, 0x0, 0x0, 0x0,
    0xbf, 0xff, 0xff, 0xff, 0xff, 0xff, 0xa4, 0x0,
    0x0, 0x0, 0x0, 0x0, 0x0, 0x0, 0x0, 0x0,
    0x0, 0x0, 0x0, 0x0, 0x0,

    /* U+0045 "E" */
    0xbf, 0xff, 0xff, 0xff, 0xff, 0xff, 0xff, 0xfe,
    0xbf, 0xff, 0xff, 0xff, 0xff, 0xff, 0xff, 0xfe,
    0xbf, 0xff, 0xff, 0xff, 0xff, 0xff, 0xff, 0xfe,
    0xbf, 0xff, 0xff, 0xff, 0xff, 0xff, 0xff, 0xfe,
    0xbf, 0xff, 0xff, 0xff, 0xff, 0xff, 0xff, 0xfe,
    0xbf, 0xff, 0xff, 0xff, 0xff, 0xff, 0xff, 0xfe,
    0xbf, 0xff, 0xff, 0xff, 0xff, 0xff, 0xff, 0xfe,
    0xbf, 0xff, 0xff, 0xff, 0xff, 0xff, 0xff, 0xfe,
    0xbf, 0xff, 0xff, 0x55, 0x55, 0x55, 0x55, 0x55,
    0xbf, 0xff, 0xfe, 0x0, 0x0, 0x0, 0x0, 0x0,
    0xbf, 0xff, 0xfe, 0x0, 0x0, 0x0, 0x0, 0x0,
    0xbf, 0xff, 0xfe, 0x0, 0x0, 0x0, 0x0, 0x0,
    0xbf, 0xff, 0xfe, 0x0, 0x0, 0x0, 0x0, 0x0,
    0xbf, 0xff, 0xfe, 0x0, 0x0, 0x0, 0x0, 0x0,
    0xbf, 0xff, 0xfe, 0x0, 0x0, 0x0, 0x0, 0x0,
    0xbf, 0xff, 0xfe, 0x0, 0x0, 0x0, 0x0, 0x0,
    0xbf, 0xff, 0xfe, 0x0, 0x0, 0x0, 0x0, 0x0,
    0xbf, 0xff, 0xfe, 0x0, 0x0, 0x0, 0x0, 0x0,
    0xbf, 0xff, 0xfe, 0x0, 0x0, 0x0, 0x0, 0x0,
    0xbf, 0xff, 0xfe, 0x0, 0x0, 0x0, 0x0, 0x0,
    0xbf, 0xff, 0xfe, 0x0, 0x0, 0x0, 0x0, 0x0,
    0xbf, 0xff, 0xfe, 0x0, 0x0, 0x0, 0x0, 0x0,
    0xbf, 0xff, 0xfe, 0x0, 0x0, 0x0, 0x0, 0x0,
    0xbf, 0xff, 0xfe, 0x0, 0x0, 0x0, 0x0, 0x0,
    0xbf, 0xff, 0xfe, 0x0, 0x0, 0x0, 0x0, 0x0,
    0xbf, 0xff, 0xfe, 0x0, 0x0, 0x0, 0x0, 0x0,
    0xbf, 0xff, 0xfe, 0x0, 0x0, 0x0, 0x0, 0x0,
    0xbf, 0xff, 0xfe, 0x0, 0x0, 0x0, 0x0, 0x0,
    0xbf, 0xff, 0xfe, 0x0, 0x0, 0x0, 0x0, 0x0,
    0xbf, 0xff, 0xfe, 0x0, 0x0, 0x0, 0x0, 0x0,
    0xbf, 0xff, 0xfe, 0x0, 0x0, 0x0, 0x0, 0x0,
    0xbf, 0xff, 0xfe, 0x0, 0x0, 0x0, 0x0, 0x0,
    0xbf, 0xff, 0xfe, 0x0, 0x0, 0x0, 0x0, 0x0,
    0xbf, 0xff, 0xfe, 0x0, 0x0, 0x0, 0x0, 0x0,
    0xbf, 0xff, 0xfe, 0x0, 0x0, 0x0, 0x0, 0x0,
    0xbf, 0xff, 0xff, 0xff, 0xff, 0xff, 0xff, 0x0,
    0xbf, 0xff, 0xff, 0xff, 0xff, 0xff, 0xff, 0x0,
    0xbf, 0xff, 0xff, 0xff, 0xff, 0xff, 0xff, 0x0,
    0xbf, 0xff, 0xff, 0xff, 0xff, 0xff, 0xff, 0x0,
    0xbf, 0xff, 0xff, 0xff, 0xff, 0xff, 0xff, 0x0,
    0xbf, 0xff, 0xff, 0xff, 0xff, 0xff, 0xff, 0x0,
    0xbf, 0xff, 0xff, 0xff, 0xff, 0xff, 0xff, 0x0,
    0xbf, 0xff, 0xff, 0xff, 0xff, 0xff, 0xff, 0x0,
    0xbf, 0xff, 0xfe, 0x0, 0x0, 0x0, 0x0, 0x0,
    0xbf, 0xff, 0xfe, 0x0, 0x0, 0x0, 0x0, 0x0,
    0xbf, 0xff, 0xfe, 0x0, 0x0, 0x0, 0x0, 0x0,
    0xbf, 0xff, 0xfe, 0x0, 0x0, 0x0, 0x0, 0x0,
    0xbf, 0xff, 0xfe, 0x0, 0x0, 0x0, 0x0, 0x0,
    0xbf, 0xff, 0xfe, 0x0, 0x0, 0x0, 0x0, 0x0,
    0xbf, 0xff, 0xfe, 0x0, 0x0, 0x0, 0x0, 0x0,
    0xbf, 0xff, 0xfe, 0x0, 0x0, 0x0, 0x0, 0x0,
    0xbf, 0xff, 0xfe, 0x0, 0x0, 0x0, 0x0, 0x0,
    0xbf, 0xff, 0xfe, 0x0, 0x0, 0x0, 0x0, 0x0,
    0xbf, 0xff, 0xfe, 0x0, 0x0, 0x0, 0x0, 0x0,
    0xbf, 0xff, 0xfe, 0x0, 0x0, 0x0, 0x0, 0x0,
    0xbf, 0xff, 0xfe, 0x0, 0x0, 0x0, 0x0, 0x0,
    0xbf, 0xff, 0xfe, 0x0, 0x0, 0x0, 0x0, 0x0,
    0xbf, 0xff, 0xfe, 0x0, 0x0, 0x0, 0x0, 0x0,
    0xbf, 0xff, 0xfe, 0x0, 0x0, 0x0, 0x0, 0x0,
    0xbf, 0xff, 0xfe, 0x0, 0x0, 0x0, 0x0, 0x0,
    0xbf, 0xff, 0xfe, 0x0, 0x0, 0x0, 0x0, 0x0,
    0xbf, 0xff, 0xfe, 0x0, 0x0, 0x0, 0x0, 0x0,
    0xbf, 0xff, 0xfe, 0x0, 0x0, 0x0, 0x0, 0x0,
    0xbf, 0xff, 0xfe, 0x0, 0x0, 0x0, 0x0, 0x0,
    0xbf, 0xff, 0xfe, 0x0, 0x0, 0x0, 0x0, 0x0,
    0xbf, 0xff, 0xfe, 0x0, 0x0, 0x0, 0x0, 0x0,
    0xbf, 0xff, 0xfe, 0x0, 0x0, 0x0, 0x0, 0x0,
    0xbf, 0xff, 0xfe, 0x0, 0x0, 0x0, 0x0, 0x0,
    0xbf, 0xff, 0xfe, 0x0, 0x0, 0x0, 0x0, 0x0,
    0xbf, 0xff, 0xfe, 0x0, 0x0, 0x0, 0x0, 0x0,
    0xbf, 0xff, 0xfe, 0x0, 0x0, 0x0, 0x0, 0x0,
    0xbf, 0xff, 0xfe, 0x0, 0x0, 0x0, 0x0, 0x0,
    0xbf, 0xff, 0xfe, 0x0, 0x0, 0x0, 0x0, 0x0,
    0xbf, 0xff, 0xff, 0xff, 0xff, 0xff, 0xff, 0xff,
    0xbf, 0xff, 0xff, 0xff, 0xff, 0xff, 0xff, 0xff,
    0xbf, 0xff, 0xff, 0xff, 0xff, 0xff, 0xff, 0xff,
    0xbf, 0xff, 0xff, 0xff, 0xff, 0xff, 0xff, 0xff,
    0xbf, 0xff, 0xff, 0xff, 0xff, 0xff, 0xff, 0xff,
    0xbf, 0xff, 0xff, 0xff, 0xff, 0xff, 0xff, 0xff,
    0xbf, 0xff, 0xff, 0xff, 0xff, 0xff, 0xff, 0xff,
    0xbf, 0xff, 0xff, 0xff, 0xff, 0xff, 0xff, 0xff,
    0x0, 0x0, 0x0, 0x0, 0x0, 0x0, 0x0, 0x0,

    /* U+0046 "F" */
    0xbf, 0xff, 0xff, 0xff, 0xff, 0xff, 0xff, 0xfe,
    0xbf, 0xff, 0xff, 0xff, 0xff, 0xff, 0xff, 0xfe,
    0xbf, 0xff, 0xff, 0xff, 0xff, 0xff, 0xff, 0xfe,
    0xbf, 0xff, 0xff, 0xff, 0xff, 0xff, 0xff, 0xfe,
    0xbf, 0xff, 0xff, 0xff, 0xff, 0xff, 0xff, 0xfe,
    0xbf, 0xff, 0xff, 0xff, 0xff, 0xff, 0xff, 0xfe,
    0xbf, 0xff, 0xff, 0xff, 0xff, 0xff, 0xff, 0xfe,
    0xbf, 0xff, 0xff, 0xff, 0xff, 0xff, 0xff, 0xfe,
    0xbf, 0xff, 0xfe, 0x0, 0x0, 0x0, 0x0, 0x0,
    0xbf, 0xff, 0xfe, 0x0, 0x0, 0x0, 0x0, 0x0,
    0xbf, 0xff, 0xfe, 0x0, 0x0, 0x0, 0x0, 0x0,
    0xbf, 0xff, 0xfe, 0x0, 0x0, 0x0, 0x0, 0x0,
    0xbf, 0xff, 0xfe, 0x0, 0x0, 0x0, 0x0, 0x0,
    0xbf, 0xff, 0xfe, 0x0, 0x0, 0x0, 0x0, 0x0,
    0xbf, 0xff, 0xfe, 0x0, 0x0, 0x0, 0x0, 0x0,
    0xbf, 0xff, 0xfe, 0x0, 0x0, 0x0, 0x0, 0x0,
    0xbf, 0xff, 0xfe, 0x0, 0x0, 0x0, 0x0, 0x0,
    0xbf, 0xff, 0xfe, 0x0, 0x0, 0x0, 0x0, 0x0,
    0xbf, 0xff, 0xfe, 0x0, 0x0, 0x0, 0x0, 0x0,
    0xbf, 0xff, 0xfe, 0x0, 0x0, 0x0, 0x0, 0x0,
    0xbf, 0xff, 0xfe, 0x0, 0x0, 0x0, 0x0, 0x0,
    0xbf, 0xff, 0xfe, 0x0, 0x0, 0x0, 0x0, 0x0,
    0xbf, 0xff, 0xfe, 0x0, 0x0, 0x0, 0x0, 0x0,
    0xbf, 0xff, 0xfe, 0x0, 0x0, 0x0, 0x0, 0x0,
    0xbf, 0xff, 0xfe, 0x0, 0x0, 0x0, 0x0, 0x0,
    0xbf, 0xff, 0xfe, 0x0, 0x0, 0x0, 0x0, 0x0,
    0xbf, 0xff, 0xfe, 0x0, 0x0, 0x0, 0x0, 0x0,
    0xbf, 0xff, 0xfe, 0x0, 0x0, 0x0, 0x0, 0x0,
    0xbf, 0xff, 0xfe, 0x0, 0x0, 0x0, 0x0, 0x0,
    0xbf, 0xff, 0xfe, 0x0, 0x0, 0x0, 0x0, 0x0,
    0xbf, 0xff, 0xfe, 0x0, 0x0, 0x0, 0x0, 0x0,
    0xbf, 0xff, 0xfe, 0x0, 0x0, 0x0, 0x0, 0x0,
    0xbf, 0xff, 0xfe, 0x0, 0x0, 0x0, 0x0, 0x0,
    0xbf, 0xff, 0xfe, 0x0, 0x0, 0x0, 0x0, 0x0,
    0xbf, 0xff, 0xfe, 0x0, 0x0, 0x0, 0x0, 0x0,
    0xbf, 0xff, 0xff, 0xff, 0xff, 0xff, 0xfc, 0x0,
    0xbf, 0xff, 0xff, 0xff, 0xff, 0xff, 0xfc, 0x0,
    0xbf, 0xff, 0xff, 0xff, 0xff, 0xff, 0xfc, 0x0,
    0xbf, 0xff, 0xff, 0xff, 0xff, 0xff, 0xfc, 0x0,
    0xbf, 0xff, 0xff, 0xff, 0xff, 0xff, 0xfc, 0x0,
    0xbf, 0xff, 0xff, 0xff, 0xff, 0xff, 0xfc, 0x0,
    0xbf, 0xff, 0xff, 0xff, 0xff, 0xff, 0xfc, 0x0,
    0xbf, 0xff, 0xff, 0xff, 0xff, 0xff, 0xfc, 0x0,
    0xbf, 0xff, 0xfe, 0x0, 0x0, 0x0, 0x0, 0x0,
    0xbf, 0xff, 0xfe, 0x0, 0x0, 0x0, 0x0, 0x0,
    0xbf, 0xff, 0xfe, 0x0, 0x0, 0x0, 0x0, 0x0,
    0xbf, 0xff, 0xfe, 0x0, 0x0, 0x0, 0x0, 0x0,
    0xbf, 0xff, 0xfe, 0x0, 0x0, 0x0, 0x0, 0x0,
    0xbf, 0xff, 0xfe, 0x0, 0x0, 0x0, 0x0, 0x0,
    0xbf, 0xff, 0xfe, 0x0, 0x0, 0x0, 0x0, 0x0,
    0xbf, 0xff, 0xfe, 0x0, 0x0, 0x0, 0x0, 0x0,
    0xbf, 0xff, 0xfe, 0x0, 0x0, 0x0, 0x0, 0x0,
    0xbf, 0xff, 0xfe, 0x0, 0x0, 0x0, 0x0, 0x0,
    0xbf, 0xff, 0xfe, 0x0, 0x0, 0x0, 0x0, 0x0,
    0xbf, 0xff, 0xfe, 0x0, 0x0, 0x0, 0x0, 0x0,
    0xbf, 0xff, 0xfe, 0x0, 0x0, 0x0, 0x0, 0x0,
    0xbf, 0xff, 0xfe, 0x0, 0x0, 0x0, 0x0, 0x0,
    0xbf, 0xff, 0xfe, 0x0, 0x0, 0x0, 0x0, 0x0,
    0xbf, 0xff, 0xfe, 0x0, 0x0, 0x0, 0x0, 0x0,
    0xbf, 0xff, 0xfe, 0x0, 0x0, 0x0, 0x0, 0x0,
    0xbf, 0xff, 0xfe, 0x0, 0x0, 0x0, 0x0, 0x0,
    0xbf, 0xff, 0xfe, 0x0, 0x0, 0x0, 0x0, 0x0,
    0xbf, 0xff, 0xfe, 0x0, 0x0, 0x0, 0x0, 0x0,
    0xbf, 0xff, 0xfe, 0x0, 0x0, 0x0, 0x0, 0x0,
    0xbf, 0xff, 0xfe, 0x0, 0x0, 0x0, 0x0, 0x0,
    0xbf, 0xff, 0xfe, 0x0, 0x0, 0x0, 0x0, 0x0,
    0xbf, 0xff, 0xfe, 0x0, 0x0, 0x0, 0x0, 0x0,
    0xbf, 0xff, 0xfe, 0x0, 0x0, 0x0, 0x0, 0x0,
    0xbf, 0xff, 0xfe, 0x0, 0x0, 0x0, 0x0, 0x0,
    0xbf, 0xff, 0xfe, 0x0, 0x0, 0x0, 0x0, 0x0,
    0xbf, 0xff, 0xfe, 0x0, 0x0, 0x0, 0x0, 0x0,
    0xbf, 0xff, 0xfe, 0x0, 0x0, 0x0, 0x0, 0x0,
    0xbf, 0xff, 0xfe, 0x0, 0x0, 0x0, 0x0, 0x0,
    0xbf, 0xff, 0xfe, 0x0, 0x0, 0x0, 0x0, 0x0,
    0xbf, 0xff, 0xfe, 0x0, 0x0, 0x0, 0x0, 0x0,
    0xbf, 0xff, 0xfe, 0x0, 0x0, 0x0, 0x0, 0x0,
    0xbf, 0xff, 0xfe, 0x0, 0x0, 0x0, 0x0, 0x0,
    0xbf, 0xff, 0xfe, 0x0, 0x0, 0x0, 0x0, 0x0,
    0xbf, 0xff, 0xfe, 0x0, 0x0, 0x0, 0x0, 0x0,
    0xbf, 0xff, 0xfe, 0x0, 0x0, 0x0, 0x0, 0x0,
    0xbf, 0xff, 0xfe, 0x0, 0x0, 0x0, 0x0, 0x0,
    0x6a, 0xaa, 0xa9, 0x0, 0x0, 0x0, 0x0, 0x0,

    /* U+0047 "G" */
    0x0, 0x0, 0x0, 0x0, 0x5, 0x55, 0x54, 0x0,
    0x0, 0x0, 0x0, 0x0, 0x0, 0x0, 0x2, 0xff,
    0xff, 0xff, 0xfe, 0x40, 0x0, 0x0, 0x0, 0x0,
    0x0, 0x1f, 0xff, 0xff, 0xff, 0xff, 0xfe, 0x0,
    0x0, 0x0, 0x0, 0x0, 0x7f, 0xff, 0xff, 0xff,
    0xff, 0xff, 0xf8, 0x0, 0x0, 0x0, 0x0, 0xbf,
    0xff, 0xff, 0xff, 0xff, 0xff, 0xff, 0xc0, 0x0,
    0x0, 0x0, 0xbf, 0xff, 0xff, 0xff, 0xff, 0xff,
    0xff, 0xfc, 0x0, 0x0, 0x0, 0xbf, 0xff, 0xff,
    0xff, 0xff, 0xff, 0xff, 0xff, 0xc0, 0x0, 0x0,
    0x7f, 0xff, 0xff, 0xff, 0xff, 0xff, 0xff, 0xff,
    0xf8, 0x0, 0x0, 0x3f, 0xff, 0xff, 0xff, 0xff,
    0xff, 0xff, 0xff, 0xff, 0x40, 0x0, 0x2f, 0xff,
    0xff, 0xff, 0xa5, 0x5a, 0xff, 0xff, 0xff, 0xf0,
    0x0, 0xf, 0xff, 0xff, 0xfd, 0x0, 0x0, 0x7,
    0xff, 0xff, 0xfd, 0x0, 0xb, 0xff, 0xff, 0xf8,
    0x0, 0x0, 0x0, 0x3f, 0xff, 0xff, 0x80, 0x3,
    0xff, 0xff, 0xfc, 0x0, 0x0, 0x0, 0x3, 0xff,
    0xff, 0xf0, 0x1, 0xff, 0xff, 0xfc, 0x0, 0x0,
    0x0, 0x0, 0xbf, 0xff, 0xfd, 0x0, 0xbf, 0xff,
    0xfe, 0x0, 0x0, 0x0, 0x0, 0xf, 0xff, 0xff,
    0x80, 0x3f, 0xff, 0xff, 0x0, 0x0, 0x0, 0x0,
    0x3, 0xff, 0xff, 0xf0, 0xf, 0xff, 0xff, 0xc0,
    0x0, 0x0, 0x0, 0x0, 0xbf, 0xff, 0xfc, 0x7,
    0xff, 0xff, 0xe0, 0x0, 0x0, 0x0, 0x0, 0x1f,
    0xff, 0xff, 0x1, 0xff, 0xff, 0xf8, 0x0, 0x0,
    0x0, 0x0, 0x7, 0xff, 0xff, 0xd0, 0xbf, 0xff,
    0xfd, 0x0, 0x0, 0x0, 0x0, 0x0, 0xff, 0xff,
    0xf4, 0x2f, 0xff, 0xff, 0x40, 0x0, 0x0, 0x0,
    0x0, 0x3f, 0xff, 0xfd, 0xf, 0xff, 0xff, 0xd0,
    0x0, 0x0, 0x0, 0x0, 0xf, 0xff, 0xff, 0x83,
    0xff, 0xff, 0xf0, 0x0, 0x0, 0x0, 0x0, 0x3,
    0xff, 0xff, 0xe0, 0xff, 0xff, 0xfc, 0x0, 0x0,
    0x0, 0x0, 0x0, 0xff, 0xff, 0xf8, 0x3f, 0xff,
    0xff, 0x0, 0x0, 0x0, 0x0, 0x0, 0x3f, 0xff,
    0xfe, 0xf, 0xff, 0xff, 0xc0, 0x0, 0x0, 0x0,
    0x0, 0xf, 0xff, 0xff, 0x83, 0xff, 0xff, 0xf0,
    0x0, 0x0, 0x0, 0x0, 0x3, 0xff, 0xff, 0xe0,
    0xff, 0xff, 0xfc, 0x0, 0x0, 0x0, 0x0, 0x0,
    0x0, 0x0, 0x0, 0x3f, 0xff, 0xff, 0x0, 0x0,
    0x0, 0x0, 0x0, 0x0, 0x0, 0x0, 0xf, 0xff,
    0xff, 0xc0, 0x0, 0x0, 0x0, 0x0, 0x0, 0x0,
    0x0, 0x3, 0xff, 0xff, 0xf0, 0x0, 0x0, 0x0,
    0x0, 0x0, 0x0, 0x0, 0x0, 0xff, 0xff, 0xfc,
    0x0, 0x0, 0x0, 0x0, 0x0, 0x0, 0x0, 0x0,
    0x3f, 0xff, 0xff, 0x0, 0x0, 0x0, 0x0, 0x0,
    0x0, 0x0, 0x0, 0xf, 0xff, 0xff, 0xc0, 0x0,
    0x0, 0x0, 0x0, 0x0, 0x0, 0x0, 0x3, 0xff,
    0xff, 0xf0, 0x0, 0x0, 0x0, 0x0, 0x0, 0x0,
    0x0, 0x0, 0xff, 0xff, 0xfc, 0x0, 0x0, 0x0,
    0x0, 0x0, 0x0, 0x0, 0x0, 0x3f, 0xff, 0xff,
    0x0, 0x0, 0x0, 0x0, 0x0, 0x0, 0x0, 0x0,
    0xf, 0xff, 0xff, 0xc0, 0x0, 0x0, 0x0, 0x0,
    0x0, 0x0, 0x0, 0x3, 0xff, 0xff, 0xf0, 0x0,
    0x0, 0x0, 0x0, 0x0, 0x0, 0x0, 0x0, 0xff,
    0xff, 0xfc, 0x0, 0x0, 0x0, 0x0, 0x0, 0x0,
    0x0, 0x0, 0x3f, 0xff, 0xff, 0x0, 0x0, 0x0,
    0x0, 0x0, 0x0, 0x0, 0x0, 0xf, 0xff, 0xff,
    0xc0, 0x0, 0x0, 0x0, 0x0, 0x0, 0x0, 0x0,
    0x3, 0xff, 0xff, 0xf0, 0x0, 0x0, 0x1f, 0xff,
    0xff, 0xff, 0xff, 0xf0, 0xff, 0xff, 0xfc, 0x0,
    0x0, 0x7, 0xff, 0xff, 0xff, 0xff, 0xfc, 0x3f,
    0xff, 0xff, 0x0, 0x0, 0x1, 0xff, 0xff, 0xff,
    0xff, 0xff, 0xf, 0xff, 0xff, 0xc0, 0x0, 0x0,
    0x7f, 0xff, 0xff, 0xff, 0xff, 0xc3, 0xff, 0xff,
    0xf0, 0x0, 0x0, 0x1f, 0xff, 0xff, 0xff, 0xff,
    0xf0, 0xff, 0xff, 0xfc, 0x0, 0x0, 0x7, 0xff,
    0xff, 0xff, 0xff, 0xfc, 0x3f, 0xff, 0xff, 0x0,
    0x0, 0x1, 0xff, 0xff, 0xff, 0xff, 0xff, 0xf,
    0xff, 0xff, 0xc0, 0x0, 0x0, 0x7f, 0xff, 0xff,
    0xff, 0xff, 0xc3, 0xff, 0xff, 0xf0, 0x0, 0x0,
    0x0, 0x0, 0x0, 0xff, 0xff, 0xf0, 0xff, 0xff,
    0xfc, 0x0, 0x0, 0x0, 0x0, 0x0, 0x3f, 0xff,
    0xfc, 0x3f, 0xff, 0xff, 0x0, 0x0, 0x0, 0x0,
    0x0, 0xf, 0xff, 0xff, 0xf, 0xff, 0xff, 0xc0,
    0x0, 0x0, 0x0, 0x0, 0x3, 0xff, 0xff, 0xc3,
    0xff, 0xff, 0xf0, 0x0, 0x0, 0x0, 0x0, 0x0,
    0xff, 0xff, 0xf0, 0xff, 0xff, 0xfc, 0x0, 0x0,
    0x0, 0x0, 0x0, 0x3f, 0xff, 0xfc, 0x3f, 0xff,
    0xff, 0x0, 0x0, 0x0, 0x0, 0x0, 0xf, 0xff,
    0xff, 0xf, 0xff, 0xff, 0xc0, 0x0, 0x0, 0x0,
    0x0, 0x3, 0xff, 0xff, 0xc3, 0xff, 0xff, 0xf0,
    0x0, 0x0, 0x0, 0x0, 0x0, 0xff, 0xff, 0xf0,
    0xff, 0xff, 0xfc, 0x0, 0x0, 0x0, 0x0, 0x0,
    0x3f, 0xff, 0xfc, 0x3f, 0xff, 0xff, 0x0, 0x0,
    0x0, 0x0, 0x0, 0xf, 0xff, 0xff, 0xf, 0xff,
    0xff, 0xc0, 0x0, 0x0, 0x0, 0x0, 0x3, 0xff,
    0xff, 0xc3, 0xff, 0xff, 0xf4, 0x0, 0x0, 0x0,
    0x0, 0x1, 0xff, 0xff, 0xf0, 0xff, 0xff, 0xfd,
    0x0, 0x0, 0x0, 0x0, 0x0, 0x7f, 0xff, 0xfc,
    0x2f, 0xff, 0xff, 0x80, 0x0, 0x0, 0x0, 0x0,
    0x2f, 0xff, 0xff, 0xb, 0xff, 0xff, 0xe0, 0x0,
    0x0, 0x0, 0x0, 0xb, 0xff, 0xff, 0xc1, 0xff,
    0xff, 0xfc, 0x0, 0x0, 0x0, 0x0, 0x3, 0xff,
    0xff, 0xf0, 0x3f, 0xff, 0xff, 0x0, 0x0, 0x0,
    0x0, 0x0, 0xff, 0xff, 0xfc, 0xf, 0xff, 0xff,
    0xd0, 0x0, 0x0, 0x0, 0x0, 0xbf, 0xff, 0xff,
    0x2, 0xff, 0xff, 0xf8, 0x0, 0x0, 0x0, 0x0,
    0x3f, 0xff, 0xff, 0xc0, 0x7f, 0xff, 0xff, 0x0,
    0x0, 0x0, 0x0, 0x1f, 0xff, 0xff, 0xf0, 0xf,
    0xff, 0xff, 0xf0, 0x0, 0x0, 0x0, 0xf, 0xff,
    0xff, 0xfc, 0x2, 0xff, 0xff, 0xfe, 0x0, 0x0,
    0x0, 0xf, 0xff, 0xff, 0xff, 0x0, 0x3f, 0xff,
    0xff, 0xf0, 0x0, 0x0, 0x1f, 0xff, 0xff, 0xff,
    0xc0, 0xf, 0xff, 0xff, 0xff, 0x94, 0x1, 0x7f,
    0xff, 0xef, 0xff, 0xf0, 0x0, 0xff, 0xff, 0xff,
    0xff, 0xff, 0xff, 0xff, 0xf3, 0xff, 0xfc, 0x0,
    0x2f, 0xff, 0xff, 0xff, 0xff, 0xff, 0xff, 0xf8,
    0xbf, 0xff, 0x0, 0x3, 0xff, 0xff, 0xff, 0xff,
    0xff, 0xff, 0xfc, 0x2f, 0xff, 0xc0, 0x0, 0x3f,
    0xff, 0xff, 0xff, 0xff, 0xff, 0xfd, 0x7, 0xff,
    0xf0, 0x0, 0x3, 0xff, 0xff, 0xff, 0xff, 0xff,
    0xfe, 0x1, 0xff, 0xfc, 0x0, 0x0, 0x2f, 0xff,
    0xff, 0xff, 0xff, 0xfe, 0x0, 0x3f, 0xff, 0x0,
    0x0, 0x1, 0xff, 0xff, 0xff, 0xff, 0xfd, 0x0,
    0xf, 0xff, 0xc0, 0x0, 0x0, 0x7, 0xff, 0xff,
    0xff, 0xf8, 0x0, 0x3, 0xff, 0xf0, 0x0, 0x0,
    0x0, 0x6, 0xbf, 0xff, 0x90, 0x0, 0x0, 0x0,
    0x0,

    /* U+0048 "H" */
    0xbf, 0xff, 0xfe, 0x0, 0x0, 0x0, 0x0, 0x0,
    0xbf, 0xff, 0xfe, 0xbf, 0xff, 0xfe, 0x0, 0x0,
    0x0, 0x0, 0x0, 0xbf, 0xff, 0xfe, 0xbf, 0xff,
    0xfe, 0x0, 0x0, 0x0, 0x0, 0x0, 0xbf, 0xff,
    0xfe, 0xbf, 0xff, 0xfe, 0x0, 0x0, 0x0, 0x0,
    0x0, 0xbf, 0xff, 0xfe, 0xbf, 0xff, 0xfe, 0x0,
    0x0, 0x0, 0x0, 0x0, 0xbf, 0xff, 0xfe, 0xbf,
    0xff, 0xfe, 0x0, 0x0, 0x0, 0x0, 0x0, 0xbf,
    0xff, 0xfe, 0xbf, 0xff, 0xfe, 0x0, 0x0, 0x0,
    0x0, 0x0, 0xbf, 0xff, 0xfe, 0xbf, 0xff, 0xfe,
    0x0, 0x0, 0x0, 0x0, 0x0, 0xbf, 0xff, 0xfe,
    0xbf, 0xff, 0xfe, 0x0, 0x0, 0x0, 0x0, 0x0,
    0xbf, 0xff, 0xfe, 0xbf, 0xff, 0xfe, 0x0, 0x0,
    0x0, 0x0, 0x0, 0xbf, 0xff, 0xfe, 0xbf, 0xff,
    0xfe, 0x0, 0x0, 0x0, 0x0, 0x0, 0xbf, 0xff,
    0xfe, 0xbf, 0xff, 0xfe, 0x0, 0x0, 0x0, 0x0,
    0x0, 0xbf, 0xff, 0xfe, 0xbf, 0xff, 0xfe, 0x0,
    0x0, 0x0, 0x0, 0x0, 0xbf, 0xff, 0xfe, 0xbf,
    0xff, 0xfe, 0x0, 0x0, 0x0, 0x0, 0x0, 0xbf,
    0xff, 0xfe, 0xbf, 0xff, 0xfe, 0x0, 0x0, 0x0,
    0x0, 0x0, 0xbf, 0xff, 0xfe, 0xbf, 0xff, 0xfe,
    0x0, 0x0, 0x0, 0x0, 0x0, 0xbf, 0xff, 0xfe,
    0xbf, 0xff, 0xfe, 0x0, 0x0, 0x0, 0x0, 0x0,
    0xbf, 0xff, 0xfe, 0xbf, 0xff, 0xfe, 0x0, 0x0,
    0x0, 0x0, 0x0, 0xbf, 0xff, 0xfe, 0xbf, 0xff,
    0xfe, 0x0, 0x0, 0x0, 0x0, 0x0, 0xbf, 0xff,
    0xfe, 0xbf, 0xff, 0xfe, 0x0, 0x0, 0x0, 0x0,
    0x0, 0xbf, 0xff, 0xfe, 0xbf, 0xff, 0xfe, 0x0,
    0x0, 0x0, 0x0, 0x0, 0xbf, 0xff, 0xfe, 0xbf,
    0xff, 0xfe, 0x0, 0x0, 0x0, 0x0, 0x0, 0xbf,
    0xff, 0xfe, 0xbf, 0xff, 0xfe, 0x0, 0x0, 0x0,
    0x0, 0x0, 0xbf, 0xff, 0xfe, 0xbf, 0xff, 0xfe,
    0x0, 0x0, 0x0, 0x0, 0x0, 0xbf, 0xff, 0xfe,
    0xbf, 0xff, 0xfe, 0x0, 0x0, 0x0, 0x0, 0x0,
    0xbf, 0xff, 0xfe, 0xbf, 0xff, 0xfe, 0x0, 0x0,
    0x0, 0x0, 0x0, 0xbf, 0xff, 0xfe, 0xbf, 0xff,
    0xfe, 0x0, 0x0, 0x0, 0x0, 0x0, 0xbf, 0xff,
    0xfe, 0xbf, 0xff, 0xfe, 0x0, 0x0, 0x0, 0x0,
    0x0, 0xbf, 0xff, 0xfe, 0xbf, 0xff, 0xfe, 0x0,
    0x0, 0x0, 0x0, 0x0, 0xbf, 0xff, 0xfe, 0xbf,
    0xff, 0xfe, 0x0, 0x0, 0x0, 0x0, 0x0, 0xbf,
    0xff, 0xfe, 0xbf, 0xff, 0xfe, 0x0, 0x0, 0x0,
    0x0, 0x0, 0xbf, 0xff, 0xfe, 0xbf, 0xff, 0xfe,
    0x0, 0x0, 0x0, 0x0, 0x0, 0xbf, 0xff, 0xfe,
    0xbf, 0xff, 0xfe, 0x0, 0x0, 0x0, 0x0, 0x0,
    0xbf, 0xff, 0xfe, 0xbf, 0xff, 0xfe, 0x0, 0x0,
    0x0, 0x0, 0x0, 0xbf, 0xff, 0xfe, 0xbf, 0xff,
    0xfe, 0x0, 0x0, 0x0, 0x0, 0x0, 0xbf, 0xff,
    0xfe, 0xbf, 0xff, 0xff, 0xff, 0xff, 0xff, 0xff,
    0xff, 0xff, 0xff, 0xfe, 0xbf, 0xff, 0xff, 0xff,
    0xff, 0xff, 0xff, 0xff, 0xff, 0xff, 0xfe, 0xbf,
    0xff, 0xff, 0xff, 0xff, 0xff, 0xff, 0xff, 0xff,
    0xff, 0xfe, 0xbf, 0xff, 0xff, 0xff, 0xff, 0xff,
    0xff, 0xff, 0xff, 0xff, 0xfe, 0xbf, 0xff, 0xff,
    0xff, 0xff, 0xff, 0xff, 0xff, 0xff, 0xff, 0xfe,
    0xbf, 0xff, 0xff, 0xff, 0xff, 0xff, 0xff, 0xff,
    0xff, 0xff, 0xfe, 0xbf, 0xff, 0xff, 0xff, 0xff,
    0xff, 0xff, 0xff, 0xff, 0xff, 0xfe, 0xbf, 0xff,
    0xff, 0xff, 0xff, 0xff, 0xff, 0xff, 0xff, 0xff,
    0xfe, 0xbf, 0xff, 0xfe, 0x0, 0x0, 0x0, 0x0,
    0x0, 0xbf, 0xff, 0xfe, 0xbf, 0xff, 0xfe, 0x0,
    0x0, 0x0, 0x0, 0x0, 0xbf, 0xff, 0xfe, 0xbf,
    0xff, 0xfe, 0x0, 0x0, 0x0, 0x0, 0x0, 0xbf,
    0xff, 0xfe, 0xbf, 0xff, 0xfe, 0x0, 0x0, 0x0,
    0x0, 0x0, 0xbf, 0xff, 0xfe, 0xbf, 0xff, 0xfe,
    0x0, 0x0, 0x0, 0x0, 0x0, 0xbf, 0xff, 0xfe,
    0xbf, 0xff, 0xfe, 0x0, 0x0, 0x0, 0x0, 0x0,
    0xbf, 0xff, 0xfe, 0xbf, 0xff, 0xfe, 0x0, 0x0,
    0x0, 0x0, 0x0, 0xbf, 0xff, 0xfe, 0xbf, 0xff,
    0xfe, 0x0, 0x0, 0x0, 0x0, 0x0, 0xbf, 0xff,
    0xfe, 0xbf, 0xff, 0xfe, 0x0, 0x0, 0x0, 0x0,
    0x0, 0xbf, 0xff, 0xfe, 0xbf, 0xff, 0xfe, 0x0,
    0x0, 0x0, 0x0, 0x0, 0xbf, 0xff, 0xfe, 0xbf,
    0xff, 0xfe, 0x0, 0x0, 0x0, 0x0, 0x0, 0xbf,
    0xff, 0xfe, 0xbf, 0xff, 0xfe, 0x0, 0x0, 0x0,
    0x0, 0x0, 0xbf, 0xff, 0xfe, 0xbf, 0xff, 0xfe,
    0x0, 0x0, 0x0, 0x0, 0x0, 0xbf, 0xff, 0xfe,
    0xbf, 0xff, 0xfe, 0x0, 0x0, 0x0, 0x0, 0x0,
    0xbf, 0xff, 0xfe, 0xbf, 0xff, 0xfe, 0x0, 0x0,
    0x0, 0x0, 0x0, 0xbf, 0xff, 0xfe, 0xbf, 0xff,
    0xfe, 0x0, 0x0, 0x0, 0x0, 0x0, 0xbf, 0xff,
    0xfe, 0xbf, 0xff, 0xfe, 0x0, 0x0, 0x0, 0x0,
    0x0, 0xbf, 0xff, 0xfe, 0xbf, 0xff, 0xfe, 0x0,
    0x0, 0x0, 0x0, 0x0, 0xbf, 0xff, 0xfe, 0xbf,
    0xff, 0xfe, 0x0, 0x0, 0x0, 0x0, 0x0, 0xbf,
    0xff, 0xfe, 0xbf, 0xff, 0xfe, 0x0, 0x0, 0x0,
    0x0, 0x0, 0xbf, 0xff, 0xfe, 0xbf, 0xff, 0xfe,
    0x0, 0x0, 0x0, 0x0, 0x0, 0xbf, 0xff, 0xfe,
    0xbf, 0xff, 0xfe, 0x0, 0x0, 0x0, 0x0, 0x0,
    0xbf, 0xff, 0xfe, 0xbf, 0xff, 0xfe, 0x0, 0x0,
    0x0, 0x0, 0x0, 0xbf, 0xff, 0xfe, 0xbf, 0xff,
    0xfe, 0x0, 0x0, 0x0, 0x0, 0x0, 0xbf, 0xff,
    0xfe, 0xbf, 0xff, 0xfe, 0x0, 0x0, 0x0, 0x0,
    0x0, 0xbf, 0xff, 0xfe, 0xbf, 0xff, 0xfe, 0x0,
    0x0, 0x0, 0x0, 0x0, 0xbf, 0xff, 0xfe, 0xbf,
    0xff, 0xfe, 0x0, 0x0, 0x0, 0x0, 0x0, 0xbf,
    0xff, 0xfe, 0xbf, 0xff, 0xfe, 0x0, 0x0, 0x0,
    0x0, 0x0, 0xbf, 0xff, 0xfe, 0xbf, 0xff, 0xfe,
    0x0, 0x0, 0x0, 0x0, 0x0, 0xbf, 0xff, 0xfe,
    0xbf, 0xff, 0xfe, 0x0, 0x0, 0x0, 0x0, 0x0,
    0xbf, 0xff, 0xfe, 0xbf, 0xff, 0xfe, 0x0, 0x0,
    0x0, 0x0, 0x0, 0xbf, 0xff, 0xfe, 0xbf, 0xff,
    0xfe, 0x0, 0x0, 0x0, 0x0, 0x0, 0xbf, 0xff,
    0xfe, 0xbf, 0xff, 0xfe, 0x0, 0x0, 0x0, 0x0,
    0x0, 0xbf, 0xff, 0xfe, 0xbf, 0xff, 0xfe, 0x0,
    0x0, 0x0, 0x0, 0x0, 0xbf, 0xff, 0xfe, 0xbf,
    0xff, 0xfe, 0x0, 0x0, 0x0, 0x0, 0x0, 0xbf,
    0xff, 0xfe, 0xbf, 0xff, 0xfe, 0x0, 0x0, 0x0,
    0x0, 0x0, 0xbf, 0xff, 0xfe, 0xbf, 0xff, 0xfe,
    0x0, 0x0, 0x0, 0x0, 0x0, 0xbf, 0xff, 0xfe,
    0xbf, 0xff, 0xfe, 0x0, 0x0, 0x0, 0x0, 0x0,
    0xbf, 0xff, 0xfe, 0x6a, 0xaa, 0xa9, 0x0, 0x0,
    0x0, 0x0, 0x0, 0x6a, 0xaa, 0xa9,

    /* U+0049 "I" */
    0x3f, 0xff, 0xff, 0x3f, 0xff, 0xff, 0x3f, 0xff,
    0xff, 0x3f, 0xff, 0xff, 0x3f, 0xff, 0xff, 0x3f,
    0xff, 0xff, 0x3f, 0xff, 0xff, 0x3f, 0xff, 0xff,
    0x3f, 0xff, 0xff, 0x3f, 0xff, 0xff, 0x3f, 0xff,
    0xff, 0x3f, 0xff, 0xff, 0x3f, 0xff, 0xff, 0x3f,
    0xff, 0xff, 0x3f, 0xff, 0xff, 0x3f, 0xff, 0xff,
    0x3f, 0xff, 0xff, 0x3f, 0xff, 0xff, 0x3f, 0xff,
    0xff, 0x3f, 0xff, 0xff, 0x3f, 0xff, 0xff, 0x3f,
    0xff, 0xff, 0x3f, 0xff, 0xff, 0x3f, 0xff, 0xff,
    0x3f, 0xff, 0xff, 0x3f, 0xff, 0xff, 0x3f, 0xff,
    0xff, 0x3f, 0xff, 0xff, 0x3f, 0xff, 0xff, 0x3f,
    0xff, 0xff, 0x3f, 0xff, 0xff, 0x3f, 0xff, 0xff,
    0x3f, 0xff, 0xff, 0x3f, 0xff, 0xff, 0x3f, 0xff,
    0xff, 0x3f, 0xff, 0xff, 0x3f, 0xff, 0xff, 0x3f,
    0xff, 0xff, 0x3f, 0xff, 0xff, 0x3f, 0xff, 0xff,
    0x3f, 0xff, 0xff, 0x3f, 0xff, 0xff, 0x3f, 0xff,
    0xff, 0x3f, 0xff, 0xff, 0x3f, 0xff, 0xff, 0x3f,
    0xff, 0xff, 0x3f, 0xff, 0xff, 0x3f, 0xff, 0xff,
    0x3f, 0xff, 0xff, 0x3f, 0xff, 0xff, 0x3f, 0xff,
    0xff, 0x3f, 0xff, 0xff, 0x3f, 0xff, 0xff, 0x3f,
    0xff, 0xff, 0x3f, 0xff, 0xff, 0x3f, 0xff, 0xff,
    0x3f, 0xff, 0xff, 0x3f, 0xff, 0xff, 0x3f, 0xff,
    0xff, 0x3f, 0xff, 0xff, 0x3f, 0xff, 0xff, 0x3f,
    0xff, 0xff, 0x3f, 0xff, 0xff, 0x3f, 0xff, 0xff,
    0x3f, 0xff, 0xff, 0x3f, 0xff, 0xff, 0x3f, 0xff,
    0xff, 0x3f, 0xff, 0xff, 0x3f, 0xff, 0xff, 0x3f,
    0xff, 0xff, 0x3f, 0xff, 0xff, 0x3f, 0xff, 0xff,
    0x3f, 0xff, 0xff, 0x3f, 0xff, 0xff, 0x3f, 0xff,
    0xff, 0x3f, 0xff, 0xff, 0x3f, 0xff, 0xff, 0x3f,
    0xff, 0xff, 0x3f, 0xff, 0xff, 0x3f, 0xff, 0xff,
    0x3f, 0xff, 0xff, 0x2a, 0xaa, 0xaa,

    /* U+004A "J" */
    0x0, 0x0, 0x0, 0xbf, 0xff, 0xfe, 0x0, 0x0,
    0x0, 0xbf, 0xff, 0xfe, 0x0, 0x0, 0x0, 0xbf,
    0xff, 0xfe, 0x0, 0x0, 0x0, 0xbf, 0xff, 0xfe,
    0x0, 0x0, 0x0, 0xbf, 0xff, 0xfe, 0x0, 0x0,
    0x0, 0xbf, 0xff, 0xfe, 0x0, 0x0, 0x0, 0xbf,
    0xff, 0xfe, 0x0, 0x0, 0x0, 0xbf, 0xff, 0xfe,
    0x0, 0x0, 0x0, 0xbf, 0xff, 0xfe, 0x0, 0x0,
    0x0, 0xbf, 0xff, 0xfe, 0x0, 0x0, 0x0, 0xbf,
    0xff, 0xfe, 0x0, 0x0, 0x0, 0xbf, 0xff, 0xfe,
    0x0, 0x0, 0x0, 0xbf, 0xff, 0xfe, 0x0, 0x0,
    0x0, 0xbf, 0xff, 0xfe, 0x0, 0x0, 0x0, 0xbf,
    0xff, 0xfe, 0x0, 0x0, 0x0, 0xbf, 0xff, 0xfe,
    0x0, 0x0, 0x0, 0xbf, 0xff, 0xfe, 0x0, 0x0,
    0x0, 0xbf, 0xff, 0xfe, 0x0, 0x0, 0x0, 0xbf,
    0xff, 0xfe, 0x0, 0x0, 0x0, 0xbf, 0xff, 0xfe,
    0x0, 0x0, 0x0, 0xbf, 0xff, 0xfe, 0x0, 0x0,
    0x0, 0xbf, 0xff, 0xfe, 0x0, 0x0, 0x0, 0xbf,
    0xff, 0xfe, 0x0, 0x0, 0x0, 0xbf, 0xff, 0xfe,
    0x0, 0x0, 0x0, 0xbf, 0xff, 0xfe, 0x0, 0x0,
    0x0, 0xbf, 0xff, 0xfe, 0x0, 0x0, 0x0, 0xbf,
    0xff, 0xfe, 0x0, 0x0, 0x0, 0xbf, 0xff, 0xfe,
    0x0, 0x0, 0x0, 0xbf, 0xff, 0xfe, 0x0, 0x0,
    0x0, 0xbf, 0xff, 0xfe, 0x0, 0x0, 0x0, 0xbf,
    0xff, 0xfe, 0x0, 0x0, 0x0, 0xbf, 0xff, 0xfe,
    0x0, 0x0, 0x0, 0xbf, 0xff, 0xfe, 0x0, 0x0,
    0x0, 0xbf, 0xff, 0xfe, 0x0, 0x0, 0x0, 0xbf,
    0xff, 0xfe, 0x0, 0x0, 0x0, 0xbf, 0xff, 0xfe,
    0x0, 0x0, 0x0, 0xbf, 0xff, 0xfe, 0x0, 0x0,
    0x0, 0xbf, 0xff, 0xfe, 0x0, 0x0, 0x0, 0xbf,
    0xff, 0xfe, 0x0, 0x0, 0x0, 0xbf, 0xff, 0xfe,
    0x0, 0x0, 0x0, 0xbf, 0xff, 0xfe, 0x0, 0x0,
    0x0, 0xbf, 0xff, 0xfe, 0x0, 0x0, 0x0, 0xbf,
    0xff, 0xfe, 0x0, 0x0, 0x0, 0xbf, 0xff, 0xfe,
    0x0, 0x0, 0x0, 0xbf, 0xff, 0xfe, 0x0, 0x0,
    0x0, 0xbf, 0xff, 0xfe, 0x0, 0x0, 0x0, 0xbf,
    0xff, 0xfe, 0x0, 0x0, 0x0, 0xbf, 0xff, 0xfe,
    0x0, 0x0, 0x0, 0xbf, 0xff, 0xfe, 0x0, 0x0,
    0x0, 0xbf, 0xff, 0xfe, 0x0, 0x0, 0x0, 0xbf,
    0xff, 0xfe, 0x0, 0x0, 0x0, 0xbf, 0xff, 0xfe,
    0x0, 0x0, 0x0, 0xbf, 0xff, 0xfe, 0x0, 0x0,
    0x0, 0xbf, 0xff, 0xfe, 0x0, 0x0, 0x0, 0xbf,
    0xff, 0xfe, 0x0, 0x0, 0x0, 0xbf, 0xff, 0xfe,
    0x0, 0x0, 0x0, 0xbf, 0xff, 0xfe, 0x0, 0x0,
    0x0, 0xbf, 0xff, 0xfe, 0x0, 0x0, 0x0, 0xbf,
    0xff, 0xfe, 0x0, 0x0, 0x0, 0xbf, 0xff, 0xfe,
    0x0, 0x0, 0x0, 0xbf, 0xff, 0xfe, 0x0, 0x0,
    0x0, 0xbf, 0xff, 0xfe, 0x0, 0x0, 0x0, 0xbf,
    0xff, 0xfe, 0x0, 0x0, 0x0, 0xbf, 0xff, 0xfe,
    0x0, 0x0, 0x0, 0xbf, 0xff, 0xfe, 0x0, 0x0,
    0x0, 0xbf, 0xff, 0xfe, 0x0, 0x0, 0x0, 0xbf,
    0xff, 0xfe, 0x0, 0x0, 0x0, 0xff, 0xff, 0xfe,
    0x0, 0x0, 0x0, 0xff, 0xff, 0xfd, 0x0, 0x0,
    0x0, 0xff, 0xff, 0xfd, 0x0, 0x0, 0x1, 0xff,
    0xff, 0xfc, 0x0, 0x0, 0x3, 0xff, 0xff, 0xfc,
    0x0, 0x0, 0xb, 0xff, 0xff, 0xf8, 0x0, 0x0,
    0x2f, 0xff, 0xff, 0xf4, 0x0, 0x16, 0xff, 0xff,
    0xff, 0xf0, 0x7f, 0xff, 0xff, 0xff, 0xff, 0xf0,
    0x7f, 0xff, 0xff, 0xff, 0xff, 0xd0, 0x7f, 0xff,
    0xff, 0xff, 0xff, 0x80, 0x7f, 0xff, 0xff, 0xff,
    0xff, 0x0, 0x7f, 0xff, 0xff, 0xff, 0xfc, 0x0,
    0x7f, 0xff, 0xff, 0xff, 0xe0, 0x0, 0x7f, 0xff,
    0xff, 0xfe, 0x0, 0x0, 0x7f, 0xff, 0xff, 0x90,
    0x0, 0x0, 0x0, 0x0, 0x0, 0x0, 0x0, 0x0,

    /* U+004B "K" */
    0xbf, 0xff, 0xfe, 0x0, 0x0, 0x0, 0x0, 0xf,
    0xff, 0xff, 0x40, 0xbf, 0xff, 0xfe, 0x0, 0x0,
    0x0, 0x0, 0x2f, 0xff, 0xff, 0x0, 0xbf, 0xff,
    0xfe, 0x0, 0x0, 0x0, 0x0, 0x3f, 0xff, 0xfe,
    0x0, 0xbf, 0xff, 0xfe, 0x0, 0x0, 0x0, 0x0,
    0x7f, 0xff, 0xfc, 0x0, 0xbf, 0xff, 0xfe, 0x0,
    0x0, 0x0, 0x0, 0xff, 0xff, 0xf8, 0x0, 0xbf,
    0xff, 0xfe, 0x0, 0x0, 0x0, 0x1, 0xff, 0xff,
    0xf4, 0x0, 0xbf, 0xff, 0xfe, 0x0, 0x0, 0x0,
    0x3, 0xff, 0xff, 0xf0, 0x0, 0xbf, 0xff, 0xfe,
    0x0, 0x0, 0x0, 0x7, 0xff, 0xff, 0xd0, 0x0,
    0xbf, 0xff, 0xfe, 0x0, 0x0, 0x0, 0xf, 0xff,
    0xff, 0xc0, 0x0, 0xbf, 0xff, 0xfe, 0x0, 0x0,
    0x0, 0x1f, 0xff, 0xff, 0x40, 0x0, 0xbf, 0xff,
    0xfe, 0x0, 0x0, 0x0, 0x3f, 0xff, 0xff, 0x0,
    0x0, 0xbf, 0xff, 0xfe, 0x0, 0x0, 0x0, 0x7f,
    0xff, 0xfe, 0x0, 0x0, 0xbf, 0xff, 0xfe, 0x0,
    0x0, 0x0, 0xff, 0xff, 0xfc, 0x0, 0x0, 0xbf,
    0xff, 0xfe, 0x0, 0x0, 0x1, 0xff, 0xff, 0xf8,
    0x0, 0x0, 0xbf, 0xff, 0xfe, 0x0, 0x0, 0x3,
    0xff, 0xff, 0xf4, 0x0, 0x0, 0xbf, 0xff, 0xfe,
    0x0, 0x0, 0x7, 0xff, 0xff, 0xf0, 0x0, 0x0,
    0xbf, 0xff, 0xfe, 0x0, 0x0, 0xf, 0xff, 0xff,
    0xd0, 0x0, 0x0, 0xbf, 0xff, 0xfe, 0x0, 0x0,
    0x1f, 0xff, 0xff, 0xc0, 0x0, 0x0, 0xbf, 0xff,
    0xfe, 0x0, 0x0, 0x2f, 0xff, 0xff, 0x40, 0x0,
    0x0, 0xbf, 0xff, 0xfe, 0x0, 0x0, 0x3f, 0xff,
    0xff, 0x0, 0x0, 0x0, 0xbf, 0xff, 0xfe, 0x0,
    0x0, 0xbf, 0xff, 0xfe, 0x0, 0x0, 0x0, 0xbf,
    0xff, 0xfe, 0x0, 0x0, 0xff, 0xff, 0xfc, 0x0,
    0x0, 0x0, 0xbf, 0xff, 0xfe, 0x0, 0x2, 0xff,
    0xff, 0xf8, 0x0, 0x0, 0x0, 0xbf, 0xff, 0xfe,
    0x0, 0x3, 0xff, 0xff, 0xf0, 0x0, 0x0, 0x0,
    0xbf, 0xff, 0xfe, 0x0, 0xb, 0xff, 0xff, 0xf0,
    0x0, 0x0, 0x0, 0xbf, 0xff, 0xfe, 0x0, 0xf,
    0xff, 0xff, 0xd0, 0x0, 0x0, 0x0, 0xbf, 0xff,
    0xfe, 0x0, 0x2f, 0xff, 0xff, 0xc0, 0x0, 0x0,
    0x0, 0xbf, 0xff, 0xfe, 0x0, 0x3f, 0xff, 0xff,
    0x40, 0x0, 0x0, 0x0, 0xbf, 0xff, 0xfe, 0x0,
    0xbf, 0xff, 0xff, 0x0, 0x0, 0x0, 0x0, 0xbf,
    0xff, 0xfe, 0x0, 0xff, 0xff, 0xfe, 0x0, 0x0,
    0x0, 0x0, 0xbf, 0xff, 0xfe, 0x2, 0xff, 0xff,
    0xfc, 0x0, 0x0, 0x0, 0x0, 0xbf, 0xff, 0xfe,
    0x3, 0xff, 0xff, 0xf8, 0x0, 0x0, 0x0, 0x0,
    0xbf, 0xff, 0xfe, 0xb, 0xff, 0xff, 0xf0, 0x0,
    0x0, 0x0, 0x0, 0xbf, 0xff, 0xfe, 0xf, 0xff,
    0xff, 0xf0, 0x0, 0x0, 0x0, 0x0, 0xbf, 0xff,
    0xfe, 0x1f, 0xff, 0xff, 0xd0, 0x0, 0x0, 0x0,
    0x0, 0xbf, 0xff, 0xfe, 0x3f, 0xff, 0xff, 0xc0,
    0x0, 0x0, 0x0, 0x0, 0xbf, 0xff, 0xfe, 0x7f,
    0xff, 0xff, 0xc0, 0x0, 0x0, 0x0, 0x0, 0xbf,
    0xff, 0xfe, 0xff, 0xff, 0xff, 0xd0, 0x0, 0x0,
    0x0, 0x0, 0xbf, 0xff, 0xff, 0xff, 0xff, 0xff,
    0xe0, 0x0, 0x0, 0x0, 0x0, 0xbf, 0xff, 0xff,
    0xff, 0xff, 0xff, 0xf0, 0x0, 0x0, 0x0, 0x0,
    0xbf, 0xff, 0xff, 0xff, 0xff, 0xff, 0xf8, 0x0,
    0x0, 0x0, 0x0, 0xbf, 0xff, 0xff, 0xff, 0xff,
    0xff, 0xfc, 0x0, 0x0, 0x0, 0x0, 0xbf, 0xff,
    0xff, 0xff, 0xff, 0xff, 0xfd, 0x0, 0x0, 0x0,
    0x0, 0xbf, 0xff, 0xff, 0xff, 0xff, 0xff, 0xff,
    0x0, 0x0, 0x0, 0x0, 0xbf, 0xff, 0xff, 0xff,
    0x2f, 0xff, 0xff, 0x0, 0x0, 0x0, 0x0, 0xbf,
    0xff, 0xff, 0xfe, 0x1f, 0xff, 0xff, 0x80, 0x0,
    0x0, 0x0, 0xbf, 0xff, 0xff, 0xfc, 0xf, 0xff,
    0xff, 0xc0, 0x0, 0x0, 0x0, 0xbf, 0xff, 0xff,
    0xf4, 0xb, 0xff, 0xff, 0xd0, 0x0, 0x0, 0x0,
    0xbf, 0xff, 0xff, 0xf0, 0x3, 0xff, 0xff, 0xf0,
    0x0, 0x0, 0x0, 0xbf, 0xff, 0xff, 0xd0, 0x2,
    0xff, 0xff, 0xf0, 0x0, 0x0, 0x0, 0xbf, 0xff,
    0xff, 0xc0, 0x1, 0xff, 0xff, 0xf8, 0x0, 0x0,
    0x0, 0xbf, 0xff, 0xff, 0x40, 0x0, 0xff, 0xff,
    0xfc, 0x0, 0x0, 0x0, 0xbf, 0xff, 0xff, 0x0,
    0x0, 0x7f, 0xff, 0xfd, 0x0, 0x0, 0x0, 0xbf,
    0xff, 0xfe, 0x0, 0x0, 0x3f, 0xff, 0xff, 0x0,
    0x0, 0x0, 0xbf, 0xff, 0xfe, 0x0, 0x0, 0x2f,
    0xff, 0xff, 0x40, 0x0, 0x0, 0xbf, 0xff, 0xfe,
    0x0, 0x0, 0x1f, 0xff, 0xff, 0x80, 0x0, 0x0,
    0xbf, 0xff, 0xfe, 0x0, 0x0, 0xf, 0xff, 0xff,
    0xc0, 0x0, 0x0, 0xbf, 0xff, 0xfe, 0x0, 0x0,
    0x7, 0xff, 0xff, 0xd0, 0x0, 0x0, 0xbf, 0xff,
    0xfe, 0x0, 0x0, 0x3, 0xff, 0xff, 0xf0, 0x0,
    0x0, 0xbf, 0xff, 0xfe, 0x0, 0x0, 0x2, 0xff,
    0xff, 0xf4, 0x0, 0x0, 0xbf, 0xff, 0xfe, 0x0,
    0x0, 0x0, 0xff, 0xff, 0xf8, 0x0, 0x0, 0xbf,
    0xff, 0xfe, 0x0, 0x0, 0x0, 0xff, 0xff, 0xfc,
    0x0, 0x0, 0xbf, 0xff, 0xfe, 0x0, 0x0, 0x0,
    0x7f, 0xff, 0xfe, 0x0, 0x0, 0xbf, 0xff, 0xfe,
    0x0, 0x0, 0x0, 0x3f, 0xff, 0xff, 0x0, 0x0,
    0xbf, 0xff, 0xfe, 0x0, 0x0, 0x0, 0x2f, 0xff,
    0xff, 0x40, 0x0, 0xbf, 0xff, 0xfe, 0x0, 0x0,
    0x0, 0xf, 0xff, 0xff, 0xc0, 0x0, 0xbf, 0xff,
    0xfe, 0x0, 0x0, 0x0, 0xf, 0xff, 0xff, 0xc0,
    0x0, 0xbf, 0xff, 0xfe, 0x0, 0x0, 0x0, 0x7,
    0xff, 0xff, 0xe0, 0x0, 0xbf, 0xff, 0xfe, 0x0,
    0x0, 0x0, 0x3, 0xff, 0xff, 0xf0, 0x0, 0xbf,
    0xff, 0xfe, 0x0, 0x0, 0x0, 0x2, 0xff, 0xff,
    0xf4, 0x0, 0xbf, 0xff, 0xfe, 0x0, 0x0, 0x0,
    0x0, 0xff, 0xff, 0xfc, 0x0, 0xbf, 0xff, 0xfe,
    0x0, 0x0, 0x0, 0x0, 0xff, 0xff, 0xfc, 0x0,
    0xbf, 0xff, 0xfe, 0x0, 0x0, 0x0, 0x0, 0x7f,
    0xff, 0xfe, 0x0, 0xbf, 0xff, 0xfe, 0x0, 0x0,
    0x0, 0x0, 0x3f, 0xff, 0xff, 0x0, 0xbf, 0xff,
    0xfe, 0x0, 0x0, 0x0, 0x0, 0x2f, 0xff, 0xff,
    0x40, 0xbf, 0xff, 0xfe, 0x0, 0x0, 0x0, 0x0,
    0xf, 0xff, 0xff, 0xc0, 0xbf, 0xff, 0xfe, 0x0,
    0x0, 0x0, 0x0, 0xf, 0xff, 0xff, 0xc0, 0xbf,
    0xff, 0xfe, 0x0, 0x0, 0x0, 0x0, 0x7, 0xff,
    0xff, 0xe0, 0xbf, 0xff, 0xfe, 0x0, 0x0, 0x0,
    0x0, 0x3, 0xff, 0xff, 0xf0, 0xbf, 0xff, 0xfe,
    0x0, 0x0, 0x0, 0x0, 0x2, 0xff, 0xff, 0xf4,
    0xbf, 0xff, 0xfe, 0x0, 0x0, 0x0, 0x0, 0x0,
    0xff, 0xff, 0xfc, 0x6a, 0xaa, 0xa9, 0x0, 0x0,
    0x0, 0x0, 0x0, 0x6a, 0xaa, 0xa8,

    /* U+004C "L" */
    0xbf, 0xff, 0xfe, 0x0, 0x0, 0x0, 0x0, 0x0,
    0x2f, 0xff, 0xff, 0x80, 0x0, 0x0, 0x0, 0x0,
    0xb, 0xff, 0xff, 0xe0, 0x0, 0x0, 0x0, 0x0,
    0x2, 0xff, 0xff, 0xf8, 0x0, 0x0, 0x0, 0x0,
    0x0, 0xbf, 0xff, 0xfe, 0x0, 0x0, 0x0, 0x0,
    0x0, 0x2f, 0xff, 0xff, 0x80, 0x0, 0x0, 0x0,
    0x0, 0xb, 0xff, 0xff, 0xe0, 0x0, 0x0, 0x0,
    0x0, 0x2, 0xff, 0xff, 0xf8, 0x0, 0x0, 0x0,
    0x0, 0x0, 0xbf, 0xff, 0xfe, 0x0, 0x0, 0x0,
    0x0, 0x0, 0x2f, 0xff, 0xff, 0x80, 0x0, 0x0,
    0x0, 0x0, 0xb, 0xff, 0xff, 0xe0, 0x0, 0x0,
    0x0, 0x0, 0x2, 0xff, 0xff, 0xf8, 0x0, 0x0,
    0x0, 0x0, 0x0, 0xbf, 0xff, 0xfe, 0x0, 0x0,
    0x0, 0x0, 0x0, 0x2f, 0xff, 0xff, 0x80, 0x0,
    0x0, 0x0, 0x0, 0xb, 0xff, 0xff, 0xe0, 0x0,
    0x0, 0x0, 0x0, 0x2, 0xff, 0xff, 0xf8, 0x0,
    0x0, 0x0, 0x0, 0x0, 0xbf, 0xff, 0xfe, 0x0,
    0x0, 0x0, 0x0, 0x0, 0x2f, 0xff, 0xff, 0x80,
    0x0, 0x0, 0x0, 0x0, 0xb, 0xff, 0xff, 0xe0,
    0x0, 0x0, 0x0, 0x0, 0x2, 0xff, 0xff, 0xf8,
    0x0, 0x0, 0x0, 0x0, 0x0, 0xbf, 0xff, 0xfe,
    0x0, 0x0, 0x0, 0x0, 0x0, 0x2f, 0xff, 0xff,
    0x80, 0x0, 0x0, 0x0, 0x0, 0xb, 0xff, 0xff,
    0xe0, 0x0, 0x0, 0x0, 0x0, 0x2, 0xff, 0xff,
    0xf8, 0x0, 0x0, 0x0, 0x0, 0x0, 0xbf, 0xff,
    0xfe, 0x0, 0x0, 0x0, 0x0, 0x0, 0x2f, 0xff,
    0xff, 0x80, 0x0, 0x0, 0x0, 0x0, 0xb, 0xff,
    0xff, 0xe0, 0x0, 0x0, 0x0, 0x0, 0x2, 0xff,
    0xff, 0xf8, 0x0, 0x0, 0x0, 0x0, 0x0, 0xbf,
    0xff, 0xfe, 0x0, 0x0, 0x0, 0x0, 0x0, 0x2f,
    0xff, 0xff, 0x80, 0x0, 0x0, 0x0, 0x0, 0xb,
    0xff, 0xff, 0xe0, 0x0, 0x0, 0x0, 0x0, 0x2,
    0xff, 0xff, 0xf8, 0x0, 0x0, 0x0, 0x0, 0x0,
    0xbf, 0xff, 0xfe, 0x0, 0x0, 0x0, 0x0, 0x0,
    0x2f, 0xff, 0xff, 0x80, 0x0, 0x0, 0x0, 0x0,
    0xb, 0xff, 0xff, 0xe0, 0x0, 0x0, 0x0, 0x0,
    0x2, 0xff, 0xff, 0xf8, 0x0, 0x0, 0x0, 0x0,
    0x0, 0xbf, 0xff, 0xfe, 0x0, 0x0, 0x0, 0x0,
    0x0, 0x2f, 0xff, 0xff, 0x80, 0x0, 0x0, 0x0,
    0x0, 0xb, 0xff, 0xff, 0xe0, 0x0, 0x0, 0x0,
    0x0, 0x2, 0xff, 0xff, 0xf8, 0x0, 0x0, 0x0,
    0x0, 0x0, 0xbf, 0xff, 0xfe, 0x0, 0x0, 0x0,
    0x0, 0x0, 0x2f, 0xff, 0xff, 0x80, 0x0, 0x0,
    0x0, 0x0, 0xb, 0xff, 0xff, 0xe0, 0x0, 0x0,
    0x0, 0x0, 0x2, 0xff, 0xff, 0xf8, 0x0, 0x0,
    0x0, 0x0, 0x0, 0xbf, 0xff, 0xfe, 0x0, 0x0,
    0x0, 0x0, 0x0, 0x2f, 0xff, 0xff, 0x80, 0x0,
    0x0, 0x0, 0x0, 0xb, 0xff, 0xff, 0xe0, 0x0,
    0x0, 0x0, 0x0, 0x2, 0xff, 0xff, 0xf8, 0x0,
    0x0, 0x0, 0x0, 0x0, 0xbf, 0xff, 0xfe, 0x0,
    0x0, 0x0, 0x0, 0x0, 0x2f, 0xff, 0xff, 0x80,
    0x0, 0x0, 0x0, 0x0, 0xb, 0xff, 0xff, 0xe0,
    0x0, 0x0, 0x0, 0x0, 0x2, 0xff, 0xff, 0xf8,
    0x0, 0x0, 0x0, 0x0, 0x0, 0xbf, 0xff, 0xfe,
    0x0, 0x0, 0x0, 0x0, 0x0, 0x2f, 0xff, 0xff,
    0x80, 0x0, 0x0, 0x0, 0x0, 0xb, 0xff, 0xff,
    0xe0, 0x0, 0x0, 0x0, 0x0, 0x2, 0xff, 0xff,
    0xf8, 0x0, 0x0, 0x0, 0x0, 0x0, 0xbf, 0xff,
    0xfe, 0x0, 0x0, 0x0, 0x0, 0x0, 0x2f, 0xff,
    0xff, 0x80, 0x0, 0x0, 0x0, 0x0, 0xb, 0xff,
    0xff, 0xe0, 0x0, 0x0, 0x0, 0x0, 0x2, 0xff,
    0xff, 0xf8, 0x0, 0x0, 0x0, 0x0, 0x0, 0xbf,
    0xff, 0xfe, 0x0, 0x0, 0x0, 0x0, 0x0, 0x2f,
    0xff, 0xff, 0x80, 0x0, 0x0, 0x0, 0x0, 0xb,
    0xff, 0xff, 0xe0, 0x0, 0x0, 0x0, 0x0, 0x2,
    0xff, 0xff, 0xf8, 0x0, 0x0, 0x0, 0x0, 0x0,
    0xbf, 0xff, 0xfe, 0x0, 0x0, 0x0, 0x0, 0x0,
    0x2f, 0xff, 0xff, 0x80, 0x0, 0x0, 0x0, 0x0,
    0xb, 0xff, 0xff, 0xe0, 0x0, 0x0, 0x0, 0x0,
    0x2, 0xff, 0xff, 0xf8, 0x0, 0x0, 0x0, 0x0,
    0x0, 0xbf, 0xff, 0xfe, 0x0, 0x0, 0x0, 0x0,
    0x0, 0x2f, 0xff, 0xff, 0x80, 0x0, 0x0, 0x0,
    0x0, 0xb, 0xff, 0xff, 0xe0, 0x0, 0x0, 0x0,
    0x0, 0x2, 0xff, 0xff, 0xf8, 0x0, 0x0, 0x0,
    0x0, 0x0, 0xbf, 0xff, 0xfe, 0x0, 0x0, 0x0,
    0x0, 0x0, 0x2f, 0xff, 0xff, 0xff, 0xff, 0xff,
    0xff, 0xff, 0xdb, 0xff, 0xff, 0xff, 0xff, 0xff,
    0xff, 0xff, 0xf6, 0xff, 0xff, 0xff, 0xff, 0xff,
    0xff, 0xff, 0xfd, 0xbf, 0xff, 0xff, 0xff, 0xff,
    0xff, 0xff, 0xff, 0x6f, 0xff, 0xff, 0xff, 0xff,
    0xff, 0xff, 0xff, 0xdb, 0xff, 0xff, 0xff, 0xff,
    0xff, 0xff, 0xff, 0xf6, 0xff, 0xff, 0xff, 0xff,
    0xff, 0xff, 0xff, 0xfd, 0xbf, 0xff, 0xff, 0xff,
    0xff, 0xff, 0xff, 0xff, 0x40, 0x0, 0x0, 0x0,
    0x0, 0x0, 0x0, 0x0, 0x0,

    /* U+004D "M" */
    0x1f, 0xff, 0xff, 0xc0, 0x0, 0x0, 0x0, 0x0,
    0x0, 0x0, 0x2f, 0xff, 0xff, 0x41, 0xff, 0xff,
    0xfc, 0x0, 0x0, 0x0, 0x0, 0x0, 0x0, 0x3,
    0xff, 0xff, 0xf4, 0x1f, 0xff, 0xff, 0xc0, 0x0,
    0x0, 0x0, 0x0, 0x0, 0x0, 0x3f, 0xff, 0xff,
    0x41, 0xff, 0xff, 0xfd, 0x0, 0x0, 0x0, 0x0,
    0x0, 0x0, 0x7, 0xff, 0xff, 0xf4, 0x1f, 0xff,
    0xff, 0xe0, 0x0, 0x0, 0x0, 0x0, 0x0, 0x0,
    0xbf, 0xff, 0xff, 0x42, 0xff, 0xff, 0xff, 0x0,
    0x0, 0x0, 0x0, 0x0, 0x0, 0xf, 0xff, 0xff,
    0xf8, 0x2f, 0xff, 0xff, 0xf0, 0x0, 0x0, 0x0,
    0x0, 0x0, 0x0, 0xff, 0xff, 0xff, 0x82, 0xff,
    0xff, 0xff, 0x40, 0x0, 0x0, 0x0, 0x0, 0x0,
    0xf, 0xff, 0xff, 0xf8, 0x2f, 0xff, 0xff, 0xf8,
    0x0, 0x0, 0x0, 0x0, 0x0, 0x1, 0xff, 0xff,
    0xff, 0x82, 0xff, 0xff, 0xff, 0xc0, 0x0, 0x0,
    0x0, 0x0, 0x0, 0x2f, 0xff, 0xff, 0xf8, 0x2f,
    0xff, 0xff, 0xfc, 0x0, 0x0, 0x0, 0x0, 0x0,
    0x3, 0xff, 0xff, 0xff, 0x82, 0xff, 0xff, 0xff,
    0xc0, 0x0, 0x0, 0x0, 0x0, 0x0, 0x3f, 0xff,
    0xff, 0xf8, 0x2f, 0xff, 0xff, 0xfd, 0x0, 0x0,
    0x0, 0x0, 0x0, 0x7, 0xff, 0xff, 0xff, 0x82,
    0xff, 0xff, 0xff, 0xe0, 0x0, 0x0, 0x0, 0x0,
    0x0, 0xbf, 0xff, 0xff, 0xf8, 0x2f, 0xff, 0xff,
    0xff, 0x0, 0x0, 0x0, 0x0, 0x0, 0xf, 0xff,
    0xff, 0xff, 0x82, 0xff, 0xff, 0xff, 0xf0, 0x0,
    0x0, 0x0, 0x0, 0x0, 0xff, 0xff, 0xff, 0xf8,
    0x2f, 0xff, 0xff, 0xff, 0x40, 0x0, 0x0, 0x0,
    0x0, 0xf, 0xff, 0xff, 0xff, 0x82, 0xff, 0xff,
    0xff, 0xf4, 0x0, 0x0, 0x0, 0x0, 0x1, 0xff,
    0xff, 0xff, 0xf8, 0x2f, 0xff, 0xff, 0xff, 0x80,
    0x0, 0x0, 0x0, 0x0, 0x2f, 0xff, 0xff, 0xff,
    0x83, 0xff, 0xff, 0xff, 0xfc, 0x0, 0x0, 0x0,
    0x0, 0x3, 0xff, 0xff, 0xff, 0xfc, 0x3f, 0xff,
    0xff, 0xff, 0xc0, 0x0, 0x0, 0x0, 0x0, 0x3f,
    0xff, 0xff, 0xff, 0xc3, 0xff, 0xff, 0xff, 0xfd,
    0x0, 0x0, 0x0, 0x0, 0x7, 0xff, 0xff, 0xff,
    0xfc, 0x3f, 0xff, 0xff, 0xff, 0xe0, 0x0, 0x0,
    0x0, 0x0, 0x7f, 0xff, 0xff, 0xff, 0xc3, 0xff,
    0xff, 0xbf, 0xff, 0x0, 0x0, 0x0, 0x0, 0xb,
    0xff, 0xef, 0xff, 0xfc, 0x3f, 0xff, 0xf7, 0xff,
    0xf0, 0x0, 0x0, 0x0, 0x0, 0xff, 0xfd, 0xff,
    0xff, 0xc3, 0xff, 0xff, 0x3f, 0xff, 0x0, 0x0,
    0x0, 0x0, 0xf, 0xff, 0xcf, 0xff, 0xfc, 0x3f,
    0xff, 0xf3, 0xff, 0xf4, 0x0, 0x0, 0x0, 0x1,
    0xff, 0xfc, 0xff, 0xff, 0xc3, 0xff, 0xff, 0x2f,
    0xff, 0x80, 0x0, 0x0, 0x0, 0x2f, 0xff, 0x8f,
    0xff, 0xfc, 0x3f, 0xff, 0xf1, 0xff, 0xfc, 0x0,
    0x0, 0x0, 0x3, 0xff, 0xf4, 0xff, 0xff, 0xc3,
    0xff, 0xff, 0xf, 0xff, 0xc0, 0x0, 0x0, 0x0,
    0x3f, 0xff, 0x4f, 0xff, 0xfc, 0x3f, 0xff, 0xf0,
    0xff, 0xfd, 0x0, 0x0, 0x0, 0x3, 0xff, 0xf0,
    0xff, 0xff, 0xc3, 0xff, 0xff, 0xb, 0xff, 0xe0,
    0x0, 0x0, 0x0, 0x7f, 0xff, 0xf, 0xff, 0xfc,
    0x3f, 0xff, 0xf0, 0x7f, 0xfe, 0x0, 0x0, 0x0,
    0xb, 0xff, 0xe0, 0xff, 0xff, 0xc3, 0xff, 0xff,
    0x3, 0xff, 0xf0, 0x0, 0x0, 0x0, 0xff, 0xfd,
    0xf, 0xff, 0xfc, 0x3f, 0xff, 0xf0, 0x3f, 0xff,
    0x0, 0x0, 0x0, 0xf, 0xff, 0xc0, 0xff, 0xff,
    0xc3, 0xff, 0xff, 0x3, 0xff, 0xf4, 0x0, 0x0,
    0x1, 0xff, 0xfc, 0xf, 0xff, 0xfc, 0x3f, 0xff,
    0xf0, 0x2f, 0xff, 0x80, 0x0, 0x0, 0x2f, 0xff,
    0x80, 0xff, 0xff, 0xc3, 0xff, 0xff, 0x1, 0xff,
    0xfc, 0x0, 0x0, 0x3, 0xff, 0xf4, 0xf, 0xff,
    0xfc, 0x3f, 0xff, 0xf0, 0xf, 0xff, 0xc0, 0x0,
    0x0, 0x3f, 0xff, 0x0, 0xff, 0xff, 0xc3, 0xff,
    0xff, 0x0, 0xff, 0xfc, 0x0, 0x0, 0x3, 0xff,
    0xf0, 0xf, 0xff, 0xfc, 0x3f, 0xff, 0xf0, 0xb,
    0xff, 0xd0, 0x0, 0x0, 0x7f, 0xfe, 0x0, 0xff,
    0xff, 0xc3, 0xff, 0xff, 0x0, 0x7f, 0xfe, 0x0,
    0x0, 0xb, 0xff, 0xd0, 0xf, 0xff, 0xfc, 0x3f,
    0xff, 0xf0, 0x3, 0xff, 0xf0, 0x0, 0x0, 0xff,
    0xfc, 0x0, 0xff, 0xff, 0xc3, 0xff, 0xff, 0x0,
    0x3f, 0xff, 0x0, 0x0, 0xf, 0xff, 0xc0, 0xf,
    0xff, 0xfc, 0x3f, 0xff, 0xf0, 0x2, 0xff, 0xf4,
    0x0, 0x1, 0xff, 0xfc, 0x0, 0xff, 0xff, 0xc3,
    0xff, 0xff, 0x0, 0x1f, 0xff, 0x80, 0x0, 0x2f,
    0xff, 0x80, 0xb, 0xff, 0xfc, 0x7f, 0xff, 0xf0,
    0x1, 0xff, 0xfc, 0x0, 0x2, 0xff, 0xf4, 0x0,
    0xbf, 0xff, 0xd7, 0xff, 0xff, 0x0, 0xf, 0xff,
    0xc0, 0x0, 0x3f, 0xff, 0x0, 0xb, 0xff, 0xfd,
    0x7f, 0xff, 0xf0, 0x0, 0xff, 0xfc, 0x0, 0x3,
    0xff, 0xf0, 0x0, 0xbf, 0xff, 0xd7, 0xff, 0xff,
    0x0, 0xb, 0xff, 0xd0, 0x0, 0x7f, 0xfe, 0x0,
    0xb, 0xff, 0xfd, 0x7f, 0xff, 0xf0, 0x0, 0x7f,
    0xfe, 0x0, 0xb, 0xff, 0xd0, 0x0, 0xbf, 0xff,
    0xd7, 0xff, 0xff, 0x0, 0x3, 0xff, 0xf0, 0x0,
    0xff, 0xfc, 0x0, 0xb, 0xff, 0xfd, 0x7f, 0xff,
    0xe0, 0x0, 0x3f, 0xff, 0x0, 0xf, 0xff, 0xc0,
    0x0, 0xbf, 0xff, 0xd7, 0xff, 0xfe, 0x0, 0x2,
    0xff, 0xf4, 0x0, 0xff, 0xf8, 0x0, 0xb, 0xff,
    0xfd, 0x7f, 0xff, 0xe0, 0x0, 0x1f, 0xff, 0x40,
    0x1f, 0xff, 0x40, 0x0, 0xbf, 0xff, 0xd7, 0xff,
    0xfe, 0x0, 0x0, 0xff, 0xf8, 0x2, 0xff, 0xf0,
    0x0, 0xb, 0xff, 0xfd, 0x7f, 0xff, 0xe0, 0x0,
    0xf, 0xff, 0xc0, 0x3f, 0xff, 0x0, 0x0, 0xbf,
    0xff, 0xd7, 0xff, 0xfe, 0x0, 0x0, 0xbf, 0xfc,
    0x3, 0xff, 0xf0, 0x0, 0xb, 0xff, 0xfd, 0x7f,
    0xff, 0xe0, 0x0, 0x7, 0xff, 0xd0, 0x7f, 0xfe,
    0x0, 0x0, 0xbf, 0xff, 0xdb, 0xff, 0xfe, 0x0,
    0x0, 0x7f, 0xfe, 0xb, 0xff, 0xd0, 0x0, 0xb,
    0xff, 0xfe, 0xbf, 0xff, 0xe0, 0x0, 0x3, 0xff,
    0xf0, 0xff, 0xfc, 0x0, 0x0, 0xbf, 0xff, 0xeb,
    0xff, 0xfe, 0x0, 0x0, 0x3f, 0xff, 0xf, 0xff,
    0xc0, 0x0, 0xb, 0xff, 0xfe, 0xbf, 0xff, 0xe0,
    0x0, 0x2, 0xff, 0xf0, 0xff, 0xf8, 0x0, 0x0,
    0x7f, 0xff, 0xeb, 0xff, 0xfe, 0x0, 0x0, 0x1f,
    0xff, 0x5f, 0xff, 0x40, 0x0, 0x7, 0xff, 0xfe,
    0xbf, 0xff, 0xe0, 0x0, 0x0, 0xff, 0xfa, 0xff,
    0xf0, 0x0, 0x0, 0x7f, 0xff, 0xeb, 0xff, 0xfe,
    0x0, 0x0, 0xf, 0xff, 0xff, 0xff, 0x0, 0x0,
    0x7, 0xff, 0xfe, 0xbf, 0xff, 0xe0, 0x0, 0x0,
    0xbf, 0xff, 0xff, 0xe0, 0x0, 0x0, 0x7f, 0xff,
    0xeb, 0xff, 0xfe, 0x0, 0x0, 0x7, 0xff, 0xff,
    0xfd, 0x0, 0x0, 0x7, 0xff, 0xfe, 0xbf, 0xff,
    0xd0, 0x0, 0x0, 0x3f, 0xff, 0xff, 0xc0, 0x0,
    0x0, 0x7f, 0xff, 0xeb, 0xff, 0xfd, 0x0, 0x0,
    0x3, 0xff, 0xff, 0xfc, 0x0, 0x0, 0x7, 0xff,
    0xfe, 0xbf, 0xff, 0xd0, 0x0, 0x0, 0x2f, 0xff,
    0xff, 0xc0, 0x0, 0x0, 0x7f, 0xff, 0xeb, 0xff,
    0xfd, 0x0, 0x0, 0x2, 0xff, 0xff, 0xf8, 0x0,
    0x0, 0x7, 0xff, 0xfe, 0xbf, 0xff, 0xd0, 0x0,
    0x0, 0x1f, 0xff, 0xff, 0x40, 0x0, 0x0, 0x7f,
    0xff, 0xef, 0xff, 0xfd, 0x0, 0x0, 0x0, 0xff,
    0xff, 0xf0, 0x0, 0x0, 0x7, 0xff, 0xff, 0xff,
    0xff, 0xd0, 0x0, 0x0, 0xf, 0xff, 0xff, 0x0,
    0x0, 0x0, 0x7f, 0xff, 0xff, 0xff, 0xfd, 0x0,
    0x0, 0x0, 0xbf, 0xff, 0xe0, 0x0, 0x0, 0x7,
    0xff, 0xff, 0xff, 0xff, 0xd0, 0x0, 0x0, 0x7,
    0xff, 0xfd, 0x0, 0x0, 0x0, 0x7f, 0xff, 0xff,
    0xff, 0xfd, 0x0, 0x0, 0x0, 0x3f, 0xff, 0xc0,
    0x0, 0x0, 0x7, 0xff, 0xff, 0xff, 0xff, 0xd0,
    0x0, 0x0, 0x3, 0xff, 0xfc, 0x0, 0x0, 0x0,
    0x7f, 0xff, 0xff, 0xff, 0xfd, 0x0, 0x0, 0x0,
    0x2f, 0xff, 0x80, 0x0, 0x0, 0x3, 0xff, 0xff,
    0xff, 0xff, 0xd0, 0x0, 0x0, 0x1, 0xff, 0xf4,
    0x0, 0x0, 0x0, 0x3f, 0xff, 0xfa, 0xaa, 0xa8,
    0x0, 0x0, 0x0, 0xa, 0xaa, 0x0, 0x0, 0x0,
    0x2, 0xaa, 0xaa,

    /* U+004E "N" */
    0xbf, 0xff, 0x0, 0x0, 0x0, 0x0, 0x0, 0x3,
    0xff, 0xff, 0x6f, 0xff, 0xe0, 0x0, 0x0, 0x0,
    0x0, 0x0, 0xff, 0xff, 0xdb, 0xff, 0xfc, 0x0,
    0x0, 0x0, 0x0, 0x0, 0x3f, 0xff, 0xf6, 0xff,
    0xff, 0x40, 0x0, 0x0, 0x0, 0x0, 0xf, 0xff,
    0xfd, 0xbf, 0xff, 0xf0, 0x0, 0x0, 0x0, 0x0,
    0x3, 0xff, 0xff, 0x6f, 0xff, 0xfd, 0x0, 0x0,
    0x0, 0x0, 0x0, 0xff, 0xff, 0xdb, 0xff, 0xff,
    0xc0, 0x0, 0x0, 0x0, 0x0, 0x3f, 0xff, 0xf6,
    0xff, 0xff, 0xf0, 0x0, 0x0, 0x0, 0x0, 0xf,
    0xff, 0xfd, 0xbf, 0xff, 0xfe, 0x0, 0x0, 0x0,
    0x0, 0x3, 0xff, 0xff, 0x6f, 0xff, 0xff, 0xc0,
    0x0, 0x0, 0x0, 0x0, 0xff, 0xff, 0xdb, 0xff,
    0xff, 0xf4, 0x0, 0x0, 0x0, 0x0, 0x3f, 0xff,
    0xf6, 0xff, 0xff, 0xff, 0x0, 0x0, 0x0, 0x0,
    0xf, 0xff, 0xfd, 0xbf, 0xff, 0xff, 0xd0, 0x0,
    0x0, 0x0, 0x3, 0xff, 0xff, 0x6f, 0xff, 0xff,
    0xf8, 0x0, 0x0, 0x0, 0x0, 0xff, 0xff, 0xdb,
    0xff, 0xff, 0xff, 0x0, 0x0, 0x0, 0x0, 0x3f,
    0xff, 0xf6, 0xff, 0xff, 0xff, 0xe0, 0x0, 0x0,
    0x0, 0xf, 0xff, 0xfd, 0xbf, 0xff, 0xff, 0xfc,
    0x0, 0x0, 0x0, 0x3, 0xff, 0xff, 0x6f, 0xff,
    0xff, 0xff, 0x40, 0x0, 0x0, 0x0, 0xff, 0xff,
    0xdb, 0xff, 0xff, 0xff, 0xf0, 0x0, 0x0, 0x0,
    0x3f, 0xff, 0xf6, 0xff, 0xff, 0xff, 0xfd, 0x0,
    0x0, 0x0, 0xf, 0xff, 0xfd, 0xbf, 0xff, 0xff,
    0xff, 0x80, 0x0, 0x0, 0x3, 0xff, 0xff, 0x6f,
    0xff, 0xff, 0xff, 0xf0, 0x0, 0x0, 0x0, 0xff,
    0xff, 0xdb, 0xff, 0xff, 0xff, 0xfe, 0x0, 0x0,
    0x0, 0x3f, 0xff, 0xf6, 0xff, 0xff, 0xff, 0xff,
    0xc0, 0x0, 0x0, 0xf, 0xff, 0xfd, 0xbf, 0xff,
    0xff, 0xff, 0xf4, 0x0, 0x0, 0x3, 0xff, 0xff,
    0x6f, 0xff, 0xff, 0xff, 0xff, 0x0, 0x0, 0x0,
    0xff, 0xff, 0xdb, 0xff, 0xff, 0xff, 0xff, 0xd0,
    0x0, 0x0, 0x3f, 0xff, 0xf6, 0xff, 0xff, 0xdf,
    0xff, 0xf8, 0x0, 0x0, 0xf, 0xff, 0xfd, 0xbf,
    0xff, 0xf3, 0xff, 0xff, 0x0, 0x0, 0x3, 0xff,
    0xff, 0x6f, 0xff, 0xfc, 0xbf, 0xff, 0xe0, 0x0,
    0x0, 0xff, 0xff, 0xdb, 0xff, 0xff, 0xf, 0xff,
    0xfc, 0x0, 0x0, 0x3f, 0xff, 0xf6, 0xff, 0xff,
    0xc2, 0xff, 0xff, 0x40, 0x0, 0xf, 0xff, 0xfd,
    0xbf, 0xff, 0xf0, 0x7f, 0xff, 0xf0, 0x0, 0x3,
    0xff, 0xff, 0x6f, 0xff, 0xfc, 0xf, 0xff, 0xfc,
    0x0, 0x0, 0xff, 0xff, 0xdb, 0xff, 0xff, 0x1,
    0xff, 0xff, 0x80, 0x0, 0x3f, 0xff, 0xf6, 0xff,
    0xff, 0xc0, 0x3f, 0xff, 0xf0, 0x0, 0xf, 0xff,
    0xfd, 0xbf, 0xff, 0xf0, 0xb, 0xff, 0xfd, 0x0,
    0x3, 0xff, 0xff, 0x6f, 0xff, 0xfc, 0x0, 0xff,
    0xff, 0xc0, 0x0, 0xff, 0xff, 0xdb, 0xff, 0xff,
    0x0, 0x3f, 0xff, 0xf4, 0x0, 0x3f, 0xff, 0xf6,
    0xff, 0xff, 0xc0, 0x7, 0xff, 0xff, 0x0, 0xf,
    0xff, 0xfd, 0xbf, 0xff, 0xf0, 0x0, 0xff, 0xff,
    0xc0, 0x3, 0xff, 0xff, 0x6f, 0xff, 0xfc, 0x0,
    0x2f, 0xff, 0xf8, 0x0, 0xff, 0xff, 0xdb, 0xff,
    0xff, 0x0, 0x3, 0xff, 0xff, 0x0, 0x3f, 0xff,
    0xf6, 0xff, 0xff, 0xc0, 0x0, 0xbf, 0xff, 0xd0,
    0xf, 0xff, 0xfd, 0xbf, 0xff, 0xf0, 0x0, 0x1f,
    0xff, 0xfc, 0x3, 0xff, 0xff, 0x6f, 0xff, 0xfc,
    0x0, 0x3, 0xff, 0xff, 0x40, 0xff, 0xff, 0xdb,
    0xff, 0xff, 0x0, 0x0, 0x7f, 0xff, 0xe0, 0x3f,
    0xff, 0xf6, 0xff, 0xff, 0xc0, 0x0, 0xf, 0xff,
    0xfc, 0xf, 0xff, 0xfd, 0xbf, 0xff, 0xf0, 0x0,
    0x2, 0xff, 0xff, 0x83, 0xff, 0xff, 0x6f, 0xff,
    0xfc, 0x0, 0x0, 0x3f, 0xff, 0xf0, 0xff, 0xff,
    0xdb, 0xff, 0xff, 0x0, 0x0, 0xf, 0xff, 0xfd,
    0x3f, 0xff, 0xf6, 0xff, 0xff, 0xc0, 0x0, 0x1,
    0xff, 0xff, 0xcf, 0xff, 0xfd, 0xbf, 0xff, 0xf0,
    0x0, 0x0, 0x3f, 0xff, 0xf7, 0xff, 0xff, 0x6f,
    0xff, 0xfc, 0x0, 0x0, 0xb, 0xff, 0xfe, 0xff,
    0xff, 0xdb, 0xff, 0xff, 0x0, 0x0, 0x0, 0xff,
    0xff, 0xff, 0xff, 0xf6, 0xff, 0xff, 0xc0, 0x0,
    0x0, 0x2f, 0xff, 0xff, 0xff, 0xfd, 0xbf, 0xff,
    0xf0, 0x0, 0x0, 0x7, 0xff, 0xff, 0xff, 0xff,
    0x6f, 0xff, 0xfc, 0x0, 0x0, 0x0, 0xff, 0xff,
    0xff, 0xff, 0xdb, 0xff, 0xff, 0x0, 0x0, 0x0,
    0x1f, 0xff, 0xff, 0xff, 0xf6, 0xff, 0xff, 0xc0,
    0x0, 0x0, 0x3, 0xff, 0xff, 0xff, 0xfd, 0xbf,
    0xff, 0xf0, 0x0, 0x0, 0x0, 0xbf, 0xff, 0xff,
    0xff, 0x6f, 0xff, 0xfc, 0x0, 0x0, 0x0, 0xf,
    0xff, 0xff, 0xff, 0xdb, 0xff, 0xff, 0x0, 0x0,
    0x0, 0x3, 0xff, 0xff, 0xff, 0xf6, 0xff, 0xff,
    0xc0, 0x0, 0x0, 0x0, 0x7f, 0xff, 0xff, 0xfd,
    0xbf, 0xff, 0xf0, 0x0, 0x0, 0x0, 0xf, 0xff,
    0xff, 0xff, 0x6f, 0xff, 0xfc, 0x0, 0x0, 0x0,
    0x2, 0xff, 0xff, 0xff, 0xdb, 0xff, 0xff, 0x0,
    0x0, 0x0, 0x0, 0x3f, 0xff, 0xff, 0xf6, 0xff,
    0xff, 0xc0, 0x0, 0x0, 0x0, 0xb, 0xff, 0xff,
    0xfd, 0xbf, 0xff, 0xf0, 0x0, 0x0, 0x0, 0x1,
    0xff, 0xff, 0xff, 0x6f, 0xff, 0xfc, 0x0, 0x0,
    0x0, 0x0, 0x3f, 0xff, 0xff, 0xdb, 0xff, 0xff,
    0x0, 0x0, 0x0, 0x0, 0x7, 0xff, 0xff, 0xf6,
    0xff, 0xff, 0xc0, 0x0, 0x0, 0x0, 0x0, 0xff,
    0xff, 0xfd, 0xbf, 0xff, 0xf0, 0x0, 0x0, 0x0,
    0x0, 0x2f, 0xff, 0xff, 0x6f, 0xff, 0xfc, 0x0,
    0x0, 0x0, 0x0, 0x3, 0xff, 0xff, 0xdb, 0xff,
    0xff, 0x0, 0x0, 0x0, 0x0, 0x0, 0xff, 0xff,
    0xf6, 0xff, 0xff, 0xc0, 0x0, 0x0, 0x0, 0x0,
    0x1f, 0xff, 0xfd, 0xbf, 0xff, 0xf0, 0x0, 0x0,
    0x0, 0x0, 0x3, 0xff, 0xff, 0x6f, 0xff, 0xfc,
    0x0, 0x0, 0x0, 0x0, 0x0, 0x7f, 0xff, 0xdb,
    0xff, 0xff, 0x0, 0x0, 0x0, 0x0, 0x0, 0xf,
    0xff, 0xf6, 0xff, 0xff, 0xc0, 0x0, 0x0, 0x0,
    0x0, 0x2, 0xff, 0xfd, 0xbf, 0xff, 0xf0, 0x0,
    0x0, 0x0, 0x0, 0x0, 0x3f, 0xff, 0x5a, 0xaa,
    0xa8, 0x0, 0x0, 0x0, 0x0, 0x0, 0xa, 0xaa,
    0x80,

    /* U+004F "O" */
    0x0, 0x0, 0x0, 0x0, 0x1, 0x55, 0x54, 0x0,
    0x0, 0x0, 0x0, 0x0, 0x0, 0x0, 0x0, 0x6f,
    0xff, 0xff, 0xff, 0x90, 0x0, 0x0, 0x0, 0x0,
    0x0, 0x1, 0xbf, 0xff, 0xff, 0xff, 0xff, 0xe0,
    0x0, 0x0, 0x0, 0x0, 0x0, 0xbf, 0xff, 0xff,
    0xff, 0xff, 0xff, 0xe0, 0x0, 0x0, 0x0, 0x0,
    0x7f, 0xff, 0xff, 0xff, 0xff, 0xff, 0xff, 0xd0,
    0x0, 0x0, 0x0, 0x2f, 0xff, 0xff, 0xff, 0xff,
    0xff, 0xff, 0xff, 0x40, 0x0, 0x0, 0xb, 0xff,
    0xff, 0xff, 0xff, 0xff, 0xff, 0xff, 0xfd, 0x0,
    0x0, 0x1, 0xff, 0xff, 0xff, 0xff, 0xff, 0xff,
    0xff, 0xff, 0xf0, 0x0, 0x0, 0x3f, 0xff, 0xff,
    0xff, 0xff, 0xff, 0xff, 0xff, 0xff, 0xc0, 0x0,
    0xb, 0xff, 0xff, 0xff, 0xe9, 0x56, 0xbf, 0xff,
    0xff, 0xfe, 0x0, 0x0, 0xff, 0xff, 0xff, 0xd0,
    0x0, 0x0, 0x7f, 0xff, 0xff, 0xf0, 0x0, 0x2f,
    0xff, 0xff, 0xe0, 0x0, 0x0, 0x0, 0xbf, 0xff,
    0xff, 0x80, 0x3, 0xff, 0xff, 0xf8, 0x0, 0x0,
    0x0, 0x3, 0xff, 0xff, 0xfc, 0x0, 0x7f, 0xff,
    0xff, 0x0, 0x0, 0x0, 0x0, 0xf, 0xff, 0xff,
    0xd0, 0xb, 0xff, 0xff, 0xe0, 0x0, 0x0, 0x0,
    0x0, 0xbf, 0xff, 0xfe, 0x0, 0xff, 0xff, 0xfc,
    0x0, 0x0, 0x0, 0x0, 0x7, 0xff, 0xff, 0xf0,
    0xf, 0xff, 0xff, 0xc0, 0x0, 0x0, 0x0, 0x0,
    0x3f, 0xff, 0xff, 0x1, 0xff, 0xff, 0xf8, 0x0,
    0x0, 0x0, 0x0, 0x3, 0xff, 0xff, 0xf4, 0x2f,
    0xff, 0xff, 0x80, 0x0, 0x0, 0x0, 0x0, 0x2f,
    0xff, 0xff, 0x43, 0xff, 0xff, 0xf4, 0x0, 0x0,
    0x0, 0x0, 0x2, 0xff, 0xff, 0xf8, 0x3f, 0xff,
    0xff, 0x40, 0x0, 0x0, 0x0, 0x0, 0x1f, 0xff,
    0xff, 0xc3, 0xff, 0xff, 0xf4, 0x0, 0x0, 0x0,
    0x0, 0x1, 0xff, 0xff, 0xfc, 0x3f, 0xff, 0xff,
    0x0, 0x0, 0x0, 0x0, 0x0, 0x1f, 0xff, 0xff,
    0xc3, 0xff, 0xff, 0xf0, 0x0, 0x0, 0x0, 0x0,
    0x1, 0xff, 0xff, 0xfc, 0x3f, 0xff, 0xff, 0x0,
    0x0, 0x0, 0x0, 0x0, 0x1f, 0xff, 0xff, 0xc3,
    0xff, 0xff, 0xf0, 0x0, 0x0, 0x0, 0x0, 0x1,
    0xff, 0xff, 0xfc, 0x3f, 0xff, 0xff, 0x0, 0x0,
    0x0, 0x0, 0x0, 0x1f, 0xff, 0xff, 0xc3, 0xff,
    0xff, 0xf0, 0x0, 0x0, 0x0, 0x0, 0x1, 0xff,
    0xff, 0xfc, 0x3f, 0xff, 0xff, 0x0, 0x0, 0x0,
    0x0, 0x0, 0x1f, 0xff, 0xff, 0xc3, 0xff, 0xff,
    0xf0, 0x0, 0x0, 0x0, 0x0, 0x1, 0xff, 0xff,
    0xfc, 0x3f, 0xff, 0xff, 0x0, 0x0, 0x0, 0x0,
    0x0, 0x1f, 0xff, 0xff, 0xc3, 0xff, 0xff, 0xf0,
    0x0, 0x0, 0x0, 0x0, 0x1, 0xff, 0xff, 0xfc,
    0x3f, 0xff, 0xff, 0x0, 0x0, 0x0, 0x0, 0x0,
    0x1f, 0xff, 0xff, 0xc3, 0xff, 0xff, 0xf0, 0x0,
    0x0, 0x0, 0x0, 0x1, 0xff, 0xff, 0xfc, 0x3f,
    0xff, 0xff, 0x0, 0x0, 0x0, 0x0, 0x0, 0x1f,
    0xff, 0xff, 0xc3, 0xff, 0xff, 0xf0, 0x0, 0x0,
    0x0, 0x0, 0x1, 0xff, 0xff, 0xfc, 0x3f, 0xff,
    0xff, 0x0, 0x0, 0x0, 0x0, 0x0, 0x1f, 0xff,
    0xff, 0xc3, 0xff, 0xff, 0xf0, 0x0, 0x0, 0x0,
    0x0, 0x1, 0xff, 0xff, 0xfc, 0x3f, 0xff, 0xff,
    0x0, 0x0, 0x0, 0x0, 0x0, 0x1f, 0xff, 0xff,
    0xc3, 0xff, 0xff, 0xf0, 0x0, 0x0, 0x0, 0x0,
    0x1, 0xff, 0xff, 0xfc, 0x3f, 0xff, 0xff, 0x0,
    0x0, 0x0, 0x0, 0x0, 0x1f, 0xff, 0xff, 0xc3,
    0xff, 0xff, 0xf0, 0x0, 0x0, 0x0, 0x0, 0x1,
    0xff, 0xff, 0xfc, 0x3f, 0xff, 0xff, 0x0, 0x0,
    0x0, 0x0, 0x0, 0x1f, 0xff, 0xff, 0xc3, 0xff,
    0xff, 0xf0, 0x0, 0x0, 0x0, 0x0, 0x1, 0xff,
    0xff, 0xfc, 0x3f, 0xff, 0xff, 0x0, 0x0, 0x0,
    0x0, 0x0, 0x1f, 0xff, 0xff, 0xc3, 0xff, 0xff,
    0xf0, 0x0, 0x0, 0x0, 0x0, 0x1, 0xff, 0xff,
    0xfc, 0x3f, 0xff, 0xff, 0x0, 0x0, 0x0, 0x0,
    0x0, 0x1f, 0xff, 0xff, 0xc3, 0xff, 0xff, 0xf0,
    0x0, 0x0, 0x0, 0x0, 0x1, 0xff, 0xff, 0xfc,
    0x3f, 0xff, 0xff, 0x0, 0x0, 0x0, 0x0, 0x0,
    0x1f, 0xff, 0xff, 0xc3, 0xff, 0xff, 0xf0, 0x0,
    0x0, 0x0, 0x0, 0x1, 0xff, 0xff, 0xfc, 0x3f,
    0xff, 0xff, 0x0, 0x0, 0x0, 0x0, 0x0, 0x1f,
    0xff, 0xff, 0xc3, 0xff, 0xff, 0xf0, 0x0, 0x0,
    0x0, 0x0, 0x1, 0xff, 0xff, 0xfc, 0x3f, 0xff,
    0xff, 0x0, 0x0, 0x0, 0x0, 0x0, 0x1f, 0xff,
    0xff, 0xc3, 0xff, 0xff, 0xf0, 0x0, 0x0, 0x0,
    0x0, 0x1, 0xff, 0xff, 0xfc, 0x3f, 0xff, 0xff,
    0x0, 0x0, 0x0, 0x0, 0x0, 0x1f, 0xff, 0xff,
    0xc3, 0xff, 0xff, 0xf0, 0x0, 0x0, 0x0, 0x0,
    0x1, 0xff, 0xff, 0xfc, 0x3f, 0xff, 0xff, 0x0,
    0x0, 0x0, 0x0, 0x0, 0x1f, 0xff, 0xff, 0xc3,
    0xff, 0xff, 0xf0, 0x0, 0x0, 0x0, 0x0, 0x1,
    0xff, 0xff, 0xfc, 0x3f, 0xff, 0xff, 0x0, 0x0,
    0x0, 0x0, 0x0, 0x1f, 0xff, 0xff, 0xc3, 0xff,
    0xff, 0xf0, 0x0, 0x0, 0x0, 0x0, 0x1, 0xff,
    0xff, 0xfc, 0x3f, 0xff, 0xff, 0x0, 0x0, 0x0,
    0x0, 0x0, 0x1f, 0xff, 0xff, 0xc3, 0xff, 0xff,
    0xf0, 0x0, 0x0, 0x0, 0x0, 0x1, 0xff, 0xff,
    0xfc, 0x3f, 0xff, 0xff, 0x40, 0x0, 0x0, 0x0,
    0x0, 0x1f, 0xff, 0xff, 0xc3, 0xff, 0xff, 0xf4,
    0x0, 0x0, 0x0, 0x0, 0x1, 0xff, 0xff, 0xfc,
    0x2f, 0xff, 0xff, 0x40, 0x0, 0x0, 0x0, 0x0,
    0x2f, 0xff, 0xff, 0x82, 0xff, 0xff, 0xf8, 0x0,
    0x0, 0x0, 0x0, 0x2, 0xff, 0xff, 0xf4, 0x1f,
    0xff, 0xff, 0x80, 0x0, 0x0, 0x0, 0x0, 0x3f,
    0xff, 0xff, 0x40, 0xff, 0xff, 0xfc, 0x0, 0x0,
    0x0, 0x0, 0x3, 0xff, 0xff, 0xf0, 0xf, 0xff,
    0xff, 0xc0, 0x0, 0x0, 0x0, 0x0, 0x7f, 0xff,
    0xff, 0x0, 0xbf, 0xff, 0xfe, 0x0, 0x0, 0x0,
    0x0, 0xb, 0xff, 0xff, 0xe0, 0x7, 0xff, 0xff,
    0xf0, 0x0, 0x0, 0x0, 0x0, 0xff, 0xff, 0xfd,
    0x0, 0x3f, 0xff, 0xff, 0x80, 0x0, 0x0, 0x0,
    0x2f, 0xff, 0xff, 0xc0, 0x2, 0xff, 0xff, 0xfd,
    0x0, 0x0, 0x0, 0xb, 0xff, 0xff, 0xf8, 0x0,
    0x1f, 0xff, 0xff, 0xf8, 0x0, 0x0, 0x2, 0xff,
    0xff, 0xff, 0x0, 0x0, 0xff, 0xff, 0xff, 0xf9,
    0x0, 0x6, 0xff, 0xff, 0xff, 0xe0, 0x0, 0x3,
    0xff, 0xff, 0xff, 0xff, 0xff, 0xff, 0xff, 0xff,
    0xfc, 0x0, 0x0, 0x2f, 0xff, 0xff, 0xff, 0xff,
    0xff, 0xff, 0xff, 0xff, 0x40, 0x0, 0x0, 0xbf,
    0xff, 0xff, 0xff, 0xff, 0xff, 0xff, 0xff, 0xe0,
    0x0, 0x0, 0x3, 0xff, 0xff, 0xff, 0xff, 0xff,
    0xff, 0xff, 0xf8, 0x0, 0x0, 0x0, 0xb, 0xff,
    0xff, 0xff, 0xff, 0xff, 0xff, 0xfe, 0x0, 0x0,
    0x0, 0x0, 0x1f, 0xff, 0xff, 0xff, 0xff, 0xff,
    0xff, 0x40, 0x0, 0x0, 0x0, 0x0, 0x2f, 0xff,
    0xff, 0xff, 0xff, 0xff, 0x80, 0x0, 0x0, 0x0,
    0x0, 0x0, 0x2f, 0xff, 0xff, 0xff, 0xff, 0x40,
    0x0, 0x0, 0x0, 0x0, 0x0, 0x0, 0x6, 0xbf,
    0xff, 0xe9, 0x0, 0x0, 0x0, 0x0,

    /* U+0050 "P" */
    0xbf, 0xff, 0xff, 0xff, 0xff, 0xff, 0xe4, 0x0,
    0x0, 0x0, 0x2f, 0xff, 0xff, 0xff, 0xff, 0xff,
    0xff, 0xf8, 0x0, 0x0, 0xb, 0xff, 0xff, 0xff,
    0xff, 0xff, 0xff, 0xff, 0xe0, 0x0, 0x2, 0xff,
    0xff, 0xff, 0xff, 0xff, 0xff, 0xff, 0xff, 0x40,
    0x0, 0xbf, 0xff, 0xff, 0xff, 0xff, 0xff, 0xff,
    0xff, 0xf4, 0x0, 0x2f, 0xff, 0xff, 0xff, 0xff,
    0xff, 0xff, 0xff, 0xff, 0x40, 0xb, 0xff, 0xff,
    0xff, 0xff, 0xff, 0xff, 0xff, 0xff, 0xf0, 0x2,
    0xff, 0xff, 0xff, 0xff, 0xff, 0xff, 0xff, 0xff,
    0xff, 0x0, 0xbf, 0xff, 0xfe, 0x0, 0x0, 0x5b,
    0xff, 0xff, 0xff, 0xd0, 0x2f, 0xff, 0xff, 0x80,
    0x0, 0x0, 0x7, 0xff, 0xff, 0xfc, 0xb, 0xff,
    0xff, 0xe0, 0x0, 0x0, 0x0, 0x3f, 0xff, 0xff,
    0x42, 0xff, 0xff, 0xf8, 0x0, 0x0, 0x0, 0x3,
    0xff, 0xff, 0xf0, 0xbf, 0xff, 0xfe, 0x0, 0x0,
    0x0, 0x0, 0xbf, 0xff, 0xfc, 0x2f, 0xff, 0xff,
    0x80, 0x0, 0x0, 0x0, 0xf, 0xff, 0xff, 0x4b,
    0xff, 0xff, 0xe0, 0x0, 0x0, 0x0, 0x3, 0xff,
    0xff, 0xe2, 0xff, 0xff, 0xf8, 0x0, 0x0, 0x0,
    0x0, 0xff, 0xff, 0xfc, 0xbf, 0xff, 0xfe, 0x0,
    0x0, 0x0, 0x0, 0x2f, 0xff, 0xff, 0x2f, 0xff,
    0xff, 0x80, 0x0, 0x0, 0x0, 0xb, 0xff, 0xff,
    0xcb, 0xff, 0xff, 0xe0, 0x0, 0x0, 0x0, 0x1,
    0xff, 0xff, 0xf2, 0xff, 0xff, 0xf8, 0x0, 0x0,
    0x0, 0x0, 0x7f, 0xff, 0xfd, 0xbf, 0xff, 0xfe,
    0x0, 0x0, 0x0, 0x0, 0x1f, 0xff, 0xff, 0x6f,
    0xff, 0xff, 0x80, 0x0, 0x0, 0x0, 0x7, 0xff,
    0xff, 0xdb, 0xff, 0xff, 0xe0, 0x0, 0x0, 0x0,
    0x1, 0xff, 0xff, 0xf6, 0xff, 0xff, 0xf8, 0x0,
    0x0, 0x0, 0x0, 0x7f, 0xff, 0xfd, 0xbf, 0xff,
    0xfe, 0x0, 0x0, 0x0, 0x0, 0x1f, 0xff, 0xff,
    0x6f, 0xff, 0xff, 0x80, 0x0, 0x0, 0x0, 0x7,
    0xff, 0xff, 0xdb, 0xff, 0xff, 0xe0, 0x0, 0x0,
    0x0, 0x1, 0xff, 0xff, 0xf2, 0xff, 0xff, 0xf8,
    0x0, 0x0, 0x0, 0x0, 0xbf, 0xff, 0xfc, 0xbf,
    0xff, 0xfe, 0x0, 0x0, 0x0, 0x0, 0x3f, 0xff,
    0xff, 0x2f, 0xff, 0xff, 0x80, 0x0, 0x0, 0x0,
    0xf, 0xff, 0xff, 0x8b, 0xff, 0xff, 0xe0, 0x0,
    0x0, 0x0, 0x7, 0xff, 0xff, 0xd2, 0xff, 0xff,
    0xf8, 0x0, 0x0, 0x0, 0x3, 0xff, 0xff, 0xf0,
    0xbf, 0xff, 0xfe, 0x0, 0x0, 0x0, 0x2, 0xff,
    0xff, 0xfc, 0x2f, 0xff, 0xff, 0x80, 0x0, 0x0,
    0x1, 0xff, 0xff, 0xfd, 0xb, 0xff, 0xff, 0xe0,
    0x0, 0x0, 0x7, 0xff, 0xff, 0xff, 0x2, 0xff,
    0xff, 0xf8, 0x0, 0x5, 0x6f, 0xff, 0xff, 0xff,
    0x40, 0xbf, 0xff, 0xff, 0xff, 0xff, 0xff, 0xff,
    0xff, 0xff, 0x80, 0x2f, 0xff, 0xff, 0xff, 0xff,
    0xff, 0xff, 0xff, 0xff, 0xc0, 0xb, 0xff, 0xff,
    0xff, 0xff, 0xff, 0xff, 0xff, 0xff, 0xc0, 0x2,
    0xff, 0xff, 0xff, 0xff, 0xff, 0xff, 0xff, 0xff,
    0xc0, 0x0, 0xbf, 0xff, 0xff, 0xff, 0xff, 0xff,
    0xff, 0xff, 0xc0, 0x0, 0x2f, 0xff, 0xff, 0xff,
    0xff, 0xff, 0xff, 0xff, 0x40, 0x0, 0xb, 0xff,
    0xff, 0xff, 0xff, 0xff, 0xff, 0xfd, 0x0, 0x0,
    0x2, 0xff, 0xff, 0xff, 0xff, 0xff, 0xfe, 0x90,
    0x0, 0x0, 0x0, 0xbf, 0xff, 0xfe, 0x0, 0x0,
    0x0, 0x0, 0x0, 0x0, 0x0, 0x2f, 0xff, 0xff,
    0x80, 0x0, 0x0, 0x0, 0x0, 0x0, 0x0, 0xb,
    0xff, 0xff, 0xe0, 0x0, 0x0, 0x0, 0x0, 0x0,
    0x0, 0x2, 0xff, 0xff, 0xf8, 0x0, 0x0, 0x0,
    0x0, 0x0, 0x0, 0x0, 0xbf, 0xff, 0xfe, 0x0,
    0x0, 0x0, 0x0, 0x0, 0x0, 0x0, 0x2f, 0xff,
    0xff, 0x80, 0x0, 0x0, 0x0, 0x0, 0x0, 0x0,
    0xb, 0xff, 0xff, 0xe0, 0x0, 0x0, 0x0, 0x0,
    0x0, 0x0, 0x2, 0xff, 0xff, 0xf8, 0x0, 0x0,
    0x0, 0x0, 0x0, 0x0, 0x0, 0xbf, 0xff, 0xfe,
    0x0, 0x0, 0x0, 0x0, 0x0, 0x0, 0x0, 0x2f,
    0xff, 0xff, 0x80, 0x0, 0x0, 0x0, 0x0, 0x0,
    0x0, 0xb, 0xff, 0xff, 0xe0, 0x0, 0x0, 0x0,
    0x0, 0x0, 0x0, 0x2, 0xff, 0xff, 0xf8, 0x0,
    0x0, 0x0, 0x0, 0x0, 0x0, 0x0, 0xbf, 0xff,
    0xfe, 0x0, 0x0, 0x0, 0x0, 0x0, 0x0, 0x0,
    0x2f, 0xff, 0xff, 0x80, 0x0, 0x0, 0x0, 0x0,
    0x0, 0x0, 0xb, 0xff, 0xff, 0xe0, 0x0, 0x0,
    0x0, 0x0, 0x0, 0x0, 0x2, 0xff, 0xff, 0xf8,
    0x0, 0x0, 0x0, 0x0, 0x0, 0x0, 0x0, 0xbf,
    0xff, 0xfe, 0x0, 0x0, 0x0, 0x0, 0x0, 0x0,
    0x0, 0x2f, 0xff, 0xff, 0x80, 0x0, 0x0, 0x0,
    0x0, 0x0, 0x0, 0xb, 0xff, 0xff, 0xe0, 0x0,
    0x0, 0x0, 0x0, 0x0, 0x0, 0x2, 0xff, 0xff,
    0xf8, 0x0, 0x0, 0x0, 0x0, 0x0, 0x0, 0x0,
    0xbf, 0xff, 0xfe, 0x0, 0x0, 0x0, 0x0, 0x0,
    0x0, 0x0, 0x2f, 0xff, 0xff, 0x80, 0x0, 0x0,
    0x0, 0x0, 0x0, 0x0, 0xb, 0xff, 0xff, 0xe0,
    0x0, 0x0, 0x0, 0x0, 0x0, 0x0, 0x2, 0xff,
    0xff, 0xf8, 0x0, 0x0, 0x0, 0x0, 0x0, 0x0,
    0x0, 0xbf, 0xff, 0xfe, 0x0, 0x0, 0x0, 0x0,
    0x0, 0x0, 0x0, 0x2f, 0xff, 0xff, 0x80, 0x0,
    0x0, 0x0, 0x0, 0x0, 0x0, 0xb, 0xff, 0xff,
    0xe0, 0x0, 0x0, 0x0, 0x0, 0x0, 0x0, 0x2,
    0xff, 0xff, 0xf8, 0x0, 0x0, 0x0, 0x0, 0x0,
    0x0, 0x0, 0xbf, 0xff, 0xfe, 0x0, 0x0, 0x0,
    0x0, 0x0, 0x0, 0x0, 0x2f, 0xff, 0xff, 0x80,
    0x0, 0x0, 0x0, 0x0, 0x0, 0x0, 0xb, 0xff,
    0xff, 0xe0, 0x0, 0x0, 0x0, 0x0, 0x0, 0x0,
    0x2, 0xff, 0xff, 0xf8, 0x0, 0x0, 0x0, 0x0,
    0x0, 0x0, 0x0, 0xbf, 0xff, 0xfe, 0x0, 0x0,
    0x0, 0x0, 0x0, 0x0, 0x0, 0x2f, 0xff, 0xff,
    0x80, 0x0, 0x0, 0x0, 0x0, 0x0, 0x0, 0xb,
    0xff, 0xff, 0xe0, 0x0, 0x0, 0x0, 0x0, 0x0,
    0x0, 0x2, 0xff, 0xff, 0xf8, 0x0, 0x0, 0x0,
    0x0, 0x0, 0x0, 0x0, 0xbf, 0xff, 0xfe, 0x0,
    0x0, 0x0, 0x0, 0x0, 0x0, 0x0, 0x1a, 0xaa,
    0xaa, 0x40, 0x0, 0x0, 0x0, 0x0, 0x0, 0x0,
    0x0,

    /* U+0051 "Q" */
    0x0, 0x0, 0x0, 0x0, 0x1, 0x55, 0x54, 0x0,
    0x0, 0x0, 0x0, 0x0, 0x0, 0x0, 0x0, 0x6f,
    0xff, 0xff, 0xff, 0x90, 0x0, 0x0, 0x0, 0x0,
    0x0, 0x1, 0xbf, 0xff, 0xff, 0xff, 0xff, 0xe0,
    0x0, 0x0, 0x0, 0x0, 0x0, 0xbf, 0xff, 0xff,
    0xff, 0xff, 0xff, 0xe0, 0x0, 0x0, 0x0, 0x0,
    0x7f, 0xff, 0xff, 0xff, 0xff, 0xff, 0xff, 0xd0,
    0x0, 0x0, 0x0, 0x2f, 0xff, 0xff, 0xff, 0xff,
    0xff, 0xff, 0xff, 0x40, 0x0, 0x0, 0xb, 0xff,
    0xff, 0xff, 0xff, 0xff, 0xff, 0xff, 0xfd, 0x0,
    0x0, 0x1, 0xff, 0xff, 0xff, 0xff, 0xff, 0xff,
    0xff, 0xff, 0xf4, 0x0, 0x0, 0x3f, 0xff, 0xff,
    0xff, 0xff, 0xff, 0xff, 0xff, 0xff, 0xc0, 0x0,
    0xb, 0xff, 0xff, 0xff, 0xe9, 0x56, 0xbf, 0xff,
    0xff, 0xfe, 0x0, 0x0, 0xff, 0xff, 0xff, 0xd0,
    0x0, 0x0, 0x7f, 0xff, 0xff, 0xf0, 0x0, 0x2f,
    0xff, 0xff, 0xe0, 0x0, 0x0, 0x0, 0xbf, 0xff,
    0xff, 0x80, 0x3, 0xff, 0xff, 0xf8, 0x0, 0x0,
    0x0, 0x2, 0xff, 0xff, 0xfc, 0x0, 0x7f, 0xff,
    0xff, 0x0, 0x0, 0x0, 0x0, 0xf, 0xff, 0xff,
    0xd0, 0xb, 0xff, 0xff, 0xe0, 0x0, 0x0, 0x0,
    0x0, 0xbf, 0xff, 0xfe, 0x0, 0xff, 0xff, 0xfc,
    0x0, 0x0, 0x0, 0x0, 0x3, 0xff, 0xff, 0xf0,
    0xf, 0xff, 0xff, 0xc0, 0x0, 0x0, 0x0, 0x0,
    0x3f, 0xff, 0xff, 0x1, 0xff, 0xff, 0xf8, 0x0,
    0x0, 0x0, 0x0, 0x2, 0xff, 0xff, 0xf4, 0x2f,
    0xff, 0xff, 0x80, 0x0, 0x0, 0x0, 0x0, 0x2f,
    0xff, 0xff, 0x83, 0xff, 0xff, 0xf4, 0x0, 0x0,
    0x0, 0x0, 0x1, 0xff, 0xff, 0xfc, 0x3f, 0xff,
    0xff, 0x40, 0x0, 0x0, 0x0, 0x0, 0x1f, 0xff,
    0xff, 0xc3, 0xff, 0xff, 0xf4, 0x0, 0x0, 0x0,
    0x0, 0x1, 0xff, 0xff, 0xfc, 0x3f, 0xff, 0xff,
    0x0, 0x0, 0x0, 0x0, 0x0, 0xf, 0xff, 0xff,
    0xc3, 0xff, 0xff, 0xf0, 0x0, 0x0, 0x0, 0x0,
    0x0, 0xff, 0xff, 0xfc, 0x3f, 0xff, 0xff, 0x0,
    0x0, 0x0, 0x0, 0x0, 0xf, 0xff, 0xff, 0xc3,
    0xff, 0xff, 0xf0, 0x0, 0x0, 0x0, 0x0, 0x0,
    0xff, 0xff, 0xfc, 0x3f, 0xff, 0xff, 0x0, 0x0,
    0x0, 0x0, 0x0, 0xf, 0xff, 0xff, 0xc3, 0xff,
    0xff, 0xf0, 0x0, 0x0, 0x0, 0x0, 0x0, 0xff,
    0xff, 0xfc, 0x3f, 0xff, 0xff, 0x0, 0x0, 0x0,
    0x0, 0x0, 0xf, 0xff, 0xff, 0xc3, 0xff, 0xff,
    0xf0, 0x0, 0x0, 0x0, 0x0, 0x0, 0xff, 0xff,
    0xfc, 0x3f, 0xff, 0xff, 0x0, 0x0, 0x0, 0x0,
    0x0, 0xf, 0xff, 0xff, 0xc3, 0xff, 0xff, 0xf0,
    0x0, 0x0, 0x0, 0x0, 0x0, 0xff, 0xff, 0xfc,
    0x3f, 0xff, 0xff, 0x0, 0x0, 0x0, 0x0, 0x0,
    0xf, 0xff, 0xff, 0xc3, 0xff, 0xff, 0xf0, 0x0,
    0x0, 0x0, 0x0, 0x0, 0xff, 0xff, 0xfc, 0x3f,
    0xff, 0xff, 0x0, 0x0, 0x0, 0x0, 0x0, 0xf,
    0xff, 0xff, 0xc3, 0xff, 0xff, 0xf0, 0x0, 0x0,
    0x0, 0x0, 0x0, 0xff, 0xff, 0xfc, 0x3f, 0xff,
    0xff, 0x0, 0x0, 0x0, 0x0, 0x0, 0xf, 0xff,
    0xff, 0xc3, 0xff, 0xff, 0xf0, 0x0, 0x0, 0x0,
    0x0, 0x0, 0xff, 0xff, 0xfc, 0x3f, 0xff, 0xff,
    0x0, 0x0, 0x0, 0x0, 0x0, 0xf, 0xff, 0xff,
    0xc3, 0xff, 0xff, 0xf0, 0x0, 0x0, 0x0, 0x0,
    0x0, 0xff, 0xff, 0xfc, 0x3f, 0xff, 0xff, 0x0,
    0x0, 0x0, 0x0, 0x0, 0xf, 0xff, 0xff, 0xc3,
    0xff, 0xff, 0xf0, 0x0, 0x0, 0x0, 0x0, 0x0,
    0xff, 0xff, 0xfc, 0x3f, 0xff, 0xff, 0x0, 0x0,
    0x0, 0x0, 0x0, 0xf, 0xff, 0xff, 0xc3, 0xff,
    0xff, 0xf0, 0x0, 0x0, 0x0, 0x0, 0x0, 0xff,
    0xff, 0xfc, 0x3f, 0xff, 0xff, 0x0, 0x0, 0x0,
    0x0, 0x0, 0xf, 0xff, 0xff, 0xc3, 0xff, 0xff,
    0xf0, 0x0, 0x0, 0x0, 0x0, 0x0, 0xff, 0xff,
    0xfc, 0x3f, 0xff, 0xff, 0x0, 0x0, 0x0, 0x0,
    0x0, 0xf, 0xff, 0xff, 0xc3, 0xff, 0xff, 0xf0,
    0x0, 0x0, 0x0, 0x0, 0x0, 0xff, 0xff, 0xfc,
    0x3f, 0xff, 0xff, 0x0, 0x0, 0x0, 0x0, 0x0,
    0xf, 0xff, 0xff, 0xc3, 0xff, 0xff, 0xf0, 0x0,
    0x0, 0x0, 0x0, 0x0, 0xff, 0xff, 0xfc, 0x3f,
    0xff, 0xff, 0x0, 0x0, 0x0, 0x0, 0x0, 0xf,
    0xff, 0xff, 0xc3, 0xff, 0xff, 0xf0, 0x0, 0x0,
    0x0, 0x0, 0x0, 0xff, 0xff, 0xfc, 0x3f, 0xff,
    0xff, 0x0, 0x0, 0x0, 0x0, 0x0, 0xf, 0xff,
    0xff, 0xc3, 0xff, 0xff, 0xf0, 0x0, 0x0, 0x0,
    0x0, 0x0, 0xff, 0xff, 0xfc, 0x3f, 0xff, 0xff,
    0x0, 0x0, 0x0, 0x0, 0x0, 0xf, 0xff, 0xff,
    0xc3, 0xff, 0xff, 0xf0, 0x0, 0x0, 0x0, 0x0,
    0x0, 0xff, 0xff, 0xfc, 0x3f, 0xff, 0xff, 0x0,
    0x0, 0x0, 0x0, 0x0, 0xf, 0xff, 0xff, 0xc3,
    0xff, 0xff, 0xf0, 0x0, 0x0, 0x0, 0x0, 0x0,
    0xff, 0xff, 0xfc, 0x3f, 0xff, 0xff, 0x0, 0x0,
    0x0, 0x0, 0x0, 0xf, 0xff, 0xff, 0xc3, 0xff,
    0xff, 0xf0, 0x0, 0x0, 0x0, 0x0, 0x0, 0xff,
    0xff, 0xfc, 0x3f, 0xff, 0xff, 0x0, 0x0, 0x0,
    0x0, 0x0, 0xf, 0xff, 0xff, 0xc3, 0xff, 0xff,
    0xf0, 0x0, 0x0, 0x0, 0x0, 0x0, 0xff, 0xff,
    0xfc, 0x3f, 0xff, 0xff, 0x40, 0x0, 0x0, 0x0,
    0x0, 0x1f, 0xff, 0xff, 0xc3, 0xff, 0xff, 0xf4,
    0x0, 0x0, 0x0, 0x0, 0x1, 0xff, 0xff, 0xfc,
    0x2f, 0xff, 0xff, 0x40, 0x0, 0x0, 0x0, 0x0,
    0x1f, 0xff, 0xff, 0x82, 0xff, 0xff, 0xf8, 0x0,
    0x0, 0x0, 0x0, 0x2, 0xff, 0xff, 0xf8, 0x1f,
    0xff, 0xff, 0x80, 0x0, 0x0, 0x0, 0x0, 0x2f,
    0xff, 0xff, 0x40, 0xff, 0xff, 0xfc, 0x0, 0x0,
    0x0, 0x0, 0x3, 0xff, 0xff, 0xf0, 0xf, 0xff,
    0xff, 0xc0, 0x0, 0x0, 0x0, 0x0, 0x3f, 0xff,
    0xff, 0x0, 0xbf, 0xff, 0xfe, 0x0, 0x0, 0x0,
    0x0, 0xb, 0xff, 0xff, 0xe0, 0x7, 0xff, 0xff,
    0xf0, 0x0, 0x0, 0x0, 0x0, 0xff, 0xff, 0xfd,
    0x0, 0x3f, 0xff, 0xff, 0x80, 0x0, 0x0, 0x0,
    0x2f, 0xff, 0xff, 0xc0, 0x2, 0xff, 0xff, 0xfd,
    0x0, 0x0, 0x0, 0x7, 0xff, 0xff, 0xf8, 0x0,
    0x1f, 0xff, 0xff, 0xf8, 0x0, 0x0, 0x2, 0xff,
    0xff, 0xff, 0x0, 0x0, 0xff, 0xff, 0xff, 0xf9,
    0x0, 0x6, 0xff, 0xff, 0xff, 0xe0, 0x0, 0x3,
    0xff, 0xff, 0xff, 0xff, 0xff, 0xff, 0xff, 0xff,
    0xfc, 0x0, 0x0, 0x2f, 0xff, 0xff, 0xff, 0xff,
    0xff, 0xff, 0xff, 0xff, 0x40, 0x0, 0x0, 0xbf,
    0xff, 0xff, 0xff, 0xff, 0xff, 0xff, 0xff, 0xe0,
    0x0, 0x0, 0x3, 0xff, 0xff, 0xff, 0xff, 0xff,
    0xff, 0xff, 0xf8, 0x0, 0x0, 0x0, 0xb, 0xff,
    0xff, 0xff, 0xff, 0xff, 0xff, 0xfe, 0x0, 0x0,
    0x0, 0x0, 0x1f, 0xff, 0xff, 0xff, 0xff, 0xff,
    0xff, 0x40, 0x0, 0x0, 0x0, 0x0, 0x2f, 0xff,
    0xff, 0xff, 0xff, 0xff, 0x40, 0x0, 0x0, 0x0,
    0x0, 0x0, 0x2f, 0xff, 0xff, 0xff, 0xff, 0xe0,
    0x0, 0x0, 0x0, 0x0, 0x0, 0x0, 0x6, 0xbf,
    0xff, 0xff, 0xff, 0x40, 0x0, 0x0, 0x0, 0x0,
    0x0, 0x0, 0x0, 0x0, 0x2f, 0xff, 0xfd, 0x0,
    0x0, 0x0, 0x0, 0x0, 0x0, 0x0, 0x0, 0x0,
    0xff, 0xff, 0xf0, 0x0, 0x0, 0x0, 0x0, 0x0,
    0x0, 0x0, 0x0, 0x7, 0xff, 0xff, 0xc0, 0x0,
    0x0, 0x0, 0x0, 0x0, 0x0, 0x0, 0x0, 0x2f,
    0xff, 0xff, 0x0, 0x0, 0x0, 0x0, 0x0, 0x0,
    0x0, 0x0, 0x0, 0xff, 0xff, 0xfc, 0x0, 0x0,
    0x0, 0x0, 0x0, 0x0, 0x0, 0x0, 0x3, 0xff,
    0xff, 0xf0, 0x0, 0x0, 0x0, 0x0, 0x0, 0x0,
    0x0, 0x0, 0x1f, 0xff, 0xff, 0xc0, 0x0, 0x0,
    0x0, 0x0, 0x0, 0x0, 0x0, 0x0, 0xbf, 0xff,
    0xfc, 0x0, 0x0, 0x0, 0x0, 0x0, 0x0, 0x0,
    0x0, 0x2, 0xff, 0xff, 0xc0, 0x0, 0x0, 0x0,
    0x0, 0x0, 0x0, 0x0, 0x0, 0xf, 0xff, 0xf8,
    0x0, 0x0, 0x0, 0x0, 0x0, 0x0, 0x0, 0x0,
    0x0, 0x3f, 0xff, 0x80, 0x0, 0x0, 0x0, 0x0,
    0x0, 0x0, 0x0, 0x0, 0x0, 0xff, 0xf4, 0x0,
    0x0, 0x0, 0x0, 0x0, 0x0, 0x0, 0x0, 0x0,
    0x3, 0xff, 0x0, 0x0, 0x0, 0x0, 0x0, 0x0,
    0x0, 0x0, 0x0, 0x0, 0xb, 0xf0, 0x0, 0x0,
    0x0, 0x0, 0x0, 0x0, 0x0, 0x0, 0x0, 0x0,
    0x1e, 0x0, 0x0, 0x0, 0x0, 0x0, 0x0, 0x0,
    0x0, 0x0, 0x0, 0x0, 0x10, 0x0,

    /* U+0052 "R" */
    0xbf, 0xff, 0xff, 0xff, 0xff, 0xfa, 0x40, 0x0,
    0x0, 0x0, 0xb, 0xff, 0xff, 0xff, 0xff, 0xff,
    0xff, 0xe4, 0x0, 0x0, 0x0, 0xbf, 0xff, 0xff,
    0xff, 0xff, 0xff, 0xff, 0xf8, 0x0, 0x0, 0xb,
    0xff, 0xff, 0xff, 0xff, 0xff, 0xff, 0xff, 0xf8,
    0x0, 0x0, 0xbf, 0xff, 0xff, 0xff, 0xff, 0xff,
    0xff, 0xff, 0xf0, 0x0, 0xb, 0xff, 0xff, 0xff,
    0xff, 0xff, 0xff, 0xff, 0xff, 0xc0, 0x0, 0xbf,
    0xff, 0xff, 0xff, 0xff, 0xff, 0xff, 0xff, 0xff,
    0x0, 0xb, 0xff, 0xff, 0xff, 0xff, 0xff, 0xff,
    0xff, 0xff, 0xfc, 0x0, 0xbf, 0xff, 0xfe, 0x0,
    0x1, 0x6f, 0xff, 0xff, 0xff, 0xe0, 0xb, 0xff,
    0xff, 0xe0, 0x0, 0x0, 0xb, 0xff, 0xff, 0xff,
    0x0, 0xbf, 0xff, 0xfe, 0x0, 0x0, 0x0, 0xf,
    0xff, 0xff, 0xf8, 0xb, 0xff, 0xff, 0xe0, 0x0,
    0x0, 0x0, 0x3f, 0xff, 0xff, 0xc0, 0xbf, 0xff,
    0xfe, 0x0, 0x0, 0x0, 0x1, 0xff, 0xff, 0xfc,
    0xb, 0xff, 0xff, 0xe0, 0x0, 0x0, 0x0, 0xf,
    0xff, 0xff, 0xe0, 0xbf, 0xff, 0xfe, 0x0, 0x0,
    0x0, 0x0, 0x7f, 0xff, 0xfe, 0xb, 0xff, 0xff,
    0xe0, 0x0, 0x0, 0x0, 0x3, 0xff, 0xff, 0xf0,
    0xbf, 0xff, 0xfe, 0x0, 0x0, 0x0, 0x0, 0x3f,
    0xff, 0xff, 0xb, 0xff, 0xff, 0xe0, 0x0, 0x0,
    0x0, 0x3, 0xff, 0xff, 0xf0, 0xbf, 0xff, 0xfe,
    0x0, 0x0, 0x0, 0x0, 0x2f, 0xff, 0xff, 0x4b,
    0xff, 0xff, 0xe0, 0x0, 0x0, 0x0, 0x2, 0xff,
    0xff, 0xf4, 0xbf, 0xff, 0xfe, 0x0, 0x0, 0x0,
    0x0, 0x2f, 0xff, 0xff, 0x4b, 0xff, 0xff, 0xe0,
    0x0, 0x0, 0x0, 0x2, 0xff, 0xff, 0xf4, 0xbf,
    0xff, 0xfe, 0x0, 0x0, 0x0, 0x0, 0x2f, 0xff,
    0xff, 0x4b, 0xff, 0xff, 0xe0, 0x0, 0x0, 0x0,
    0x2, 0xff, 0xff, 0xf4, 0xbf, 0xff, 0xfe, 0x0,
    0x0, 0x0, 0x0, 0x2f, 0xff, 0xff, 0x4b, 0xff,
    0xff, 0xe0, 0x0, 0x0, 0x0, 0x2, 0xff, 0xff,
    0xf0, 0xbf, 0xff, 0xfe, 0x0, 0x0, 0x0, 0x0,
    0x3f, 0xff, 0xff, 0xb, 0xff, 0xff, 0xe0, 0x0,
    0x0, 0x0, 0x3, 0xff, 0xff, 0xf0, 0xbf, 0xff,
    0xfe, 0x0, 0x0, 0x0, 0x0, 0x7f, 0xff, 0xff,
    0xb, 0xff, 0xff, 0xe0, 0x0, 0x0, 0x0, 0xf,
    0xff, 0xff, 0xe0, 0xbf, 0xff, 0xfe, 0x0, 0x0,
    0x0, 0x1, 0xff, 0xff, 0xfd, 0xb, 0xff, 0xff,
    0xe0, 0x0, 0x0, 0x0, 0x3f, 0xff, 0xff, 0xc0,
    0xbf, 0xff, 0xfe, 0x0, 0x0, 0x0, 0xf, 0xff,
    0xff, 0xf8, 0xb, 0xff, 0xff, 0xe0, 0x0, 0x0,
    0xb, 0xff, 0xff, 0xff, 0x0, 0xbf, 0xff, 0xfe,
    0x0, 0x0, 0x6f, 0xff, 0xff, 0xff, 0xe0, 0xb,
    0xff, 0xff, 0xff, 0xff, 0xff, 0xff, 0xff, 0xff,
    0xfc, 0x0, 0xbf, 0xff, 0xff, 0xff, 0xff, 0xff,
    0xff, 0xff, 0xff, 0x40, 0xb, 0xff, 0xff, 0xff,
    0xff, 0xff, 0xff, 0xff, 0xff, 0xd0, 0x0, 0xbf,
    0xff, 0xff, 0xff, 0xff, 0xff, 0xff, 0xff, 0xf4,
    0x0, 0xb, 0xff, 0xff, 0xff, 0xff, 0xff, 0xff,
    0xff, 0xf8, 0x0, 0x0, 0xbf, 0xff, 0xff, 0xff,
    0xff, 0xff, 0xff, 0xf8, 0x0, 0x0, 0xb, 0xff,
    0xff, 0xff, 0xff, 0xff, 0xff, 0xff, 0x80, 0x0,
    0x0, 0xbf, 0xff, 0xff, 0xff, 0xff, 0xff, 0xff,
    0xfc, 0x0, 0x0, 0xb, 0xff, 0xff, 0xe0, 0x0,
    0xb, 0xff, 0xff, 0xc0, 0x0, 0x0, 0xbf, 0xff,
    0xfe, 0x0, 0x0, 0x3f, 0xff, 0xfe, 0x0, 0x0,
    0xb, 0xff, 0xff, 0xe0, 0x0, 0x3, 0xff, 0xff,
    0xf0, 0x0, 0x0, 0xbf, 0xff, 0xfe, 0x0, 0x0,
    0x2f, 0xff, 0xff, 0x0, 0x0, 0xb, 0xff, 0xff,
    0xe0, 0x0, 0x1, 0xff, 0xff, 0xf4, 0x0, 0x0,
    0xbf, 0xff, 0xfe, 0x0, 0x0, 0xf, 0xff, 0xff,
    0x80, 0x0, 0xb, 0xff, 0xff, 0xe0, 0x0, 0x0,
    0xff, 0xff, 0xfc, 0x0, 0x0, 0xbf, 0xff, 0xfe,
    0x0, 0x0, 0xb, 0xff, 0xff, 0xc0, 0x0, 0xb,
    0xff, 0xff, 0xe0, 0x0, 0x0, 0x7f, 0xff, 0xfd,
    0x0, 0x0, 0xbf, 0xff, 0xfe, 0x0, 0x0, 0x3,
    0xff, 0xff, 0xf0, 0x0, 0xb, 0xff, 0xff, 0xe0,
    0x0, 0x0, 0x2f, 0xff, 0xff, 0x0, 0x0, 0xbf,
    0xff, 0xfe, 0x0, 0x0, 0x1, 0xff, 0xff, 0xf4,
    0x0, 0xb, 0xff, 0xff, 0xe0, 0x0, 0x0, 0xf,
    0xff, 0xff, 0x80, 0x0, 0xbf, 0xff, 0xfe, 0x0,
    0x0, 0x0, 0xff, 0xff, 0xfc, 0x0, 0xb, 0xff,
    0xff, 0xe0, 0x0, 0x0, 0xb, 0xff, 0xff, 0xc0,
    0x0, 0xbf, 0xff, 0xfe, 0x0, 0x0, 0x0, 0x7f,
    0xff, 0xfd, 0x0, 0xb, 0xff, 0xff, 0xe0, 0x0,
    0x0, 0x3, 0xff, 0xff, 0xe0, 0x0, 0xbf, 0xff,
    0xfe, 0x0, 0x0, 0x0, 0x3f, 0xff, 0xff, 0x0,
    0xb, 0xff, 0xff, 0xe0, 0x0, 0x0, 0x2, 0xff,
    0xff, 0xf4, 0x0, 0xbf, 0xff, 0xfe, 0x0, 0x0,
    0x0, 0x1f, 0xff, 0xff, 0x80, 0xb, 0xff, 0xff,
    0xe0, 0x0, 0x0, 0x0, 0xff, 0xff, 0xfc, 0x0,
    0xbf, 0xff, 0xfe, 0x0, 0x0, 0x0, 0xb, 0xff,
    0xff, 0xc0, 0xb, 0xff, 0xff, 0xe0, 0x0, 0x0,
    0x0, 0x7f, 0xff, 0xfd, 0x0, 0xbf, 0xff, 0xfe,
    0x0, 0x0, 0x0, 0x3, 0xff, 0xff, 0xe0, 0xb,
    0xff, 0xff, 0xe0, 0x0, 0x0, 0x0, 0x3f, 0xff,
    0xff, 0x0, 0xbf, 0xff, 0xfe, 0x0, 0x0, 0x0,
    0x2, 0xff, 0xff, 0xf0, 0xb, 0xff, 0xff, 0xe0,
    0x0, 0x0, 0x0, 0x1f, 0xff, 0xff, 0x80, 0xbf,
    0xff, 0xfe, 0x0, 0x0, 0x0, 0x0, 0xff, 0xff,
    0xfc, 0xb, 0xff, 0xff, 0xe0, 0x0, 0x0, 0x0,
    0xf, 0xff, 0xff, 0xc0, 0xbf, 0xff, 0xfe, 0x0,
    0x0, 0x0, 0x0, 0xbf, 0xff, 0xfd, 0xb, 0xff,
    0xff, 0xe0, 0x0, 0x0, 0x0, 0x3, 0xff, 0xff,
    0xe0, 0xbf, 0xff, 0xfe, 0x0, 0x0, 0x0, 0x0,
    0x3f, 0xff, 0xff, 0xb, 0xff, 0xff, 0xe0, 0x0,
    0x0, 0x0, 0x2, 0xff, 0xff, 0xf0, 0xbf, 0xff,
    0xfe, 0x0, 0x0, 0x0, 0x0, 0x1f, 0xff, 0xff,
    0x4b, 0xff, 0xff, 0xe0, 0x0, 0x0, 0x0, 0x0,
    0xff, 0xff, 0xf8, 0xbf, 0xff, 0xfe, 0x0, 0x0,
    0x0, 0x0, 0xf, 0xff, 0xff, 0xcb, 0xff, 0xff,
    0xe0, 0x0, 0x0, 0x0, 0x0, 0xbf, 0xff, 0xfd,
    0xbf, 0xff, 0xfe, 0x0, 0x0, 0x0, 0x0, 0x7,
    0xff, 0xff, 0xe6, 0xaa, 0xaa, 0x90, 0x0, 0x0,
    0x0, 0x0, 0x2a, 0xaa, 0xaa,

    /* U+0053 "S" */
    0x0, 0x0, 0x0, 0x0, 0x55, 0x55, 0x0, 0x0,
    0x0, 0x0, 0x0, 0x0, 0x0, 0x6, 0xff, 0xff,
    0xff, 0xe4, 0x0, 0x0, 0x0, 0x0, 0x0, 0xb,
    0xff, 0xff, 0xff, 0xff, 0xf4, 0x0, 0x0, 0x0,
    0x0, 0x7, 0xff, 0xff, 0xff, 0xff, 0xff, 0xf0,
    0x0, 0x0, 0x0, 0x2, 0xff, 0xff, 0xff, 0xff,
    0xff, 0xff, 0xd0, 0x0, 0x0, 0x0, 0xff, 0xff,
    0xff, 0xff, 0xff, 0xff, 0xff, 0x80, 0x0, 0x0,
    0x2f, 0xff, 0xff, 0xff, 0xff, 0xff, 0xff, 0xfd,
    0x0, 0x0, 0xb, 0xff, 0xff, 0xff, 0xff, 0xff,
    0xff, 0xff, 0xf0, 0x0, 0x0, 0xff, 0xff, 0xff,
    0xff, 0xff, 0xff, 0xff, 0xff, 0xc0, 0x0, 0x3f,
    0xff, 0xff, 0xfe, 0x55, 0x6f, 0xff, 0xff, 0xfd,
    0x0, 0x7, 0xff, 0xff, 0xfc, 0x0, 0x0, 0x2f,
    0xff, 0xff, 0xf0, 0x0, 0xbf, 0xff, 0xfe, 0x0,
    0x0, 0x0, 0x7f, 0xff, 0xff, 0x0, 0xf, 0xff,
    0xff, 0x80, 0x0, 0x0, 0x1, 0xff, 0xff, 0xf8,
    0x1, 0xff, 0xff, 0xf0, 0x0, 0x0, 0x0, 0xb,
    0xff, 0xff, 0xc0, 0x1f, 0xff, 0xff, 0x0, 0x0,
    0x0, 0x0, 0x3f, 0xff, 0xfd, 0x2, 0xff, 0xff,
    0xd0, 0x0, 0x0, 0x0, 0x2, 0xff, 0xff, 0xe0,
    0x3f, 0xff, 0xfd, 0x0, 0x0, 0x0, 0x0, 0x1f,
    0xff, 0xfe, 0x3, 0xff, 0xff, 0xc0, 0x0, 0x0,
    0x0, 0x0, 0xff, 0xff, 0xf0, 0x3f, 0xff, 0xfc,
    0x0, 0x0, 0x0, 0x0, 0xf, 0xff, 0xff, 0x3,
    0xff, 0xff, 0xc0, 0x0, 0x0, 0x0, 0x0, 0xbf,
    0xff, 0xf4, 0x3f, 0xff, 0xfd, 0x0, 0x0, 0x0,
    0x0, 0xb, 0xff, 0xff, 0x43, 0xff, 0xff, 0xd0,
    0x0, 0x0, 0x0, 0x0, 0x7f, 0xff, 0xf4, 0x3f,
    0xff, 0xfe, 0x0, 0x0, 0x0, 0x0, 0x7, 0xff,
    0x90, 0x2, 0xff, 0xff, 0xf0, 0x0, 0x0, 0x0,
    0x0, 0x3e, 0x40, 0x0, 0x2f, 0xff, 0xff, 0x80,
    0x0, 0x0, 0x0, 0x0, 0x0, 0x0, 0x1, 0xff,
    0xff, 0xfc, 0x0, 0x0, 0x0, 0x0, 0x0, 0x0,
    0x0, 0xf, 0xff, 0xff, 0xf0, 0x0, 0x0, 0x0,
    0x0, 0x0, 0x0, 0x0, 0xff, 0xff, 0xff, 0x80,
    0x0, 0x0, 0x0, 0x0, 0x0, 0x0, 0xb, 0xff,
    0xff, 0xfe, 0x0, 0x0, 0x0, 0x0, 0x0, 0x0,
    0x0, 0x3f, 0xff, 0xff, 0xf8, 0x0, 0x0, 0x0,
    0x0, 0x0, 0x0, 0x2, 0xff, 0xff, 0xff, 0xe0,
    0x0, 0x0, 0x0, 0x0, 0x0, 0x0, 0xf, 0xff,
    0xff, 0xff, 0xc0, 0x0, 0x0, 0x0, 0x0, 0x0,
    0x0, 0x7f, 0xff, 0xff, 0xff, 0x0, 0x0, 0x0,
    0x0, 0x0, 0x0, 0x3, 0xff, 0xff, 0xff, 0xfc,
    0x0, 0x0, 0x0, 0x0, 0x0, 0x0, 0xf, 0xff,
    0xff, 0xff, 0xf4, 0x0, 0x0, 0x0, 0x0, 0x0,
    0x0, 0x3f, 0xff, 0xff, 0xff, 0xd0, 0x0, 0x0,
    0x0, 0x0, 0x0, 0x0, 0xff, 0xff, 0xff, 0xff,
    0x80, 0x0, 0x0, 0x0, 0x0, 0x0, 0x3, 0xff,
    0xff, 0xff, 0xfe, 0x0, 0x0, 0x0, 0x0, 0x0,
    0x0, 0xf, 0xff, 0xff, 0xff, 0xf8, 0x0, 0x0,
    0x0, 0x0, 0x0, 0x0, 0x3f, 0xff, 0xff, 0xff,
    0xf0, 0x0, 0x0, 0x0, 0x0, 0x0, 0x0, 0xbf,
    0xff, 0xff, 0xff, 0xc0, 0x0, 0x0, 0x0, 0x0,
    0x0, 0x2, 0xff, 0xff, 0xff, 0xff, 0x40, 0x0,
    0x0, 0x0, 0x0, 0x0, 0x7, 0xff, 0xff, 0xff,
    0xfd, 0x0, 0x0, 0x0, 0x0, 0x0, 0x0, 0x1f,
    0xff, 0xff, 0xff, 0xf4, 0x0, 0x0, 0x0, 0x0,
    0x0, 0x0, 0x7f, 0xff, 0xff, 0xff, 0xd0, 0x0,
    0x0, 0x0, 0x0, 0x0, 0x0, 0xff, 0xff, 0xff,
    0xff, 0x0, 0x0, 0x0, 0x0, 0x0, 0x0, 0x3,
    0xff, 0xff, 0xff, 0xfc, 0x0, 0x0, 0x0, 0x0,
    0x0, 0x0, 0xf, 0xff, 0xff, 0xff, 0xf0, 0x0,
    0x0, 0x0, 0x0, 0x0, 0x0, 0x2f, 0xff, 0xff,
    0xff, 0x80, 0x0, 0x0, 0x0, 0x0, 0x0, 0x0,
    0xbf, 0xff, 0xff, 0xfc, 0x0, 0x0, 0x0, 0x0,
    0x0, 0x0, 0x2, 0xff, 0xff, 0xff, 0xf0, 0x0,
    0x0, 0x0, 0x0, 0x0, 0x0, 0xb, 0xff, 0xff,
    0xff, 0x40, 0x0, 0x0, 0x0, 0x0, 0x0, 0x0,
    0x2f, 0xff, 0xff, 0xfc, 0x0, 0x0, 0x0, 0x0,
    0x0, 0x0, 0x0, 0xbf, 0xff, 0xff, 0xe0, 0x0,
    0x0, 0x0, 0x0, 0x0, 0x0, 0x2, 0xff, 0xff,
    0xff, 0x0, 0x0, 0x0, 0x0, 0x0, 0x0, 0x0,
    0xf, 0xff, 0xff, 0xf4, 0x0, 0x0, 0x0, 0x0,
    0x0, 0x0, 0x0, 0x3f, 0xff, 0xff, 0x80, 0x0,
    0x0, 0x40, 0x0, 0x0, 0x0, 0x2, 0xff, 0xff,
    0xfc, 0x0, 0x6, 0xfc, 0x0, 0x0, 0x0, 0x0,
    0xf, 0xff, 0xff, 0xc0, 0x6f, 0xff, 0xc0, 0x0,
    0x0, 0x0, 0x0, 0xbf, 0xff, 0xfd, 0x3f, 0xff,
    0xfc, 0x0, 0x0, 0x0, 0x0, 0x7, 0xff, 0xff,
    0xe3, 0xff, 0xff, 0xd0, 0x0, 0x0, 0x0, 0x0,
    0x3f, 0xff, 0xfe, 0x3f, 0xff, 0xfe, 0x0, 0x0,
    0x0, 0x0, 0x3, 0xff, 0xff, 0xe3, 0xff, 0xff,
    0xe0, 0x0, 0x0, 0x0, 0x0, 0x3f, 0xff, 0xff,
    0x2f, 0xff, 0xff, 0x0, 0x0, 0x0, 0x0, 0x2,
    0xff, 0xff, 0xf1, 0xff, 0xff, 0xf0, 0x0, 0x0,
    0x0, 0x0, 0x2f, 0xff, 0xff, 0x1f, 0xff, 0xff,
    0x40, 0x0, 0x0, 0x0, 0x2, 0xff, 0xff, 0xe0,
    0xff, 0xff, 0xfc, 0x0, 0x0, 0x0, 0x0, 0x3f,
    0xff, 0xfe, 0xf, 0xff, 0xff, 0xc0, 0x0, 0x0,
    0x0, 0x3, 0xff, 0xff, 0xd0, 0x7f, 0xff, 0xfe,
    0x0, 0x0, 0x0, 0x0, 0x7f, 0xff, 0xfd, 0x3,
    0xff, 0xff, 0xf0, 0x0, 0x0, 0x0, 0xb, 0xff,
    0xff, 0xc0, 0x2f, 0xff, 0xff, 0xc0, 0x0, 0x0,
    0x0, 0xff, 0xff, 0xfc, 0x1, 0xff, 0xff, 0xfe,
    0x0, 0x0, 0x0, 0x3f, 0xff, 0xff, 0x40, 0xf,
    0xff, 0xff, 0xfc, 0x0, 0x0, 0xf, 0xff, 0xff,
    0xf0, 0x0, 0x7f, 0xff, 0xff, 0xf9, 0x0, 0x1b,
    0xff, 0xff, 0xfe, 0x0, 0x2, 0xff, 0xff, 0xff,
    0xff, 0xff, 0xff, 0xff, 0xff, 0xc0, 0x0, 0xf,
    0xff, 0xff, 0xff, 0xff, 0xff, 0xff, 0xff, 0xf4,
    0x0, 0x0, 0x3f, 0xff, 0xff, 0xff, 0xff, 0xff,
    0xff, 0xfe, 0x0, 0x0, 0x1, 0xff, 0xff, 0xff,
    0xff, 0xff, 0xff, 0xff, 0x80, 0x0, 0x0, 0x3,
    0xff, 0xff, 0xff, 0xff, 0xff, 0xff, 0xe0, 0x0,
    0x0, 0x0, 0xf, 0xff, 0xff, 0xff, 0xff, 0xff,
    0xf4, 0x0, 0x0, 0x0, 0x0, 0x1f, 0xff, 0xff,
    0xff, 0xff, 0xf8, 0x0, 0x0, 0x0, 0x0, 0x0,
    0x1b, 0xff, 0xff, 0xff, 0xf8, 0x0, 0x0, 0x0,
    0x0, 0x0, 0x0, 0x6, 0xbf, 0xff, 0x90, 0x0,
    0x0, 0x0,

    /* U+0054 "T" */
    0xbf, 0xff, 0xff, 0xff, 0xff, 0xff, 0xff, 0xff,
    0xff, 0xfe, 0xff, 0xff, 0xff, 0xff, 0xff, 0xff,
    0xff, 0xff, 0xff, 0xfb, 0xff, 0xff, 0xff, 0xff,
    0xff, 0xff, 0xff, 0xff, 0xff, 0xef, 0xff, 0xff,
    0xff, 0xff, 0xff, 0xff, 0xff, 0xff, 0xff, 0xbf,
    0xff, 0xff, 0xff, 0xff, 0xff, 0xff, 0xff, 0xff,
    0xfe, 0xff, 0xff, 0xff, 0xff, 0xff, 0xff, 0xff,
    0xff, 0xff, 0xfb, 0xff, 0xff, 0xff, 0xff, 0xff,
    0xff, 0xff, 0xff, 0xff, 0xef, 0xff, 0xff, 0xff,
    0xff, 0xff, 0xff, 0xff, 0xff, 0xff, 0x15, 0x55,
    0x55, 0x5f, 0xff, 0xff, 0xe5, 0x55, 0x55, 0x54,
    0x0, 0x0, 0x0, 0x3f, 0xff, 0xff, 0x80, 0x0,
    0x0, 0x0, 0x0, 0x0, 0x0, 0xff, 0xff, 0xfe,
    0x0, 0x0, 0x0, 0x0, 0x0, 0x0, 0x3, 0xff,
    0xff, 0xf8, 0x0, 0x0, 0x0, 0x0, 0x0, 0x0,
    0xf, 0xff, 0xff, 0xe0, 0x0, 0x0, 0x0, 0x0,
    0x0, 0x0, 0x3f, 0xff, 0xff, 0x80, 0x0, 0x0,
    0x0, 0x0, 0x0, 0x0, 0xff, 0xff, 0xfe, 0x0,
    0x0, 0x0, 0x0, 0x0, 0x0, 0x3, 0xff, 0xff,
    0xf8, 0x0, 0x0, 0x0, 0x0, 0x0, 0x0, 0xf,
    0xff, 0xff, 0xe0, 0x0, 0x0, 0x0, 0x0, 0x0,
    0x0, 0x3f, 0xff, 0xff, 0x80, 0x0, 0x0, 0x0,
    0x0, 0x0, 0x0, 0xff, 0xff, 0xfe, 0x0, 0x0,
    0x0, 0x0, 0x0, 0x0, 0x3, 0xff, 0xff, 0xf8,
    0x0, 0x0, 0x0, 0x0, 0x0, 0x0, 0xf, 0xff,
    0xff, 0xe0, 0x0, 0x0, 0x0, 0x0, 0x0, 0x0,
    0x3f, 0xff, 0xff, 0x80, 0x0, 0x0, 0x0, 0x0,
    0x0, 0x0, 0xff, 0xff, 0xfe, 0x0, 0x0, 0x0,
    0x0, 0x0, 0x0, 0x3, 0xff, 0xff, 0xf8, 0x0,
    0x0, 0x0, 0x0, 0x0, 0x0, 0xf, 0xff, 0xff,
    0xe0, 0x0, 0x0, 0x0, 0x0, 0x0, 0x0, 0x3f,
    0xff, 0xff, 0x80, 0x0, 0x0, 0x0, 0x0, 0x0,
    0x0, 0xff, 0xff, 0xfe, 0x0, 0x0, 0x0, 0x0,
    0x0, 0x0, 0x3, 0xff, 0xff, 0xf8, 0x0, 0x0,
    0x0, 0x0, 0x0, 0x0, 0xf, 0xff, 0xff, 0xe0,
    0x0, 0x0, 0x0, 0x0, 0x0, 0x0, 0x3f, 0xff,
    0xff, 0x80, 0x0, 0x0, 0x0, 0x0, 0x0, 0x0,
    0xff, 0xff, 0xfe, 0x0, 0x0, 0x0, 0x0, 0x0,
    0x0, 0x3, 0xff, 0xff, 0xf8, 0x0, 0x0, 0x0,
    0x0, 0x0, 0x0, 0xf, 0xff, 0xff, 0xe0, 0x0,
    0x0, 0x0, 0x0, 0x0, 0x0, 0x3f, 0xff, 0xff,
    0x80, 0x0, 0x0, 0x0, 0x0, 0x0, 0x0, 0xff,
    0xff, 0xfe, 0x0, 0x0, 0x0, 0x0, 0x0, 0x0,
    0x3, 0xff, 0xff, 0xf8, 0x0, 0x0, 0x0, 0x0,
    0x0, 0x0, 0xf, 0xff, 0xff, 0xe0, 0x0, 0x0,
    0x0, 0x0, 0x0, 0x0, 0x3f, 0xff, 0xff, 0x80,
    0x0, 0x0, 0x0, 0x0, 0x0, 0x0, 0xff, 0xff,
    0xfe, 0x0, 0x0, 0x0, 0x0, 0x0, 0x0, 0x3,
    0xff, 0xff, 0xf8, 0x0, 0x0, 0x0, 0x0, 0x0,
    0x0, 0xf, 0xff, 0xff, 0xe0, 0x0, 0x0, 0x0,
    0x0, 0x0, 0x0, 0x3f, 0xff, 0xff, 0x80, 0x0,
    0x0, 0x0, 0x0, 0x0, 0x0, 0xff, 0xff, 0xfe,
    0x0, 0x0, 0x0, 0x0, 0x0, 0x0, 0x3, 0xff,
    0xff, 0xf8, 0x0, 0x0, 0x0, 0x0, 0x0, 0x0,
    0xf, 0xff, 0xff, 0xe0, 0x0, 0x0, 0x0, 0x0,
    0x0, 0x0, 0x3f, 0xff, 0xff, 0x80, 0x0, 0x0,
    0x0, 0x0, 0x0, 0x0, 0xff, 0xff, 0xfe, 0x0,
    0x0, 0x0, 0x0, 0x0, 0x0, 0x3, 0xff, 0xff,
    0xf8, 0x0, 0x0, 0x0, 0x0, 0x0, 0x0, 0xf,
    0xff, 0xff, 0xe0, 0x0, 0x0, 0x0, 0x0, 0x0,
    0x0, 0x3f, 0xff, 0xff, 0x80, 0x0, 0x0, 0x0,
    0x0, 0x0, 0x0, 0xff, 0xff, 0xfe, 0x0, 0x0,
    0x0, 0x0, 0x0, 0x0, 0x3, 0xff, 0xff, 0xf8,
    0x0, 0x0, 0x0, 0x0, 0x0, 0x0, 0xf, 0xff,
    0xff, 0xe0, 0x0, 0x0, 0x0, 0x0, 0x0, 0x0,
    0x3f, 0xff, 0xff, 0x80, 0x0, 0x0, 0x0, 0x0,
    0x0, 0x0, 0xff, 0xff, 0xfe, 0x0, 0x0, 0x0,
    0x0, 0x0, 0x0, 0x3, 0xff, 0xff, 0xf8, 0x0,
    0x0, 0x0, 0x0, 0x0, 0x0, 0xf, 0xff, 0xff,
    0xe0, 0x0, 0x0, 0x0, 0x0, 0x0, 0x0, 0x3f,
    0xff, 0xff, 0x80, 0x0, 0x0, 0x0, 0x0, 0x0,
    0x0, 0xff, 0xff, 0xfe, 0x0, 0x0, 0x0, 0x0,
    0x0, 0x0, 0x3, 0xff, 0xff, 0xf8, 0x0, 0x0,
    0x0, 0x0, 0x0, 0x0, 0xf, 0xff, 0xff, 0xe0,
    0x0, 0x0, 0x0, 0x0, 0x0, 0x0, 0x3f, 0xff,
    0xff, 0x80, 0x0, 0x0, 0x0, 0x0, 0x0, 0x0,
    0xff, 0xff, 0xfe, 0x0, 0x0, 0x0, 0x0, 0x0,
    0x0, 0x3, 0xff, 0xff, 0xf8, 0x0, 0x0, 0x0,
    0x0, 0x0, 0x0, 0xf, 0xff, 0xff, 0xe0, 0x0,
    0x0, 0x0, 0x0, 0x0, 0x0, 0x3f, 0xff, 0xff,
    0x80, 0x0, 0x0, 0x0, 0x0, 0x0, 0x0, 0xff,
    0xff, 0xfe, 0x0, 0x0, 0x0, 0x0, 0x0, 0x0,
    0x3, 0xff, 0xff, 0xf8, 0x0, 0x0, 0x0, 0x0,
    0x0, 0x0, 0xf, 0xff, 0xff, 0xe0, 0x0, 0x0,
    0x0, 0x0, 0x0, 0x0, 0x3f, 0xff, 0xff, 0x80,
    0x0, 0x0, 0x0, 0x0, 0x0, 0x0, 0xff, 0xff,
    0xfe, 0x0, 0x0, 0x0, 0x0, 0x0, 0x0, 0x3,
    0xff, 0xff, 0xf8, 0x0, 0x0, 0x0, 0x0, 0x0,
    0x0, 0xf, 0xff, 0xff, 0xe0, 0x0, 0x0, 0x0,
    0x0, 0x0, 0x0, 0x3f, 0xff, 0xff, 0x80, 0x0,
    0x0, 0x0, 0x0, 0x0, 0x0, 0xff, 0xff, 0xfe,
    0x0, 0x0, 0x0, 0x0, 0x0, 0x0, 0x3, 0xff,
    0xff, 0xf8, 0x0, 0x0, 0x0, 0x0, 0x0, 0x0,
    0xf, 0xff, 0xff, 0xe0, 0x0, 0x0, 0x0, 0x0,
    0x0, 0x0, 0x3f, 0xff, 0xff, 0x80, 0x0, 0x0,
    0x0, 0x0, 0x0, 0x0, 0xff, 0xff, 0xfe, 0x0,
    0x0, 0x0, 0x0, 0x0, 0x0, 0x3, 0xff, 0xff,
    0xf8, 0x0, 0x0, 0x0, 0x0, 0x0, 0x0, 0xf,
    0xff, 0xff, 0xe0, 0x0, 0x0, 0x0, 0x0, 0x0,
    0x0, 0x15, 0x55, 0x55, 0x0, 0x0, 0x0, 0x0,

    /* U+0055 "U" */
    0x7f, 0xff, 0xfd, 0x0, 0x0, 0x0, 0x0, 0x0,
    0x3f, 0xff, 0xfe, 0x7f, 0xff, 0xfd, 0x0, 0x0,
    0x0, 0x0, 0x0, 0x3f, 0xff, 0xfe, 0x7f, 0xff,
    0xfd, 0x0, 0x0, 0x0, 0x0, 0x0, 0x3f, 0xff,
    0xfe, 0x7f, 0xff, 0xfd, 0x0, 0x0, 0x0, 0x0,
    0x0, 0x3f, 0xff, 0xfe, 0x7f, 0xff, 0xfd, 0x0,
    0x0, 0x0, 0x0, 0x0, 0x3f, 0xff, 0xfe, 0x7f,
    0xff, 0xfd, 0x0, 0x0, 0x0, 0x0, 0x0, 0x3f,
    0xff, 0xfe, 0x7f, 0xff, 0xfd, 0x0, 0x0, 0x0,
    0x0, 0x0, 0x3f, 0xff, 0xfe, 0x7f, 0xff, 0xfd,
    0x0, 0x0, 0x0, 0x0, 0x0, 0x3f, 0xff, 0xfe,
    0x7f, 0xff, 0xfd, 0x0, 0x0, 0x0, 0x0, 0x0,
    0x3f, 0xff, 0xfe, 0x7f, 0xff, 0xfd, 0x0, 0x0,
    0x0, 0x0, 0x0, 0x3f, 0xff, 0xfe, 0x7f, 0xff,
    0xfd, 0x0, 0x0, 0x0, 0x0, 0x0, 0x3f, 0xff,
    0xfe, 0x7f, 0xff, 0xfd, 0x0, 0x0, 0x0, 0x0,
    0x0, 0x3f, 0xff, 0xfe, 0x7f, 0xff, 0xfd, 0x0,
    0x0, 0x0, 0x0, 0x0, 0x3f, 0xff, 0xfe, 0x7f,
    0xff, 0xfd, 0x0, 0x0, 0x0, 0x0, 0x0, 0x3f,
    0xff, 0xfe, 0x7f, 0xff, 0xfd, 0x0, 0x0, 0x0,
    0x0, 0x0, 0x3f, 0xff, 0xfe, 0x7f, 0xff, 0xfd,
    0x0, 0x0, 0x0, 0x0, 0x0, 0x3f, 0xff, 0xfe,
    0x7f, 0xff, 0xfd, 0x0, 0x0, 0x0, 0x0, 0x0,
    0x3f, 0xff, 0xfe, 0x7f, 0xff, 0xfd, 0x0, 0x0,
    0x0, 0x0, 0x0, 0x3f, 0xff, 0xfe, 0x7f, 0xff,
    0xfd, 0x0, 0x0, 0x0, 0x0, 0x0, 0x3f, 0xff,
    0xfe, 0x7f, 0xff, 0xfd, 0x0, 0x0, 0x0, 0x0,
    0x0, 0x3f, 0xff, 0xfe, 0x7f, 0xff, 0xfd, 0x0,
    0x0, 0x0, 0x0, 0x0, 0x3f, 0xff, 0xfe, 0x7f,
    0xff, 0xfd, 0x0, 0x0, 0x0, 0x0, 0x0, 0x3f,
    0xff, 0xfe, 0x7f, 0xff, 0xfd, 0x0, 0x0, 0x0,
    0x0, 0x0, 0x3f, 0xff, 0xfe, 0x7f, 0xff, 0xfd,
    0x0, 0x0, 0x0, 0x0, 0x0, 0x3f, 0xff, 0xfe,
    0x7f, 0xff, 0xfd, 0x0, 0x0, 0x0, 0x0, 0x0,
    0x3f, 0xff, 0xfe, 0x7f, 0xff, 0xfd, 0x0, 0x0,
    0x0, 0x0, 0x0, 0x3f, 0xff, 0xfe, 0x7f, 0xff,
    0xfd, 0x0, 0x0, 0x0, 0x0, 0x0, 0x3f, 0xff,
    0xfe, 0x7f, 0xff, 0xfd, 0x0, 0x0, 0x0, 0x0,
    0x0, 0x3f, 0xff, 0xfe, 0x7f, 0xff, 0xfd, 0x0,
    0x0, 0x0, 0x0, 0x0, 0x3f, 0xff, 0xfe, 0x7f,
    0xff, 0xfd, 0x0, 0x0, 0x0, 0x0, 0x0, 0x3f,
    0xff, 0xfe, 0x7f, 0xff, 0xfd, 0x0, 0x0, 0x0,
    0x0, 0x0, 0x3f, 0xff, 0xfe, 0x7f, 0xff, 0xfd,
    0x0, 0x0, 0x0, 0x0, 0x0, 0x3f, 0xff, 0xfe,
    0x7f, 0xff, 0xfd, 0x0, 0x0, 0x0, 0x0, 0x0,
    0x3f, 0xff, 0xfe, 0x7f, 0xff, 0xfd, 0x0, 0x0,
    0x0, 0x0, 0x0, 0x3f, 0xff, 0xfe, 0x7f, 0xff,
    0xfd, 0x0, 0x0, 0x0, 0x0, 0x0, 0x3f, 0xff,
    0xfe, 0x7f, 0xff, 0xfd, 0x0, 0x0, 0x0, 0x0,
    0x0, 0x3f, 0xff, 0xfe, 0x7f, 0xff, 0xfd, 0x0,
    0x0, 0x0, 0x0, 0x0, 0x3f, 0xff, 0xfe, 0x7f,
    0xff, 0xfd, 0x0, 0x0, 0x0, 0x0, 0x0, 0x3f,
    0xff, 0xfe, 0x7f, 0xff, 0xfd, 0x0, 0x0, 0x0,
    0x0, 0x0, 0x3f, 0xff, 0xfe, 0x7f, 0xff, 0xfd,
    0x0, 0x0, 0x0, 0x0, 0x0, 0x3f, 0xff, 0xfe,
    0x7f, 0xff, 0xfd, 0x0, 0x0, 0x0, 0x0, 0x0,
    0x3f, 0xff, 0xfe, 0x7f, 0xff, 0xfd, 0x0, 0x0,
    0x0, 0x0, 0x0, 0x3f, 0xff, 0xfe, 0x7f, 0xff,
    0xfd, 0x0, 0x0, 0x0, 0x0, 0x0, 0x3f, 0xff,
    0xfe, 0x7f, 0xff, 0xfd, 0x0, 0x0, 0x0, 0x0,
    0x0, 0x3f, 0xff, 0xfe, 0x7f, 0xff, 0xfd, 0x0,
    0x0, 0x0, 0x0, 0x0, 0x3f, 0xff, 0xfe, 0x7f,
    0xff, 0xfd, 0x0, 0x0, 0x0, 0x0, 0x0, 0x3f,
    0xff, 0xfe, 0x7f, 0xff, 0xfd, 0x0, 0x0, 0x0,
    0x0, 0x0, 0x3f, 0xff, 0xfe, 0x7f, 0xff, 0xfd,
    0x0, 0x0, 0x0, 0x0, 0x0, 0x3f, 0xff, 0xfe,
    0x7f, 0xff, 0xfd, 0x0, 0x0, 0x0, 0x0, 0x0,
    0x3f, 0xff, 0xfe, 0x7f, 0xff, 0xfd, 0x0, 0x0,
    0x0, 0x0, 0x0, 0x3f, 0xff, 0xfe, 0x7f, 0xff,
    0xfd, 0x0, 0x0, 0x0, 0x0, 0x0, 0x3f, 0xff,
    0xfe, 0x7f, 0xff, 0xfd, 0x0, 0x0, 0x0, 0x0,
    0x0, 0x3f, 0xff, 0xfe, 0x7f, 0xff, 0xfd, 0x0,
    0x0, 0x0, 0x0, 0x0, 0x3f, 0xff, 0xfe, 0x7f,
    0xff, 0xfd, 0x0, 0x0, 0x0, 0x0, 0x0, 0x3f,
    0xff, 0xfe, 0x7f, 0xff, 0xfd, 0x0, 0x0, 0x0,
    0x0, 0x0, 0x3f, 0xff, 0xfe, 0x7f, 0xff, 0xfd,
    0x0, 0x0, 0x0, 0x0, 0x0, 0x3f, 0xff, 0xfe,
    0x7f, 0xff, 0xfd, 0x0, 0x0, 0x0, 0x0, 0x0,
    0x3f, 0xff, 0xfe, 0x7f, 0xff, 0xfd, 0x0, 0x0,
    0x0, 0x0, 0x0, 0x3f, 0xff, 0xfe, 0x7f, 0xff,
    0xfe, 0x0, 0x0, 0x0, 0x0, 0x0, 0x3f, 0xff,
    0xfe, 0x3f, 0xff, 0xfe, 0x0, 0x0, 0x0, 0x0,
    0x0, 0x3f, 0xff, 0xfd, 0x3f, 0xff, 0xfe, 0x0,
    0x0, 0x0, 0x0, 0x0, 0x7f, 0xff, 0xfd, 0x3f,
    0xff, 0xff, 0x0, 0x0, 0x0, 0x0, 0x0, 0x7f,
    0xff, 0xfd, 0x3f, 0xff, 0xff, 0x0, 0x0, 0x0,
    0x0, 0x0, 0xbf, 0xff, 0xfc, 0x2f, 0xff, 0xff,
    0x0, 0x0, 0x0, 0x0, 0x0, 0xbf, 0xff, 0xfc,
    0x2f, 0xff, 0xff, 0x0, 0x0, 0x0, 0x0, 0x0,
    0xff, 0xff, 0xfc, 0x1f, 0xff, 0xff, 0x40, 0x0,
    0x0, 0x0, 0x0, 0xff, 0xff, 0xf8, 0xf, 0xff,
    0xff, 0xc0, 0x0, 0x0, 0x0, 0x1, 0xff, 0xff,
    0xf8, 0xf, 0xff, 0xff, 0xc0, 0x0, 0x0, 0x0,
    0x3, 0xff, 0xff, 0xf4, 0xb, 0xff, 0xff, 0xe0,
    0x0, 0x0, 0x0, 0x7, 0xff, 0xff, 0xf0, 0x7,
    0xff, 0xff, 0xf4, 0x0, 0x0, 0x0, 0xf, 0xff,
    0xff, 0xe0, 0x3, 0xff, 0xff, 0xfc, 0x0, 0x0,
    0x0, 0x2f, 0xff, 0xff, 0xd0, 0x2, 0xff, 0xff,
    0xff, 0x40, 0x0, 0x0, 0xbf, 0xff, 0xff, 0xc0,
    0x0, 0xff, 0xff, 0xff, 0xf4, 0x0, 0x1b, 0xff,
    0xff, 0xff, 0x80, 0x0, 0xbf, 0xff, 0xff, 0xff,
    0xff, 0xff, 0xff, 0xff, 0xff, 0x0, 0x0, 0x3f,
    0xff, 0xff, 0xff, 0xff, 0xff, 0xff, 0xff, 0xfd,
    0x0, 0x0, 0x1f, 0xff, 0xff, 0xff, 0xff, 0xff,
    0xff, 0xff, 0xf8, 0x0, 0x0, 0xb, 0xff, 0xff,
    0xff, 0xff, 0xff, 0xff, 0xff, 0xf0, 0x0, 0x0,
    0x1, 0xff, 0xff, 0xff, 0xff, 0xff, 0xff, 0xff,
    0xc0, 0x0, 0x0, 0x0, 0x7f, 0xff, 0xff, 0xff,
    0xff, 0xff, 0xfe, 0x0, 0x0, 0x0, 0x0, 0xb,
    0xff, 0xff, 0xff, 0xff, 0xff, 0xf4, 0x0, 0x0,
    0x0, 0x0, 0x0, 0xbf, 0xff, 0xff, 0xff, 0xfe,
    0x40, 0x0, 0x0, 0x0, 0x0, 0x0, 0x1, 0xaf,
    0xff, 0xfe, 0x40, 0x0, 0x0, 0x0,

    /* U+0056 "V" */
    0xbf, 0xff, 0xfc, 0x0, 0x0, 0x0, 0x0, 0x0,
    0x0, 0xff, 0xff, 0xf1, 0xff, 0xff, 0xf0, 0x0,
    0x0, 0x0, 0x0, 0x0, 0x7, 0xff, 0xff, 0xc3,
    0xff, 0xff, 0xd0, 0x0, 0x0, 0x0, 0x0, 0x0,
    0x2f, 0xff, 0xfe, 0xf, 0xff, 0xff, 0x80, 0x0,
    0x0, 0x0, 0x0, 0x0, 0xff, 0xff, 0xf4, 0x2f,
    0xff, 0xff, 0x0, 0x0, 0x0, 0x0, 0x0, 0x3,
    0xff, 0xff, 0xc0, 0x7f, 0xff, 0xfc, 0x0, 0x0,
    0x0, 0x0, 0x0, 0xf, 0xff, 0xff, 0x1, 0xff,
    0xff, 0xf4, 0x0, 0x0, 0x0, 0x0, 0x0, 0x7f,
    0xff, 0xfc, 0x3, 0xff, 0xff, 0xe0, 0x0, 0x0,
    0x0, 0x0, 0x2, 0xff, 0xff, 0xe0, 0xf, 0xff,
    0xff, 0x80, 0x0, 0x0, 0x0, 0x0, 0xf, 0xff,
    0xff, 0x40, 0x2f, 0xff, 0xff, 0x0, 0x0, 0x0,
    0x0, 0x0, 0x3f, 0xff, 0xfc, 0x0, 0x7f, 0xff,
    0xfc, 0x0, 0x0, 0x0, 0x0, 0x0, 0xff, 0xff,
    0xf0, 0x0, 0xff, 0xff, 0xf4, 0x0, 0x0, 0x0,
    0x0, 0x7, 0xff, 0xff, 0x80, 0x3, 0xff, 0xff,
    0xe0, 0x0, 0x0, 0x0, 0x0, 0x2f, 0xff, 0xfd,
    0x0, 0xb, 0xff, 0xff, 0xc0, 0x0, 0x0, 0x0,
    0x0, 0xff, 0xff, 0xf0, 0x0, 0x1f, 0xff, 0xff,
    0x0, 0x0, 0x0, 0x0, 0x3, 0xff, 0xff, 0xc0,
    0x0, 0x7f, 0xff, 0xfc, 0x0, 0x0, 0x0, 0x0,
    0xf, 0xff, 0xff, 0x0, 0x0, 0xff, 0xff, 0xf4,
    0x0, 0x0, 0x0, 0x0, 0x7f, 0xff, 0xf8, 0x0,
    0x3, 0xff, 0xff, 0xe0, 0x0, 0x0, 0x0, 0x2,
    0xff, 0xff, 0xd0, 0x0, 0xb, 0xff, 0xff, 0xc0,
    0x0, 0x0, 0x0, 0xf, 0xff, 0xff, 0x0, 0x0,
    0x1f, 0xff, 0xff, 0x0, 0x0, 0x0, 0x0, 0x3f,
    0xff, 0xfc, 0x0, 0x0, 0x3f, 0xff, 0xfd, 0x0,
    0x0, 0x0, 0x1, 0xff, 0xff, 0xe0, 0x0, 0x0,
    0xff, 0xff, 0xf4, 0x0, 0x0, 0x0, 0x7, 0xff,
    0xff, 0x40, 0x0, 0x2, 0xff, 0xff, 0xe0, 0x0,
    0x0, 0x0, 0x2f, 0xff, 0xfd, 0x0, 0x0, 0x7,
    0xff, 0xff, 0xc0, 0x0, 0x0, 0x0, 0xff, 0xff,
    0xf0, 0x0, 0x0, 0x1f, 0xff, 0xff, 0x0, 0x0,
    0x0, 0x3, 0xff, 0xff, 0xc0, 0x0, 0x0, 0x3f,
    0xff, 0xfd, 0x0, 0x0, 0x0, 0x1f, 0xff, 0xfe,
    0x0, 0x0, 0x0, 0xff, 0xff, 0xf8, 0x0, 0x0,
    0x0, 0x7f, 0xff, 0xf4, 0x0, 0x0, 0x2, 0xff,
    0xff, 0xf0, 0x0, 0x0, 0x2, 0xff, 0xff, 0xc0,
    0x0, 0x0, 0x7, 0xff, 0xff, 0xc0, 0x0, 0x0,
    0xf, 0xff, 0xff, 0x0, 0x0, 0x0, 0xf, 0xff,
    0xff, 0x0, 0x0, 0x0, 0x3f, 0xff, 0xf8, 0x0,
    0x0, 0x0, 0x3f, 0xff, 0xfd, 0x0, 0x0, 0x1,
    0xff, 0xff, 0xe0, 0x0, 0x0, 0x0, 0xbf, 0xff,
    0xf8, 0x0, 0x0, 0x7, 0xff, 0xff, 0x40, 0x0,
    0x0, 0x1, 0xff, 0xff, 0xf0, 0x0, 0x0, 0x2f,
    0xff, 0xfc, 0x0, 0x0, 0x0, 0x7, 0xff, 0xff,
    0xc0, 0x0, 0x0, 0xff, 0xff, 0xf0, 0x0, 0x0,
    0x0, 0xf, 0xff, 0xff, 0x40, 0x0, 0x3, 0xff,
    0xff, 0x80, 0x0, 0x0, 0x0, 0x3f, 0xff, 0xfd,
    0x0, 0x0, 0x1f, 0xff, 0xfd, 0x0, 0x0, 0x0,
    0x0, 0xbf, 0xff, 0xf8, 0x0, 0x0, 0xbf, 0xff,
    0xf0, 0x0, 0x0, 0x0, 0x1, 0xff, 0xff, 0xf0,
    0x0, 0x2, 0xff, 0xff, 0xc0, 0x0, 0x0, 0x0,
    0x3, 0xff, 0xff, 0xc0, 0x0, 0xf, 0xff, 0xfe,
    0x0, 0x0, 0x0, 0x0, 0xf, 0xff, 0xff, 0x40,
    0x0, 0x3f, 0xff, 0xf8, 0x0, 0x0, 0x0, 0x0,
    0x2f, 0xff, 0xfe, 0x0, 0x1, 0xff, 0xff, 0xd0,
    0x0, 0x0, 0x0, 0x0, 0x7f, 0xff, 0xfc, 0x0,
    0xb, 0xff, 0xff, 0x0, 0x0, 0x0, 0x0, 0x1,
    0xff, 0xff, 0xf0, 0x0, 0x2f, 0xff, 0xfc, 0x0,
    0x0, 0x0, 0x0, 0x3, 0xff, 0xff, 0xc0, 0x0,
    0xff, 0xff, 0xe0, 0x0, 0x0, 0x0, 0x0, 0xf,
    0xff, 0xff, 0x40, 0x3, 0xff, 0xff, 0x40, 0x0,
    0x0, 0x0, 0x0, 0x2f, 0xff, 0xfe, 0x0, 0x1f,
    0xff, 0xfc, 0x0, 0x0, 0x0, 0x0, 0x0, 0x7f,
    0xff, 0xfc, 0x0, 0xbf, 0xff, 0xf0, 0x0, 0x0,
    0x0, 0x0, 0x0, 0xff, 0xff, 0xf0, 0x2, 0xff,
    0xff, 0xc0, 0x0, 0x0, 0x0, 0x0, 0x3, 0xff,
    0xff, 0xc0, 0xf, 0xff, 0xfe, 0x0, 0x0, 0x0,
    0x0, 0x0, 0xb, 0xff, 0xff, 0x40, 0x3f, 0xff,
    0xf4, 0x0, 0x0, 0x0, 0x0, 0x0, 0x1f, 0xff,
    0xfe, 0x1, 0xff, 0xff, 0xc0, 0x0, 0x0, 0x0,
    0x0, 0x0, 0x7f, 0xff, 0xfc, 0xb, 0xff, 0xff,
    0x0, 0x0, 0x0, 0x0, 0x0, 0x0, 0xff, 0xff,
    0xf0, 0x3f, 0xff, 0xf8, 0x0, 0x0, 0x0, 0x0,
    0x0, 0x3, 0xff, 0xff, 0xd0, 0xff, 0xff, 0xd0,
    0x0, 0x0, 0x0, 0x0, 0x0, 0xb, 0xff, 0xff,
    0x83, 0xff, 0xff, 0x0, 0x0, 0x0, 0x0, 0x0,
    0x0, 0x1f, 0xff, 0xfe, 0x1f, 0xff, 0xfc, 0x0,
    0x0, 0x0, 0x0, 0x0, 0x0, 0x3f, 0xff, 0xfc,
    0xbf, 0xff, 0xf0, 0x0, 0x0, 0x0, 0x0, 0x0,
    0x0, 0xff, 0xff, 0xf3, 0xff, 0xff, 0x80, 0x0,
    0x0, 0x0, 0x0, 0x0, 0x2, 0xff, 0xff, 0xdf,
    0xff, 0xfd, 0x0, 0x0, 0x0, 0x0, 0x0, 0x0,
    0x7, 0xff, 0xff, 0xff, 0xff, 0xf0, 0x0, 0x0,
    0x0, 0x0, 0x0, 0x0, 0x1f, 0xff, 0xff, 0xff,
    0xff, 0xc0, 0x0, 0x0, 0x0, 0x0, 0x0, 0x0,
    0x3f, 0xff, 0xff, 0xff, 0xfe, 0x0, 0x0, 0x0,
    0x0, 0x0, 0x0, 0x0, 0xff, 0xff, 0xff, 0xff,
    0xf4, 0x0, 0x0, 0x0, 0x0, 0x0, 0x0, 0x2,
    0xff, 0xff, 0xff, 0xff, 0xd0, 0x0, 0x0, 0x0,
    0x0, 0x0, 0x0, 0x7, 0xff, 0xff, 0xff, 0xff,
    0x0, 0x0, 0x0, 0x0, 0x0, 0x0, 0x0, 0xf,
    0xff, 0xff, 0xff, 0xfc, 0x0, 0x0, 0x0, 0x0,
    0x0, 0x0, 0x0, 0x3f, 0xff, 0xff, 0xff, 0xe0,
    0x0, 0x0, 0x0, 0x0, 0x0, 0x0, 0x0, 0xbf,
    0xff, 0xff, 0xff, 0x40, 0x0, 0x0, 0x0, 0x0,
    0x0, 0x0, 0x1, 0xff, 0xff, 0xff, 0xfc, 0x0,
    0x0, 0x0, 0x0, 0x0, 0x0, 0x0, 0x7, 0xff,
    0xff, 0xff, 0xf0, 0x0, 0x0, 0x0, 0x0, 0x0,
    0x0, 0x0, 0xf, 0xff, 0xff, 0xff, 0x80, 0x0,
    0x0, 0x0, 0x0, 0x0, 0x0, 0x0, 0x3f, 0xff,
    0xff, 0xfd, 0x0, 0x0, 0x0, 0x0, 0x0, 0x0,
    0x0, 0x0, 0xbf, 0xff, 0xff, 0xf4, 0x0, 0x0,
    0x0, 0x0, 0x0, 0x0, 0x0, 0x1, 0xff, 0xff,
    0xff, 0xc0, 0x0, 0x0, 0x0, 0x0, 0x0, 0x0,
    0x0, 0x3, 0xff, 0xff, 0xff, 0x0, 0x0, 0x0,
    0x0, 0x0, 0x0, 0x0, 0x0, 0xf, 0xff, 0xff,
    0xf8, 0x0, 0x0, 0x0, 0x0, 0x0, 0x0, 0x0,
    0x0, 0x2f, 0xff, 0xff, 0xd0, 0x0, 0x0, 0x0,
    0x0, 0x0, 0x0, 0x0, 0x0, 0x7f, 0xff, 0xff,
    0x0, 0x0, 0x0, 0x0, 0x0, 0x0, 0x0, 0x0,
    0x1, 0xff, 0xff, 0xfc, 0x0, 0x0, 0x0, 0x0,
    0x0, 0x0, 0x0, 0x0, 0x3, 0xff, 0xff, 0xe0,
    0x0, 0x0, 0x0, 0x0, 0x0, 0x0, 0x0, 0x0,
    0xf, 0xff, 0xff, 0x80, 0x0, 0x0, 0x0, 0x0,
    0x0, 0x0, 0x0, 0x0, 0x1a, 0xaa, 0xa8, 0x0,
    0x0, 0x0, 0x0, 0x0,

    /* U+0057 "W" */
    0x7f, 0xff, 0xf0, 0x0, 0x0, 0x0, 0x0, 0x2f,
    0xff, 0xe0, 0x0, 0x0, 0x0, 0x0, 0x3f, 0xff,
    0xf0, 0xff, 0xff, 0xc0, 0x0, 0x0, 0x0, 0x0,
    0xbf, 0xff, 0xc0, 0x0, 0x0, 0x0, 0x0, 0xff,
    0xff, 0xc3, 0xff, 0xff, 0x40, 0x0, 0x0, 0x0,
    0x3, 0xff, 0xff, 0x0, 0x0, 0x0, 0x0, 0x7,
    0xff, 0xff, 0xf, 0xff, 0xfe, 0x0, 0x0, 0x0,
    0x0, 0xf, 0xff, 0xfc, 0x0, 0x0, 0x0, 0x0,
    0x1f, 0xff, 0xf8, 0x2f, 0xff, 0xf8, 0x0, 0x0,
    0x0, 0x0, 0x3f, 0xff, 0xf4, 0x0, 0x0, 0x0,
    0x0, 0xbf, 0xff, 0xe0, 0xbf, 0xff, 0xf0, 0x0,
    0x0, 0x0, 0x1, 0xff, 0xff, 0xe0, 0x0, 0x0,
    0x0, 0x2, 0xff, 0xff, 0x41, 0xff, 0xff, 0xc0,
    0x0, 0x0, 0x0, 0xb, 0xff, 0xff, 0xc0, 0x0,
    0x0, 0x0, 0xf, 0xff, 0xfd, 0x3, 0xff, 0xff,
    0x0, 0x0, 0x0, 0x0, 0x3f, 0xff, 0xff, 0x0,
    0x0, 0x0, 0x0, 0x3f, 0xff, 0xf0, 0xf, 0xff,
    0xfd, 0x0, 0x0, 0x0, 0x0, 0xff, 0xff, 0xfc,
    0x0, 0x0, 0x0, 0x0, 0xff, 0xff, 0xc0, 0x3f,
    0xff, 0xf4, 0x0, 0x0, 0x0, 0x3, 0xff, 0xff,
    0xf4, 0x0, 0x0, 0x0, 0x7, 0xff, 0xff, 0x0,
    0xbf, 0xff, 0xe0, 0x0, 0x0, 0x0, 0x1f, 0xff,
    0xff, 0xe0, 0x0, 0x0, 0x0, 0x1f, 0xff, 0xf8,
    0x2, 0xff, 0xff, 0x80, 0x0, 0x0, 0x0, 0xbf,
    0xff, 0xff, 0x80, 0x0, 0x0, 0x0, 0xbf, 0xff,
    0xd0, 0x7, 0xff, 0xff, 0x0, 0x0, 0x0, 0x2,
    0xff, 0xff, 0xff, 0x0, 0x0, 0x0, 0x2, 0xff,
    0xff, 0x40, 0xf, 0xff, 0xfc, 0x0, 0x0, 0x0,
    0xf, 0xff, 0xff, 0xfc, 0x0, 0x0, 0x0, 0xf,
    0xff, 0xfc, 0x0, 0x3f, 0xff, 0xf0, 0x0, 0x0,
    0x0, 0x3f, 0xff, 0xff, 0xf4, 0x0, 0x0, 0x0,
    0x3f, 0xff, 0xf0, 0x0, 0xff, 0xff, 0xd0, 0x0,
    0x0, 0x1, 0xff, 0xff, 0xff, 0xd0, 0x0, 0x0,
    0x0, 0xff, 0xff, 0xc0, 0x2, 0xff, 0xff, 0x40,
    0x0, 0x0, 0x7, 0xff, 0xff, 0xff, 0x80, 0x0,
    0x0, 0x7, 0xff, 0xfe, 0x0, 0xb, 0xff, 0xfe,
    0x0, 0x0, 0x0, 0x2f, 0xff, 0xff, 0xff, 0x0,
    0x0, 0x0, 0x1f, 0xff, 0xf8, 0x0, 0x1f, 0xff,
    0xfc, 0x0, 0x0, 0x0, 0xff, 0xff, 0xff, 0xfc,
    0x0, 0x0, 0x0, 0xbf, 0xff, 0xd0, 0x0, 0x7f,
    0xff, 0xf0, 0x0, 0x0, 0x3, 0xff, 0xff, 0xff,
    0xf0, 0x0, 0x0, 0x2, 0xff, 0xff, 0x0, 0x0,
    0xff, 0xff, 0xc0, 0x0, 0x0, 0xf, 0xff, 0xff,
    0xff, 0xd0, 0x0, 0x0, 0xf, 0xff, 0xfc, 0x0,
    0x3, 0xff, 0xff, 0x0, 0x0, 0x0, 0x7f, 0xff,
    0xff, 0xff, 0x80, 0x0, 0x0, 0x3f, 0xff, 0xf0,
    0x0, 0xf, 0xff, 0xfd, 0x0, 0x0, 0x2, 0xff,
    0xfd, 0xff, 0xff, 0x0, 0x0, 0x0, 0xff, 0xff,
    0x80, 0x0, 0x2f, 0xff, 0xf4, 0x0, 0x0, 0xf,
    0xff, 0xf6, 0xff, 0xfc, 0x0, 0x0, 0x7, 0xff,
    0xfe, 0x0, 0x0, 0x7f, 0xff, 0xe0, 0x0, 0x0,
    0x3f, 0xff, 0xcb, 0xff, 0xf0, 0x0, 0x0, 0x1f,
    0xff, 0xf4, 0x0, 0x1, 0xff, 0xff, 0xc0, 0x0,
    0x0, 0xff, 0xff, 0x1f, 0xff, 0xd0, 0x0, 0x0,
    0xbf, 0xff, 0xc0, 0x0, 0x3, 0xff, 0xff, 0x0,
    0x0, 0x7, 0xff, 0xf8, 0x3f, 0xff, 0x80, 0x0,
    0x2, 0xff, 0xff, 0x0, 0x0, 0xf, 0xff, 0xfc,
    0x0, 0x0, 0x2f, 0xff, 0xe0, 0xff, 0xfe, 0x0,
    0x0, 0xf, 0xff, 0xfc, 0x0, 0x0, 0x3f, 0xff,
    0xf0, 0x0, 0x0, 0xbf, 0xff, 0x43, 0xff, 0xfc,
    0x0, 0x0, 0x3f, 0xff, 0xf0, 0x0, 0x0, 0xbf,
    0xff, 0xd0, 0x0, 0x3, 0xff, 0xfc, 0xb, 0xff,
    0xf0, 0x0, 0x0, 0xff, 0xff, 0x80, 0x0, 0x1,
    0xff, 0xff, 0x80, 0x0, 0xf, 0xff, 0xf0, 0x1f,
    0xff, 0xd0, 0x0, 0x7, 0xff, 0xfd, 0x0, 0x0,
    0x7, 0xff, 0xfe, 0x0, 0x0, 0x7f, 0xff, 0xc0,
    0x3f, 0xff, 0x40, 0x0, 0x1f, 0xff, 0xf4, 0x0,
    0x0, 0xf, 0xff, 0xfc, 0x0, 0x1, 0xff, 0xfe,
    0x0, 0xff, 0xfe, 0x0, 0x0, 0xbf, 0xff, 0xc0,
    0x0, 0x0, 0x3f, 0xff, 0xf0, 0x0, 0xb, 0xff,
    0xf4, 0x3, 0xff, 0xfc, 0x0, 0x3, 0xff, 0xff,
    0x0, 0x0, 0x0, 0xff, 0xff, 0xc0, 0x0, 0x3f,
    0xff, 0xc0, 0xb, 0xff, 0xf0, 0x0, 0xf, 0xff,
    0xfc, 0x0, 0x0, 0x2, 0xff, 0xff, 0x40, 0x0,
    0xff, 0xff, 0x0, 0x1f, 0xff, 0xc0, 0x0, 0x3f,
    0xff, 0xe0, 0x0, 0x0, 0x7, 0xff, 0xfd, 0x0,
    0x3, 0xff, 0xfc, 0x0, 0x7f, 0xff, 0x40, 0x0,
    0xff, 0xff, 0x40, 0x0, 0x0, 0x1f, 0xff, 0xf8,
    0x0, 0x1f, 0xff, 0xe0, 0x0, 0xff, 0xfe, 0x0,
    0x7, 0xff, 0xfd, 0x0, 0x0, 0x0, 0x3f, 0xff,
    0xe0, 0x0, 0xbf, 0xff, 0x40, 0x3, 0xff, 0xfc,
    0x0, 0x1f, 0xff, 0xf0, 0x0, 0x0, 0x0, 0xff,
    0xff, 0xc0, 0x3, 0xff, 0xfd, 0x0, 0xb, 0xff,
    0xf0, 0x0, 0xbf, 0xff, 0xc0, 0x0, 0x0, 0x3,
    0xff, 0xff, 0x0, 0xf, 0xff, 0xf0, 0x0, 0x2f,
    0xff, 0xc0, 0x3, 0xff, 0xff, 0x0, 0x0, 0x0,
    0xb, 0xff, 0xfc, 0x0, 0x3f, 0xff, 0xc0, 0x0,
    0x7f, 0xff, 0x40, 0xf, 0xff, 0xf8, 0x0, 0x0,
    0x0, 0x2f, 0xff, 0xf4, 0x1, 0xff, 0xfe, 0x0,
    0x0, 0xff, 0xfe, 0x0, 0x3f, 0xff, 0xe0, 0x0,
    0x0, 0x0, 0x7f, 0xff, 0xd0, 0xb, 0xff, 0xf8,
    0x0, 0x3, 0xff, 0xf8, 0x0, 0xff, 0xff, 0x40,
    0x0, 0x0, 0x0, 0xff, 0xff, 0x80, 0x2f, 0xff,
    0xd0, 0x0, 0xf, 0xff, 0xf0, 0x7, 0xff, 0xfc,
    0x0, 0x0, 0x0, 0x3, 0xff, 0xff, 0x0, 0xff,
    0xff, 0x0, 0x0, 0x2f, 0xff, 0xc0, 0x1f, 0xff,
    0xf0, 0x0, 0x0, 0x0, 0xf, 0xff, 0xfc, 0x3,
    0xff, 0xfc, 0x0, 0x0, 0x7f, 0xff, 0x40, 0xbf,
    0xff, 0xc0, 0x0, 0x0, 0x0, 0x2f, 0xff, 0xf0,
    0x1f, 0xff, 0xf0, 0x0, 0x0, 0xff, 0xfd, 0x3,
    0xff, 0xfe, 0x0, 0x0, 0x0, 0x0, 0xbf, 0xff,
    0xc0, 0x7f, 0xff, 0x80, 0x0, 0x3, 0xff, 0xf8,
    0xf, 0xff, 0xf8, 0x0, 0x0, 0x0, 0x1, 0xff,
    0xff, 0x42, 0xff, 0xfd, 0x0, 0x0, 0xf, 0xff,
    0xf0, 0x3f, 0xff, 0xd0, 0x0, 0x0, 0x0, 0x3,
    0xff, 0xfe, 0xf, 0xff, 0xf0, 0x0, 0x0, 0x2f,
    0xff, 0xc0, 0xff, 0xff, 0x0, 0x0, 0x0, 0x0,
    0xf, 0xff, 0xf8, 0x3f, 0xff, 0xc0, 0x0, 0x0,
    0xbf, 0xff, 0x7, 0xff, 0xfc, 0x0, 0x0, 0x0,
    0x0, 0x3f, 0xff, 0xf0, 0xff, 0xff, 0x0, 0x0,
    0x1, 0xff, 0xfd, 0x1f, 0xff, 0xf0, 0x0, 0x0,
    0x0, 0x0, 0xbf, 0xff, 0xc7, 0xff, 0xf8, 0x0,
    0x0, 0x3, 0xff, 0xf8, 0xbf, 0xff, 0xc0, 0x0,
    0x0, 0x0, 0x2, 0xff, 0xff, 0x2f, 0xff, 0xd0,
    0x0, 0x0, 0xf, 0xff, 0xf3, 0xff, 0xfe, 0x0,
    0x0, 0x0, 0x0, 0x7, 0xff, 0xfd, 0xbf, 0xff,
    0x40, 0x0, 0x0, 0x3f, 0xff, 0xcf, 0xff, 0xf4,
    0x0, 0x0, 0x0, 0x0, 0x1f, 0xff, 0xf7, 0xff,
    0xfc, 0x0, 0x0, 0x0, 0xbf, 0xff, 0x3f, 0xff,
    0xd0, 0x0, 0x0, 0x0, 0x0, 0x3f, 0xff, 0xef,
    0xff, 0xf0, 0x0, 0x0, 0x1, 0xff, 0xfe, 0xff,
    0xff, 0x0, 0x0, 0x0, 0x0, 0x0, 0xff, 0xff,
    0xff, 0xff, 0x80, 0x0, 0x0, 0x3, 0xff, 0xff,
    0xff, 0xfc, 0x0, 0x0, 0x0, 0x0, 0x3, 0xff,
    0xff, 0xff, 0xfe, 0x0, 0x0, 0x0, 0xf, 0xff,
    0xff, 0xff, 0xf0, 0x0, 0x0, 0x0, 0x0, 0xb,
    0xff, 0xff, 0xff, 0xf4, 0x0, 0x0, 0x0, 0x3f,
    0xff, 0xff, 0xff, 0x80, 0x0, 0x0, 0x0, 0x0,
    0x1f, 0xff, 0xff, 0xff, 0xc0, 0x0, 0x0, 0x0,
    0xbf, 0xff, 0xff, 0xfd, 0x0, 0x0, 0x0, 0x0,
    0x0, 0x7f, 0xff, 0xff, 0xff, 0x0, 0x0, 0x0,
    0x1, 0xff, 0xff, 0xff, 0xf4, 0x0, 0x0, 0x0,
    0x0, 0x0, 0xff, 0xff, 0xff, 0xfc, 0x0, 0x0,
    0x0, 0x7, 0xff, 0xff, 0xff, 0xc0, 0x0, 0x0,
    0x0, 0x0, 0x3, 0xff, 0xff, 0xff, 0xe0, 0x0,
    0x0, 0x0, 0xf, 0xff, 0xff, 0xff, 0x0, 0x0,
    0x0, 0x0, 0x0, 0xf, 0xff, 0xff, 0xff, 0x40,
    0x0, 0x0, 0x0, 0x3f, 0xff, 0xff, 0xfc, 0x0,
    0x0, 0x0, 0x0, 0x0, 0x2f, 0xff, 0xff, 0xfc,
    0x0, 0x0, 0x0, 0x0, 0xbf, 0xff, 0xff, 0xe0,
    0x0, 0x0, 0x0, 0x0, 0x0, 0x7f, 0xff, 0xff,
    0xf0, 0x0, 0x0, 0x0, 0x2, 0xff, 0xff, 0xff,
    0x80, 0x0, 0x0, 0x0, 0x0, 0x1, 0xff, 0xff,
    0xff, 0xc0, 0x0, 0x0, 0x0, 0x7, 0xff, 0xff,
    0xfd, 0x0, 0x0, 0x0, 0x0, 0x0, 0x3, 0xff,
    0xff, 0xfe, 0x0, 0x0, 0x0, 0x0, 0xf, 0xff,
    0xff, 0xf0, 0x0, 0x0, 0x0, 0x0, 0x0, 0xf,
    0xff, 0xff, 0xf4, 0x0, 0x0, 0x0, 0x0, 0x3f,
    0xff, 0xff, 0xc0, 0x0, 0x0, 0x0, 0x0, 0x0,
    0x3f, 0xff, 0xff, 0xd0, 0x0, 0x0, 0x0, 0x0,
    0xff, 0xff, 0xff, 0x0, 0x0, 0x0, 0x0, 0x0,
    0x0, 0xbf, 0xff, 0xff, 0x0, 0x0, 0x0, 0x0,
    0x2, 0xff, 0xff, 0xf8, 0x0, 0x0, 0x0, 0x0,
    0x0, 0x2, 0xff, 0xff, 0xfc, 0x0, 0x0, 0x0,
    0x0, 0x7, 0xff, 0xff, 0xe0, 0x0, 0x0, 0x0,
    0x0, 0x0, 0x7, 0xff, 0xff, 0xe0, 0x0, 0x0,
    0x0, 0x0, 0xf, 0xff, 0xff, 0x40, 0x0, 0x0,
    0x0, 0x0, 0x0, 0xf, 0xff, 0xff, 0x80, 0x0,
    0x0, 0x0, 0x0, 0x3f, 0xff, 0xfd, 0x0, 0x0,
    0x0, 0x0, 0x0, 0x0, 0x3f, 0xff, 0xfd, 0x0,
    0x0, 0x0, 0x0, 0x0, 0xff, 0xff, 0xf0, 0x0,
    0x0, 0x0, 0x0, 0x0, 0x0, 0xff, 0xff, 0xf0,
    0x0, 0x0, 0x0, 0x0, 0x2, 0xff, 0xff, 0xc0,
    0x0, 0x0, 0x0, 0x0, 0x0, 0x2, 0xff, 0xff,
    0xc0, 0x0, 0x0, 0x0, 0x0, 0x7, 0xff, 0xff,
    0x0, 0x0, 0x0, 0x0, 0x0, 0x0, 0xb, 0xff,
    0xff, 0x0, 0x0, 0x0, 0x0, 0x0, 0x1f, 0xff,
    0xf8, 0x0, 0x0, 0x0, 0x0, 0x0, 0x0, 0x1f,
    0xff, 0xf8, 0x0, 0x0, 0x0, 0x0, 0x0, 0x3f,
    0xff, 0xd0, 0x0, 0x0, 0x0, 0x0, 0x0, 0x0,
    0x2a, 0xaa, 0x80, 0x0, 0x0, 0x0, 0x0, 0x0,
    0x6a, 0xaa, 0x0, 0x0, 0x0, 0x0,

    /* U+0058 "X" */
    0x3f, 0xff, 0xfd, 0x0, 0x0, 0x0, 0x0, 0x0,
    0xb, 0xff, 0xff, 0xc3, 0xff, 0xff, 0xe0, 0x0,
    0x0, 0x0, 0x0, 0x0, 0xff, 0xff, 0xf4, 0x1f,
    0xff, 0xff, 0x0, 0x0, 0x0, 0x0, 0x0, 0x1f,
    0xff, 0xff, 0x0, 0xff, 0xff, 0xf8, 0x0, 0x0,
    0x0, 0x0, 0x3, 0xff, 0xff, 0xe0, 0x7, 0xff,
    0xff, 0xc0, 0x0, 0x0, 0x0, 0x0, 0x3f, 0xff,
    0xfc, 0x0, 0x3f, 0xff, 0xfd, 0x0, 0x0, 0x0,
    0x0, 0xb, 0xff, 0xff, 0x80, 0x2, 0xff, 0xff,
    0xf0, 0x0, 0x0, 0x0, 0x0, 0xff, 0xff, 0xf4,
    0x0, 0xf, 0xff, 0xff, 0x40, 0x0, 0x0, 0x0,
    0x1f, 0xff, 0xff, 0x0, 0x0, 0xff, 0xff, 0xf8,
    0x0, 0x0, 0x0, 0x2, 0xff, 0xff, 0xd0, 0x0,
    0x7, 0xff, 0xff, 0xc0, 0x0, 0x0, 0x0, 0x3f,
    0xff, 0xfc, 0x0, 0x0, 0x3f, 0xff, 0xfe, 0x0,
    0x0, 0x0, 0x7, 0xff, 0xff, 0x80, 0x0, 0x1,
    0xff, 0xff, 0xf0, 0x0, 0x0, 0x0, 0xff, 0xff,
    0xf0, 0x0, 0x0, 0xf, 0xff, 0xff, 0x40, 0x0,
    0x0, 0x1f, 0xff, 0xff, 0x0, 0x0, 0x0, 0xbf,
    0xff, 0xfc, 0x0, 0x0, 0x2, 0xff, 0xff, 0xd0,
    0x0, 0x0, 0x3, 0xff, 0xff, 0xd0, 0x0, 0x0,
    0x3f, 0xff, 0xfc, 0x0, 0x0, 0x0, 0x3f, 0xff,
    0xfe, 0x0, 0x0, 0x7, 0xff, 0xff, 0x40, 0x0,
    0x0, 0x1, 0xff, 0xff, 0xf0, 0x0, 0x0, 0xff,
    0xff, 0xf0, 0x0, 0x0, 0x0, 0xf, 0xff, 0xff,
    0x80, 0x0, 0xf, 0xff, 0xfe, 0x0, 0x0, 0x0,
    0x0, 0xbf, 0xff, 0xfc, 0x0, 0x2, 0xff, 0xff,
    0xc0, 0x0, 0x0, 0x0, 0x3, 0xff, 0xff, 0xd0,
    0x0, 0x3f, 0xff, 0xfc, 0x0, 0x0, 0x0, 0x0,
    0x2f, 0xff, 0xff, 0x0, 0x7, 0xff, 0xff, 0x40,
    0x0, 0x0, 0x0, 0x0, 0xff, 0xff, 0xf4, 0x0,
    0xff, 0xff, 0xf0, 0x0, 0x0, 0x0, 0x0, 0xf,
    0xff, 0xff, 0x80, 0xf, 0xff, 0xfd, 0x0, 0x0,
    0x0, 0x0, 0x0, 0x7f, 0xff, 0xfc, 0x2, 0xff,
    0xff, 0xc0, 0x0, 0x0, 0x0, 0x0, 0x3, 0xff,
    0xff, 0xe0, 0x3f, 0xff, 0xf8, 0x0, 0x0, 0x0,
    0x0, 0x0, 0x2f, 0xff, 0xff, 0x7, 0xff, 0xff,
    0x0, 0x0, 0x0, 0x0, 0x0, 0x0, 0xff, 0xff,
    0xf4, 0xbf, 0xff, 0xf0, 0x0, 0x0, 0x0, 0x0,
    0x0, 0xb, 0xff, 0xff, 0xcf, 0xff, 0xfd, 0x0,
    0x0, 0x0, 0x0, 0x0, 0x0, 0x3f, 0xff, 0xfe,
    0xff, 0xff, 0xc0, 0x0, 0x0, 0x0, 0x0, 0x0,
    0x3, 0xff, 0xff, 0xff, 0xff, 0xf4, 0x0, 0x0,
    0x0, 0x0, 0x0, 0x0, 0x1f, 0xff, 0xff, 0xff,
    0xff, 0x0, 0x0, 0x0, 0x0, 0x0, 0x0, 0x0,
    0xff, 0xff, 0xff, 0xff, 0xe0, 0x0, 0x0, 0x0,
    0x0, 0x0, 0x0, 0xb, 0xff, 0xff, 0xff, 0xfc,
    0x0, 0x0, 0x0, 0x0, 0x0, 0x0, 0x0, 0x3f,
    0xff, 0xff, 0xff, 0xc0, 0x0, 0x0, 0x0, 0x0,
    0x0, 0x0, 0x2, 0xff, 0xff, 0xff, 0xf4, 0x0,
    0x0, 0x0, 0x0, 0x0, 0x0, 0x0, 0xf, 0xff,
    0xff, 0xff, 0x0, 0x0, 0x0, 0x0, 0x0, 0x0,
    0x0, 0x0, 0xff, 0xff, 0xff, 0xd0, 0x0, 0x0,
    0x0, 0x0, 0x0, 0x0, 0x0, 0x7, 0xff, 0xff,
    0xfc, 0x0, 0x0, 0x0, 0x0, 0x0, 0x0, 0x0,
    0x0, 0x3f, 0xff, 0xff, 0x80, 0x0, 0x0, 0x0,
    0x0, 0x0, 0x0, 0x0, 0x3, 0xff, 0xff, 0xf0,
    0x0, 0x0, 0x0, 0x0, 0x0, 0x0, 0x0, 0x0,
    0x7f, 0xff, 0xff, 0x40, 0x0, 0x0, 0x0, 0x0,
    0x0, 0x0, 0x0, 0xf, 0xff, 0xff, 0xfc, 0x0,
    0x0, 0x0, 0x0, 0x0, 0x0, 0x0, 0x0, 0xff,
    0xff, 0xff, 0xd0, 0x0, 0x0, 0x0, 0x0, 0x0,
    0x0, 0x0, 0x2f, 0xff, 0xff, 0xfe, 0x0, 0x0,
    0x0, 0x0, 0x0, 0x0, 0x0, 0x3, 0xff, 0xff,
    0xff, 0xf0, 0x0, 0x0, 0x0, 0x0, 0x0, 0x0,
    0x0, 0x7f, 0xff, 0xff, 0xff, 0x80, 0x0, 0x0,
    0x0, 0x0, 0x0, 0x0, 0xf, 0xff, 0xff, 0xff,
    0xfc, 0x0, 0x0, 0x0, 0x0, 0x0, 0x0, 0x0,
    0xff, 0xff, 0xff, 0xff, 0xd0, 0x0, 0x0, 0x0,
    0x0, 0x0, 0x0, 0x2f, 0xff, 0xff, 0xff, 0xff,
    0x0, 0x0, 0x0, 0x0, 0x0, 0x0, 0x3, 0xff,
    0xff, 0xff, 0xff, 0xf0, 0x0, 0x0, 0x0, 0x0,
    0x0, 0x0, 0x7f, 0xff, 0xff, 0xff, 0xff, 0x80,
    0x0, 0x0, 0x0, 0x0, 0x0, 0xf, 0xff, 0xff,
    0xbf, 0xff, 0xfc, 0x0, 0x0, 0x0, 0x0, 0x0,
    0x0, 0xff, 0xff, 0xe3, 0xff, 0xff, 0xe0, 0x0,
    0x0, 0x0, 0x0, 0x0, 0x2f, 0xff, 0xfc, 0x2f,
    0xff, 0xff, 0x0, 0x0, 0x0, 0x0, 0x0, 0x3,
    0xff, 0xff, 0xc0, 0xff, 0xff, 0xf4, 0x0, 0x0,
    0x0, 0x0, 0x0, 0x7f, 0xff, 0xf4, 0xf, 0xff,
    0xff, 0xc0, 0x0, 0x0, 0x0, 0x0, 0xf, 0xff,
    0xff, 0x0, 0x7f, 0xff, 0xfc, 0x0, 0x0, 0x0,
    0x0, 0x0, 0xff, 0xff, 0xe0, 0x3, 0xff, 0xff,
    0xe0, 0x0, 0x0, 0x0, 0x0, 0x2f, 0xff, 0xfd,
    0x0, 0x2f, 0xff, 0xff, 0x0, 0x0, 0x0, 0x0,
    0x3, 0xff, 0xff, 0xc0, 0x0, 0xff, 0xff, 0xf8,
    0x0, 0x0, 0x0, 0x0, 0x7f, 0xff, 0xf8, 0x0,
    0xb, 0xff, 0xff, 0xc0, 0x0, 0x0, 0x0, 0xf,
    0xff, 0xff, 0x40, 0x0, 0x3f, 0xff, 0xfd, 0x0,
    0x0, 0x0, 0x0, 0xff, 0xff, 0xf0, 0x0, 0x3,
    0xff, 0xff, 0xf0, 0x0, 0x0, 0x0, 0x2f, 0xff,
    0xfe, 0x0, 0x0, 0x1f, 0xff, 0xff, 0x0, 0x0,
    0x0, 0x3, 0xff, 0xff, 0xc0, 0x0, 0x0, 0xff,
    0xff, 0xf8, 0x0, 0x0, 0x0, 0x7f, 0xff, 0xfc,
    0x0, 0x0, 0x7, 0xff, 0xff, 0xc0, 0x0, 0x0,
    0xb, 0xff, 0xff, 0x40, 0x0, 0x0, 0x3f, 0xff,
    0xfd, 0x0, 0x0, 0x0, 0xff, 0xff, 0xf0, 0x0,
    0x0, 0x2, 0xff, 0xff, 0xf0, 0x0, 0x0, 0x2f,
    0xff, 0xfe, 0x0, 0x0, 0x0, 0xf, 0xff, 0xff,
    0x40, 0x0, 0x3, 0xff, 0xff, 0xd0, 0x0, 0x0,
    0x0, 0xff, 0xff, 0xfc, 0x0, 0x0, 0x7f, 0xff,
    0xfc, 0x0, 0x0, 0x0, 0x7, 0xff, 0xff, 0xc0,
    0x0, 0xb, 0xff, 0xff, 0x80, 0x0, 0x0, 0x0,
    0x3f, 0xff, 0xfe, 0x0, 0x0, 0xff, 0xff, 0xf0,
    0x0, 0x0, 0x0, 0x1, 0xff, 0xff, 0xf0, 0x0,
    0x2f, 0xff, 0xff, 0x0, 0x0, 0x0, 0x0, 0xf,
    0xff, 0xff, 0x40, 0x3, 0xff, 0xff, 0xd0, 0x0,
    0x0, 0x0, 0x0, 0xbf, 0xff, 0xfc, 0x0, 0x7f,
    0xff, 0xfc, 0x0, 0x0, 0x0, 0x0, 0x3, 0xff,
    0xff, 0xd0, 0xb, 0xff, 0xff, 0x80, 0x0, 0x0,
    0x0, 0x0, 0x3f, 0xff, 0xfe, 0x0, 0xff, 0xff,
    0xf4, 0x0, 0x0, 0x0, 0x0, 0x1, 0xff, 0xff,
    0xf0, 0x1f, 0xff, 0xff, 0x0, 0x0, 0x0, 0x0,
    0x0, 0xf, 0xff, 0xff, 0x83, 0xff, 0xff, 0xe0,
    0x0, 0x0, 0x0, 0x0, 0x0, 0x7f, 0xff, 0xfc,
    0x7f, 0xff, 0xfc, 0x0, 0x0, 0x0, 0x0, 0x0,
    0x3, 0xff, 0xff, 0xd6, 0xaa, 0xaa, 0x80, 0x0,
    0x0, 0x0, 0x0, 0x0, 0x1a, 0xaa, 0xa9,

    /* U+0059 "Y" */
    0xbf, 0xff, 0xfc, 0x0, 0x0, 0x0, 0x0, 0x0,
    0x3, 0xff, 0xff, 0xe7, 0xff, 0xff, 0xc0, 0x0,
    0x0, 0x0, 0x0, 0x0, 0x3f, 0xff, 0xfd, 0x3f,
    0xff, 0xfd, 0x0, 0x0, 0x0, 0x0, 0x0, 0x7,
    0xff, 0xff, 0xc2, 0xff, 0xff, 0xf0, 0x0, 0x0,
    0x0, 0x0, 0x0, 0xff, 0xff, 0xfc, 0x1f, 0xff,
    0xff, 0x0, 0x0, 0x0, 0x0, 0x0, 0xf, 0xff,
    0xff, 0x40, 0xff, 0xff, 0xf4, 0x0, 0x0, 0x0,
    0x0, 0x1, 0xff, 0xff, 0xf0, 0xb, 0xff, 0xff,
    0xc0, 0x0, 0x0, 0x0, 0x0, 0x2f, 0xff, 0xff,
    0x0, 0x7f, 0xff, 0xfc, 0x0, 0x0, 0x0, 0x0,
    0x3, 0xff, 0xff, 0xd0, 0x3, 0xff, 0xff, 0xd0,
    0x0, 0x0, 0x0, 0x0, 0x7f, 0xff, 0xfc, 0x0,
    0x2f, 0xff, 0xfe, 0x0, 0x0, 0x0, 0x0, 0xb,
    0xff, 0xff, 0xc0, 0x1, 0xff, 0xff, 0xf0, 0x0,
    0x0, 0x0, 0x0, 0xff, 0xff, 0xf4, 0x0, 0xf,
    0xff, 0xff, 0x40, 0x0, 0x0, 0x0, 0x1f, 0xff,
    0xff, 0x0, 0x0, 0xbf, 0xff, 0xf8, 0x0, 0x0,
    0x0, 0x2, 0xff, 0xff, 0xf0, 0x0, 0x7, 0xff,
    0xff, 0xc0, 0x0, 0x0, 0x0, 0x3f, 0xff, 0xfd,
    0x0, 0x0, 0x3f, 0xff, 0xfd, 0x0, 0x0, 0x0,
    0x3, 0xff, 0xff, 0xc0, 0x0, 0x2, 0xff, 0xff,
    0xe0, 0x0, 0x0, 0x0, 0xbf, 0xff, 0xfc, 0x0,
    0x0, 0x1f, 0xff, 0xff, 0x0, 0x0, 0x0, 0xf,
    0xff, 0xff, 0x40, 0x0, 0x0, 0xff, 0xff, 0xf0,
    0x0, 0x0, 0x0, 0xff, 0xff, 0xf0, 0x0, 0x0,
    0xb, 0xff, 0xff, 0x80, 0x0, 0x0, 0x1f, 0xff,
    0xff, 0x0, 0x0, 0x0, 0x7f, 0xff, 0xfc, 0x0,
    0x0, 0x3, 0xff, 0xff, 0xd0, 0x0, 0x0, 0x3,
    0xff, 0xff, 0xc0, 0x0, 0x0, 0x3f, 0xff, 0xfc,
    0x0, 0x0, 0x0, 0x2f, 0xff, 0xfd, 0x0, 0x0,
    0x7, 0xff, 0xff, 0xc0, 0x0, 0x0, 0x1, 0xff,
    0xff, 0xf0, 0x0, 0x0, 0xbf, 0xff, 0xf4, 0x0,
    0x0, 0x0, 0xf, 0xff, 0xff, 0x0, 0x0, 0xf,
    0xff, 0xff, 0x0, 0x0, 0x0, 0x0, 0xbf, 0xff,
    0xf4, 0x0, 0x1, 0xff, 0xff, 0xf0, 0x0, 0x0,
    0x0, 0x7, 0xff, 0xff, 0x80, 0x0, 0x2f, 0xff,
    0xfd, 0x0, 0x0, 0x0, 0x0, 0x3f, 0xff, 0xfc,
    0x0, 0x3, 0xff, 0xff, 0xc0, 0x0, 0x0, 0x0,
    0x2, 0xff, 0xff, 0xd0, 0x0, 0x3f, 0xff, 0xfc,
    0x0, 0x0, 0x0, 0x0, 0x1f, 0xff, 0xfe, 0x0,
    0xb, 0xff, 0xff, 0x40, 0x0, 0x0, 0x0, 0x0,
    0xff, 0xff, 0xf0, 0x0, 0xff, 0xff, 0xf0, 0x0,
    0x0, 0x0, 0x0, 0xb, 0xff, 0xff, 0x40, 0xf,
    0xff, 0xff, 0x0, 0x0, 0x0, 0x0, 0x0, 0x7f,
    0xff, 0xf8, 0x1, 0xff, 0xff, 0xe0, 0x0, 0x0,
    0x0, 0x0, 0x3, 0xff, 0xff, 0xc0, 0x3f, 0xff,
    0xfc, 0x0, 0x0, 0x0, 0x0, 0x0, 0x2f, 0xff,
    0xfd, 0x3, 0xff, 0xff, 0xc0, 0x0, 0x0, 0x0,
    0x0, 0x1, 0xff, 0xff, 0xe0, 0x7f, 0xff, 0xf8,
    0x0, 0x0, 0x0, 0x0, 0x0, 0xf, 0xff, 0xff,
    0xb, 0xff, 0xff, 0x0, 0x0, 0x0, 0x0, 0x0,
    0x0, 0xbf, 0xff, 0xf0, 0xff, 0xff, 0xf0, 0x0,
    0x0, 0x0, 0x0, 0x0, 0x7, 0xff, 0xff, 0x9f,
    0xff, 0xfe, 0x0, 0x0, 0x0, 0x0, 0x0, 0x0,
    0x3f, 0xff, 0xfe, 0xff, 0xff, 0xc0, 0x0, 0x0,
    0x0, 0x0, 0x0, 0x2, 0xff, 0xff, 0xff, 0xff,
    0xfc, 0x0, 0x0, 0x0, 0x0, 0x0, 0x0, 0x1f,
    0xff, 0xff, 0xff, 0xff, 0x80, 0x0, 0x0, 0x0,
    0x0, 0x0, 0x0, 0xff, 0xff, 0xff, 0xff, 0xf0,
    0x0, 0x0, 0x0, 0x0, 0x0, 0x0, 0xb, 0xff,
    0xff, 0xff, 0xff, 0x0, 0x0, 0x0, 0x0, 0x0,
    0x0, 0x0, 0x7f, 0xff, 0xff, 0xff, 0xe0, 0x0,
    0x0, 0x0, 0x0, 0x0, 0x0, 0x3, 0xff, 0xff,
    0xff, 0xfc, 0x0, 0x0, 0x0, 0x0, 0x0, 0x0,
    0x0, 0x2f, 0xff, 0xff, 0xff, 0xc0, 0x0, 0x0,
    0x0, 0x0, 0x0, 0x0, 0x1, 0xff, 0xff, 0xff,
    0xf8, 0x0, 0x0, 0x0, 0x0, 0x0, 0x0, 0x0,
    0xf, 0xff, 0xff, 0xff, 0x0, 0x0, 0x0, 0x0,
    0x0, 0x0, 0x0, 0x0, 0xbf, 0xff, 0xff, 0xf0,
    0x0, 0x0, 0x0, 0x0, 0x0, 0x0, 0x0, 0x7,
    0xff, 0xff, 0xfe, 0x0, 0x0, 0x0, 0x0, 0x0,
    0x0, 0x0, 0x0, 0x3f, 0xff, 0xff, 0xc0, 0x0,
    0x0, 0x0, 0x0, 0x0, 0x0, 0x0, 0x2, 0xff,
    0xff, 0xfc, 0x0, 0x0, 0x0, 0x0, 0x0, 0x0,
    0x0, 0x0, 0x1f, 0xff, 0xff, 0x80, 0x0, 0x0,
    0x0, 0x0, 0x0, 0x0, 0x0, 0x1, 0xff, 0xff,
    0xf8, 0x0, 0x0, 0x0, 0x0, 0x0, 0x0, 0x0,
    0x0, 0x1f, 0xff, 0xff, 0x80, 0x0, 0x0, 0x0,
    0x0, 0x0, 0x0, 0x0, 0x1, 0xff, 0xff, 0xf8,
    0x0, 0x0, 0x0, 0x0, 0x0, 0x0, 0x0, 0x0,
    0x1f, 0xff, 0xff, 0x80, 0x0, 0x0, 0x0, 0x0,
    0x0, 0x0, 0x0, 0x1, 0xff, 0xff, 0xf8, 0x0,
    0x0, 0x0, 0x0, 0x0, 0x0, 0x0, 0x0, 0x1f,
    0xff, 0xff, 0x80, 0x0, 0x0, 0x0, 0x0, 0x0,
    0x0, 0x0, 0x1, 0xff, 0xff, 0xf8, 0x0, 0x0,
    0x0, 0x0, 0x0, 0x0, 0x0, 0x0, 0x1f, 0xff,
    0xff, 0x80, 0x0, 0x0, 0x0, 0x0, 0x0, 0x0,
    0x0, 0x1, 0xff, 0xff, 0xf8, 0x0, 0x0, 0x0,
    0x0, 0x0, 0x0, 0x0, 0x0, 0x1f, 0xff, 0xff,
    0x80, 0x0, 0x0, 0x0, 0x0, 0x0, 0x0, 0x0,
    0x1, 0xff, 0xff, 0xf8, 0x0, 0x0, 0x0, 0x0,
    0x0, 0x0, 0x0, 0x0, 0x1f, 0xff, 0xff, 0x80,
    0x0, 0x0, 0x0, 0x0, 0x0, 0x0, 0x0, 0x1,
    0xff, 0xff, 0xf8, 0x0, 0x0, 0x0, 0x0, 0x0,
    0x0, 0x0, 0x0, 0x1f, 0xff, 0xff, 0x80, 0x0,
    0x0, 0x0, 0x0, 0x0, 0x0, 0x0, 0x1, 0xff,
    0xff, 0xf8, 0x0, 0x0, 0x0, 0x0, 0x0, 0x0,
    0x0, 0x0, 0x1f, 0xff, 0xff, 0x80, 0x0, 0x0,
    0x0, 0x0, 0x0, 0x0, 0x0, 0x1, 0xff, 0xff,
    0xf8, 0x0, 0x0, 0x0, 0x0, 0x0, 0x0, 0x0,
    0x0, 0x1f, 0xff, 0xff, 0x80, 0x0, 0x0, 0x0,
    0x0, 0x0, 0x0, 0x0, 0x1, 0xff, 0xff, 0xf8,
    0x0, 0x0, 0x0, 0x0, 0x0, 0x0, 0x0, 0x0,
    0x1f, 0xff, 0xff, 0x80, 0x0, 0x0, 0x0, 0x0,
    0x0, 0x0, 0x0, 0x1, 0xff, 0xff, 0xf8, 0x0,
    0x0, 0x0, 0x0, 0x0, 0x0, 0x0, 0x0, 0x1f,
    0xff, 0xff, 0x80, 0x0, 0x0, 0x0, 0x0, 0x0,
    0x0, 0x0, 0x1, 0xff, 0xff, 0xf8, 0x0, 0x0,
    0x0, 0x0, 0x0, 0x0, 0x0, 0x0, 0x1f, 0xff,
    0xff, 0x80, 0x0, 0x0, 0x0, 0x0, 0x0, 0x0,
    0x0, 0x1, 0xff, 0xff, 0xf8, 0x0, 0x0, 0x0,
    0x0, 0x0, 0x0, 0x0, 0x0, 0x1f, 0xff, 0xff,
    0x80, 0x0, 0x0, 0x0, 0x0, 0x0, 0x0, 0x0,
    0x1, 0xff, 0xff, 0xf8, 0x0, 0x0, 0x0, 0x0,
    0x0, 0x0, 0x0, 0x0, 0x1f, 0xff, 0xff, 0x80,
    0x0, 0x0, 0x0, 0x0, 0x0, 0x0, 0x0, 0x0,
    0xaa, 0xaa, 0xa4, 0x0, 0x0, 0x0, 0x0,

    /* U+005A "Z" */
    0xb, 0xff, 0xff, 0xff, 0xff, 0xff, 0xff, 0xff,
    0xff, 0x82, 0xff, 0xff, 0xff, 0xff, 0xff, 0xff,
    0xff, 0xff, 0xe0, 0xbf, 0xff, 0xff, 0xff, 0xff,
    0xff, 0xff, 0xff, 0xf8, 0x2f, 0xff, 0xff, 0xff,
    0xff, 0xff, 0xff, 0xff, 0xfe, 0xb, 0xff, 0xff,
    0xff, 0xff, 0xff, 0xff, 0xff, 0xff, 0x82, 0xff,
    0xff, 0xff, 0xff, 0xff, 0xff, 0xff, 0xff, 0xd0,
    0xbf, 0xff, 0xff, 0xff, 0xff, 0xff, 0xff, 0xff,
    0xf0, 0x2f, 0xff, 0xff, 0xff, 0xff, 0xff, 0xff,
    0xff, 0xf8, 0x0, 0x0, 0x0, 0x0, 0x0, 0x0,
    0xbf, 0xff, 0xfd, 0x0, 0x0, 0x0, 0x0, 0x0,
    0x0, 0x3f, 0xff, 0xff, 0x0, 0x0, 0x0, 0x0,
    0x0, 0x0, 0x1f, 0xff, 0xff, 0x80, 0x0, 0x0,
    0x0, 0x0, 0x0, 0xb, 0xff, 0xff, 0xc0, 0x0,
    0x0, 0x0, 0x0, 0x0, 0x3, 0xff, 0xff, 0xf0,
    0x0, 0x0, 0x0, 0x0, 0x0, 0x1, 0xff, 0xff,
    0xf4, 0x0, 0x0, 0x0, 0x0, 0x0, 0x0, 0xbf,
    0xff, 0xfc, 0x0, 0x0, 0x0, 0x0, 0x0, 0x0,
    0x3f, 0xff, 0xfe, 0x0, 0x0, 0x0, 0x0, 0x0,
    0x0, 0x1f, 0xff, 0xff, 0x40, 0x0, 0x0, 0x0,
    0x0, 0x0, 0xf, 0xff, 0xff, 0xc0, 0x0, 0x0,
    0x0, 0x0, 0x0, 0x3, 0xff, 0xff, 0xe0, 0x0,
    0x0, 0x0, 0x0, 0x0, 0x2, 0xff, 0xff, 0xf0,
    0x0, 0x0, 0x0, 0x0, 0x0, 0x0, 0xff, 0xff,
    0xfc, 0x0, 0x0, 0x0, 0x0, 0x0, 0x0, 0x7f,
    0xff, 0xfd, 0x0, 0x0, 0x0, 0x0, 0x0, 0x0,
    0x2f, 0xff, 0xff, 0x0, 0x0, 0x0, 0x0, 0x0,
    0x0, 0xf, 0xff, 0xff, 0xc0, 0x0, 0x0, 0x0,
    0x0, 0x0, 0x7, 0xff, 0xff, 0xd0, 0x0, 0x0,
    0x0, 0x0, 0x0, 0x3, 0xff, 0xff, 0xf0, 0x0,
    0x0, 0x0, 0x0, 0x0, 0x0, 0xff, 0xff, 0xf8,
    0x0, 0x0, 0x0, 0x0, 0x0, 0x0, 0xbf, 0xff,
    0xfd, 0x0, 0x0, 0x0, 0x0, 0x0, 0x0, 0x3f,
    0xff, 0xff, 0x0, 0x0, 0x0, 0x0, 0x0, 0x0,
    0xf, 0xff, 0xff, 0x80, 0x0, 0x0, 0x0, 0x0,
    0x0, 0xb, 0xff, 0xff, 0xc0, 0x0, 0x0, 0x0,
    0x0, 0x0, 0x3, 0xff, 0xff, 0xf0, 0x0, 0x0,
    0x0, 0x0, 0x0, 0x1, 0xff, 0xff, 0xf4, 0x0,
    0x0, 0x0, 0x0, 0x0, 0x0, 0xbf, 0xff, 0xfc,
    0x0, 0x0, 0x0, 0x0, 0x0, 0x0, 0x3f, 0xff,
    0xfe, 0x0, 0x0, 0x0, 0x0, 0x0, 0x0, 0x1f,
    0xff, 0xff, 0x40, 0x0, 0x0, 0x0, 0x0, 0x0,
    0xf, 0xff, 0xff, 0xc0, 0x0, 0x0, 0x0, 0x0,
    0x0, 0x3, 0xff, 0xff, 0xe0, 0x0, 0x0, 0x0,
    0x0, 0x0, 0x2, 0xff, 0xff, 0xf0, 0x0, 0x0,
    0x0, 0x0, 0x0, 0x0, 0xff, 0xff, 0xfc, 0x0,
    0x0, 0x0, 0x0, 0x0, 0x0, 0x7f, 0xff, 0xfd,
    0x0, 0x0, 0x0, 0x0, 0x0, 0x0, 0x2f, 0xff,
    0xff, 0x0, 0x0, 0x0, 0x0, 0x0, 0x0, 0xf,
    0xff, 0xff, 0xc0, 0x0, 0x0, 0x0, 0x0, 0x0,
    0x7, 0xff, 0xff, 0xd0, 0x0, 0x0, 0x0, 0x0,
    0x0, 0x2, 0xff, 0xff, 0xf0, 0x0, 0x0, 0x0,
    0x0, 0x0, 0x0, 0xff, 0xff, 0xf8, 0x0, 0x0,
    0x0, 0x0, 0x0, 0x0, 0x7f, 0xff, 0xfd, 0x0,
    0x0, 0x0, 0x0, 0x0, 0x0, 0x3f, 0xff, 0xff,
    0x0, 0x0, 0x0, 0x0, 0x0, 0x0, 0xf, 0xff,
    0xff, 0x80, 0x0, 0x0, 0x0, 0x0, 0x0, 0xb,
    0xff, 0xff, 0xc0, 0x0, 0x0, 0x0, 0x0, 0x0,
    0x3, 0xff, 0xff, 0xf0, 0x0, 0x0, 0x0, 0x0,
    0x0, 0x1, 0xff, 0xff, 0xf4, 0x0, 0x0, 0x0,
    0x0, 0x0, 0x0, 0xbf, 0xff, 0xfc, 0x0, 0x0,
    0x0, 0x0, 0x0, 0x0, 0x3f, 0xff, 0xfe, 0x0,
    0x0, 0x0, 0x0, 0x0, 0x0, 0x1f, 0xff, 0xff,
    0x40, 0x0, 0x0, 0x0, 0x0, 0x0, 0xf, 0xff,
    0xff, 0xc0, 0x0, 0x0, 0x0, 0x0, 0x0, 0x3,
    0xff, 0xff, 0xe0, 0x0, 0x0, 0x0, 0x0, 0x0,
    0x2, 0xff, 0xff, 0xf0, 0x0, 0x0, 0x0, 0x0,
    0x0, 0x0, 0xff, 0xff, 0xfc, 0x0, 0x0, 0x0,
    0x0, 0x0, 0x0, 0x7f, 0xff, 0xfd, 0x0, 0x0,
    0x0, 0x0, 0x0, 0x0, 0x2f, 0xff, 0xff, 0x0,
    0x0, 0x0, 0x0, 0x0, 0x0, 0xf, 0xff, 0xff,
    0x80, 0x0, 0x0, 0x0, 0x0, 0x0, 0x7, 0xff,
    0xff, 0xd0, 0x0, 0x0, 0x0, 0x0, 0x0, 0x2,
    0xff, 0xff, 0xf0, 0x0, 0x0, 0x0, 0x0, 0x0,
    0x0, 0xff, 0xff, 0xf8, 0x0, 0x0, 0x0, 0x0,
    0x0, 0x0, 0x7f, 0xff, 0xfd, 0x0, 0x0, 0x0,
    0x0, 0x0, 0x0, 0x3f, 0xff, 0xff, 0x0, 0x0,
    0x0, 0x0, 0x0, 0x0, 0xf, 0xff, 0xff, 0x80,
    0x0, 0x0, 0x0, 0x0, 0x0, 0xb, 0xff, 0xff,
    0xc0, 0x0, 0x0, 0x0, 0x0, 0x0, 0x3, 0xff,
    0xff, 0xf0, 0x0, 0x0, 0x0, 0x0, 0x0, 0x1,
    0xff, 0xff, 0xf4, 0x0, 0x0, 0x0, 0x0, 0x0,
    0x0, 0xbf, 0xff, 0xfc, 0x0, 0x0, 0x0, 0x0,
    0x0, 0x0, 0x3f, 0xff, 0xfe, 0x0, 0x0, 0x0,
    0x0, 0x0, 0x0, 0xf, 0xff, 0xff, 0xff, 0xff,
    0xff, 0xff, 0xff, 0xff, 0xe3, 0xff, 0xff, 0xff,
    0xff, 0xff, 0xff, 0xff, 0xff, 0xf8, 0xff, 0xff,
    0xff, 0xff, 0xff, 0xff, 0xff, 0xff, 0xfe, 0x3f,
    0xff, 0xff, 0xff, 0xff, 0xff, 0xff, 0xff, 0xff,
    0x8f, 0xff, 0xff, 0xff, 0xff, 0xff, 0xff, 0xff,
    0xff, 0xe3, 0xff, 0xff, 0xff, 0xff, 0xff, 0xff,
    0xff, 0xff, 0xf8, 0xff, 0xff, 0xff, 0xff, 0xff,
    0xff, 0xff, 0xff, 0xfe, 0x3f, 0xff, 0xff, 0xff,
    0xff, 0xff, 0xff, 0xff, 0xff, 0x80, 0x0, 0x0,
    0x0, 0x0, 0x0, 0x0, 0x0, 0x0, 0x0,

    /* U+005B "[" */
    0xbf, 0xff, 0xff, 0xff, 0xff, 0xf6, 0xff, 0xff,
    0xff, 0xff, 0xff, 0xdb, 0xff, 0xff, 0xff, 0xff,
    0xff, 0x6f, 0xff, 0xff, 0xff, 0xff, 0xfd, 0xbf,
    0xff, 0xff, 0xff, 0xff, 0xf6, 0xff, 0xff, 0xfa,
    0xaa, 0xaa, 0x8b, 0xff, 0xff, 0xc0, 0x0, 0x0,
    0x2f, 0xff, 0xff, 0x0, 0x0, 0x0, 0xbf, 0xff,
    0xfc, 0x0, 0x0, 0x2, 0xff, 0xff, 0xf0, 0x0,
    0x0, 0xb, 0xff, 0xff, 0xc0, 0x0, 0x0, 0x2f,
    0xff, 0xff, 0x0, 0x0, 0x0, 0xbf, 0xff, 0xfc,
    0x0, 0x0, 0x2, 0xff, 0xff, 0xf0, 0x0, 0x0,
    0xb, 0xff, 0xff, 0xc0, 0x0, 0x0, 0x2f, 0xff,
    0xff, 0x0, 0x0, 0x0, 0xbf, 0xff, 0xfc, 0x0,
    0x0, 0x2, 0xff, 0xff, 0xf0, 0x0, 0x0, 0xb,
    0xff, 0xff, 0xc0, 0x0, 0x0, 0x2f, 0xff, 0xff,
    0x0, 0x0, 0x0, 0xbf, 0xff, 0xfc, 0x0, 0x0,
    0x2, 0xff, 0xff, 0xf0, 0x0, 0x0, 0xb, 0xff,
    0xff, 0xc0, 0x0, 0x0, 0x2f, 0xff, 0xff, 0x0,
    0x0, 0x0, 0xbf, 0xff, 0xfc, 0x0, 0x0, 0x2,
    0xff, 0xff, 0xf0, 0x0, 0x0, 0xb, 0xff, 0xff,
    0xc0, 0x0, 0x0, 0x2f, 0xff, 0xff, 0x0, 0x0,
    0x0, 0xbf, 0xff, 0xfc, 0x0, 0x0, 0x2, 0xff,
    0xff, 0xf0, 0x0, 0x0, 0xb, 0xff, 0xff, 0xc0,
    0x0, 0x0, 0x2f, 0xff, 0xff, 0x0, 0x0, 0x0,
    0xbf, 0xff, 0xfc, 0x0, 0x0, 0x2, 0xff, 0xff,
    0xf0, 0x0, 0x0, 0xb, 0xff, 0xff, 0xc0, 0x0,
    0x0, 0x2f, 0xff, 0xff, 0x0, 0x0, 0x0, 0xbf,
    0xff, 0xfc, 0x0, 0x0, 0x2, 0xff, 0xff, 0xf0,
    0x0, 0x0, 0xb, 0xff, 0xff, 0xc0, 0x0, 0x0,
    0x2f, 0xff, 0xff, 0x0, 0x0, 0x0, 0xbf, 0xff,
    0xfc, 0x0, 0x0, 0x2, 0xff, 0xff, 0xf0, 0x0,
    0x0, 0xb, 0xff, 0xff, 0xc0, 0x0, 0x0, 0x2f,
    0xff, 0xff, 0x0, 0x0, 0x0, 0xbf, 0xff, 0xfc,
    0x0, 0x0, 0x2, 0xff, 0xff, 0xf0, 0x0, 0x0,
    0xb, 0xff, 0xff, 0xc0, 0x0, 0x0, 0x2f, 0xff,
    0xff, 0x0, 0x0, 0x0, 0xbf, 0xff, 0xfc, 0x0,
    0x0, 0x2, 0xff, 0xff, 0xf0, 0x0, 0x0, 0xb,
    0xff, 0xff, 0xc0, 0x0, 0x0, 0x2f, 0xff, 0xff,
    0x0, 0x0, 0x0, 0xbf, 0xff, 0xfc, 0x0, 0x0,
    0x2, 0xff, 0xff, 0xf0, 0x0, 0x0, 0xb, 0xff,
    0xff, 0xc0, 0x0, 0x0, 0x2f, 0xff, 0xff, 0x0,
    0x0, 0x0, 0xbf, 0xff, 0xfc, 0x0, 0x0, 0x2,
    0xff, 0xff, 0xf0, 0x0, 0x0, 0xb, 0xff, 0xff,
    0xc0, 0x0, 0x0, 0x2f, 0xff, 0xff, 0x0, 0x0,
    0x0, 0xbf, 0xff, 0xfc, 0x0, 0x0, 0x2, 0xff,
    0xff, 0xf0, 0x0, 0x0, 0xb, 0xff, 0xff, 0xc0,
    0x0, 0x0, 0x2f, 0xff, 0xff, 0x0, 0x0, 0x0,
    0xbf, 0xff, 0xfc, 0x0, 0x0, 0x2, 0xff, 0xff,
    0xf0, 0x0, 0x0, 0xb, 0xff, 0xff, 0xc0, 0x0,
    0x0, 0x2f, 0xff, 0xff, 0x0, 0x0, 0x0, 0xbf,
    0xff, 0xfc, 0x0, 0x0, 0x2, 0xff, 0xff, 0xf0,
    0x0, 0x0, 0xb, 0xff, 0xff, 0xc0, 0x0, 0x0,
    0x2f, 0xff, 0xff, 0x0, 0x0, 0x0, 0xbf, 0xff,
    0xfc, 0x0, 0x0, 0x2, 0xff, 0xff, 0xf0, 0x0,
    0x0, 0xb, 0xff, 0xff, 0xc0, 0x0, 0x0, 0x2f,
    0xff, 0xff, 0x0, 0x0, 0x0, 0xbf, 0xff, 0xfc,
    0x0, 0x0, 0x2, 0xff, 0xff, 0xf0, 0x0, 0x0,
    0xb, 0xff, 0xff, 0xc0, 0x0, 0x0, 0x2f, 0xff,
    0xff, 0x0, 0x0, 0x0, 0xbf, 0xff, 0xfc, 0x0,
    0x0, 0x2, 0xff, 0xff, 0xf0, 0x0, 0x0, 0xb,
    0xff, 0xff, 0xc0, 0x0, 0x0, 0x2f, 0xff, 0xff,
    0x0, 0x0, 0x0, 0xbf, 0xff, 0xfc, 0x0, 0x0,
    0x2, 0xff, 0xff, 0xf0, 0x0, 0x0, 0xb, 0xff,
    0xff, 0xc0, 0x0, 0x0, 0x2f, 0xff, 0xff, 0x0,
    0x0, 0x0, 0xbf, 0xff, 0xfc, 0x0, 0x0, 0x2,
    0xff, 0xff, 0xf0, 0x0, 0x0, 0xb, 0xff, 0xff,
    0xc0, 0x0, 0x0, 0x2f, 0xff, 0xff, 0x0, 0x0,
    0x0, 0xbf, 0xff, 0xfc, 0x0, 0x0, 0x2, 0xff,
    0xff, 0xf0, 0x0, 0x0, 0xb, 0xff, 0xff, 0xea,
    0xaa, 0xaa, 0x2f, 0xff, 0xff, 0xff, 0xff, 0xfd,
    0xbf, 0xff, 0xff, 0xff, 0xff, 0xf6, 0xff, 0xff,
    0xff, 0xff, 0xff, 0xdb, 0xff, 0xff, 0xff, 0xff,
    0xff, 0x6f, 0xff, 0xff, 0xff, 0xff, 0xfd,

    /* U+005C "\\" */
    0x3f, 0xff, 0xf0, 0x0, 0x0, 0x0, 0x0, 0x0,
    0x2f, 0xff, 0xf4, 0x0, 0x0, 0x0, 0x0, 0x0,
    0x1f, 0xff, 0xfc, 0x0, 0x0, 0x0, 0x0, 0x0,
    0xf, 0xff, 0xfc, 0x0, 0x0, 0x0, 0x0, 0x0,
    0xf, 0xff, 0xfd, 0x0, 0x0, 0x0, 0x0, 0x0,
    0xb, 0xff, 0xfe, 0x0, 0x0, 0x0, 0x0, 0x0,
    0x7, 0xff, 0xff, 0x0, 0x0, 0x0, 0x0, 0x0,
    0x3, 0xff, 0xff, 0x0, 0x0, 0x0, 0x0, 0x0,
    0x3, 0xff, 0xff, 0x40, 0x0, 0x0, 0x0, 0x0,
    0x2, 0xff, 0xff, 0x80, 0x0, 0x0, 0x0, 0x0,
    0x1, 0xff, 0xff, 0xc0, 0x0, 0x0, 0x0, 0x0,
    0x0, 0xff, 0xff, 0xc0, 0x0, 0x0, 0x0, 0x0,
    0x0, 0xff, 0xff, 0xd0, 0x0, 0x0, 0x0, 0x0,
    0x0, 0x7f, 0xff, 0xe0, 0x0, 0x0, 0x0, 0x0,
    0x0, 0x3f, 0xff, 0xf0, 0x0, 0x0, 0x0, 0x0,
    0x0, 0x3f, 0xff, 0xf4, 0x0, 0x0, 0x0, 0x0,
    0x0, 0x2f, 0xff, 0xf8, 0x0, 0x0, 0x0, 0x0,
    0x0, 0x1f, 0xff, 0xfc, 0x0, 0x0, 0x0, 0x0,
    0x0, 0xf, 0xff, 0xfc, 0x0, 0x0, 0x0, 0x0,
    0x0, 0xf, 0xff, 0xfd, 0x0, 0x0, 0x0, 0x0,
    0x0, 0xb, 0xff, 0xfe, 0x0, 0x0, 0x0, 0x0,
    0x0, 0x7, 0xff, 0xff, 0x0, 0x0, 0x0, 0x0,
    0x0, 0x3, 0xff, 0xff, 0x0, 0x0, 0x0, 0x0,
    0x0, 0x3, 0xff, 0xff, 0x40, 0x0, 0x0, 0x0,
    0x0, 0x2, 0xff, 0xff, 0x80, 0x0, 0x0, 0x0,
    0x0, 0x1, 0xff, 0xff, 0xc0, 0x0, 0x0, 0x0,
    0x0, 0x0, 0xff, 0xff, 0xc0, 0x0, 0x0, 0x0,
    0x0, 0x0, 0xbf, 0xff, 0xd0, 0x0, 0x0, 0x0,
    0x0, 0x0, 0x7f, 0xff, 0xf0, 0x0, 0x0, 0x0,
    0x0, 0x0, 0x3f, 0xff, 0xf0, 0x0, 0x0, 0x0,
    0x0, 0x0, 0x3f, 0xff, 0xf4, 0x0, 0x0, 0x0,
    0x0, 0x0, 0x2f, 0xff, 0xf8, 0x0, 0x0, 0x0,
    0x0, 0x0, 0x1f, 0xff, 0xfc, 0x0, 0x0, 0x0,
    0x0, 0x0, 0xf, 0xff, 0xfc, 0x0, 0x0, 0x0,
    0x0, 0x0, 0xf, 0xff, 0xfd, 0x0, 0x0, 0x0,
    0x0, 0x0, 0xb, 0xff, 0xfe, 0x0, 0x0, 0x0,
    0x0, 0x0, 0x7, 0xff, 0xff, 0x0, 0x0, 0x0,
    0x0, 0x0, 0x3, 0xff, 0xff, 0x0, 0x0, 0x0,
    0x0, 0x0, 0x3, 0xff, 0xff, 0x40, 0x0, 0x0,
    0x0, 0x0, 0x2, 0xff, 0xff, 0x80, 0x0, 0x0,
    0x0, 0x0, 0x1, 0xff, 0xff, 0xc0, 0x0, 0x0,
    0x0, 0x0, 0x0, 0xff, 0xff, 0xc0, 0x0, 0x0,
    0x0, 0x0, 0x0, 0xbf, 0xff, 0xe0, 0x0, 0x0,
    0x0, 0x0, 0x0, 0x7f, 0xff, 0xf0, 0x0, 0x0,
    0x0, 0x0, 0x0, 0x3f, 0xff, 0xf0, 0x0, 0x0,
    0x0, 0x0, 0x0, 0x3f, 0xff, 0xf4, 0x0, 0x0,
    0x0, 0x0, 0x0, 0x2f, 0xff, 0xf8, 0x0, 0x0,
    0x0, 0x0, 0x0, 0x1f, 0xff, 0xfc, 0x0, 0x0,
    0x0, 0x0, 0x0, 0xf, 0xff, 0xfc, 0x0, 0x0,
    0x0, 0x0, 0x0, 0xf, 0xff, 0xfd, 0x0, 0x0,
    0x0, 0x0, 0x0, 0xb, 0xff, 0xfe, 0x0, 0x0,
    0x0, 0x0, 0x0, 0x7, 0xff, 0xff, 0x0, 0x0,
    0x0, 0x0, 0x0, 0x3, 0xff, 0xff, 0x0, 0x0,
    0x0, 0x0, 0x0, 0x3, 0xff, 0xff, 0x40, 0x0,
    0x0, 0x0, 0x0, 0x2, 0xff, 0xff, 0x80, 0x0,
    0x0, 0x0, 0x0, 0x1, 0xff, 0xff, 0xc0, 0x0,
    0x0, 0x0, 0x0, 0x0, 0xff, 0xff, 0xd0, 0x0,
    0x0, 0x0, 0x0, 0x0, 0xbf, 0xff, 0xe0, 0x0,
    0x0, 0x0, 0x0, 0x0, 0x7f, 0xff, 0xf0, 0x0,
    0x0, 0x0, 0x0, 0x0, 0x3f, 0xff, 0xf0, 0x0,
    0x0, 0x0, 0x0, 0x0, 0x3f, 0xff, 0xf4, 0x0,
    0x0, 0x0, 0x0, 0x0, 0x2f, 0xff, 0xf8, 0x0,
    0x0, 0x0, 0x0, 0x0, 0x1f, 0xff, 0xfc, 0x0,
    0x0, 0x0, 0x0, 0x0, 0xf, 0xff, 0xfc, 0x0,
    0x0, 0x0, 0x0, 0x0, 0xf, 0xff, 0xfd, 0x0,
    0x0, 0x0, 0x0, 0x0, 0xb, 0xff, 0xfe, 0x0,
    0x0, 0x0, 0x0, 0x0, 0x7, 0xff, 0xff, 0x0,
    0x0, 0x0, 0x0, 0x0, 0x3, 0xff, 0xff, 0x0,
    0x0, 0x0, 0x0, 0x0, 0x3, 0xff, 0xff, 0x80,
    0x0, 0x0, 0x0, 0x0, 0x2, 0xff, 0xff, 0xc0,
    0x0, 0x0, 0x0, 0x0, 0x0, 0xff, 0xff, 0xc0,
    0x0, 0x0, 0x0, 0x0, 0x0, 0xff, 0xff, 0xd0,
    0x0, 0x0, 0x0, 0x0, 0x0, 0xbf, 0xff, 0xe0,
    0x0, 0x0, 0x0, 0x0, 0x0, 0x7f, 0xff, 0xf0,
    0x0, 0x0, 0x0, 0x0, 0x0, 0x3f, 0xff, 0xf0,
    0x0, 0x0, 0x0, 0x0, 0x0, 0x3f, 0xff, 0xf4,
    0x0, 0x0, 0x0, 0x0, 0x0, 0x2f, 0xff, 0xf8,
    0x0, 0x0, 0x0, 0x0, 0x0, 0x1f, 0xff, 0xfc,
    0x0, 0x0, 0x0, 0x0, 0x0, 0xf, 0xff, 0xfc,
    0x0, 0x0, 0x0, 0x0, 0x0, 0xf, 0xff, 0xfd,
    0x0, 0x0, 0x0, 0x0, 0x0, 0xb, 0xff, 0xfe,
    0x0, 0x0, 0x0, 0x0, 0x0, 0x2, 0xaa, 0xa9,

    /* U+005D "]" */
    0x7f, 0xff, 0xff, 0xff, 0xff, 0xf9, 0xff, 0xff,
    0xff, 0xff, 0xff, 0xe7, 0xff, 0xff, 0xff, 0xff,
    0xff, 0x9f, 0xff, 0xff, 0xff, 0xff, 0xfe, 0x7f,
    0xff, 0xff, 0xff, 0xff, 0xf9, 0xaa, 0xaa, 0xab,
    0xff, 0xff, 0xe0, 0x0, 0x0, 0xf, 0xff, 0xff,
    0x80, 0x0, 0x0, 0x3f, 0xff, 0xfe, 0x0, 0x0,
    0x0, 0xff, 0xff, 0xf8, 0x0, 0x0, 0x3, 0xff,
    0xff, 0xe0, 0x0, 0x0, 0xf, 0xff, 0xff, 0x80,
    0x0, 0x0, 0x3f, 0xff, 0xfe, 0x0, 0x0, 0x0,
    0xff, 0xff, 0xf8, 0x0, 0x0, 0x3, 0xff, 0xff,
    0xe0, 0x0, 0x0, 0xf, 0xff, 0xff, 0x80, 0x0,
    0x0, 0x3f, 0xff, 0xfe, 0x0, 0x0, 0x0, 0xff,
    0xff, 0xf8, 0x0, 0x0, 0x3, 0xff, 0xff, 0xe0,
    0x0, 0x0, 0xf, 0xff, 0xff, 0x80, 0x0, 0x0,
    0x3f, 0xff, 0xfe, 0x0, 0x0, 0x0, 0xff, 0xff,
    0xf8, 0x0, 0x0, 0x3, 0xff, 0xff, 0xe0, 0x0,
    0x0, 0xf, 0xff, 0xff, 0x80, 0x0, 0x0, 0x3f,
    0xff, 0xfe, 0x0, 0x0, 0x0, 0xff, 0xff, 0xf8,
    0x0, 0x0, 0x3, 0xff, 0xff, 0xe0, 0x0, 0x0,
    0xf, 0xff, 0xff, 0x80, 0x0, 0x0, 0x3f, 0xff,
    0xfe, 0x0, 0x0, 0x0, 0xff, 0xff, 0xf8, 0x0,
    0x0, 0x3, 0xff, 0xff, 0xe0, 0x0, 0x0, 0xf,
    0xff, 0xff, 0x80, 0x0, 0x0, 0x3f, 0xff, 0xfe,
    0x0, 0x0, 0x0, 0xff, 0xff, 0xf8, 0x0, 0x0,
    0x3, 0xff, 0xff, 0xe0, 0x0, 0x0, 0xf, 0xff,
    0xff, 0x80, 0x0, 0x0, 0x3f, 0xff, 0xfe, 0x0,
    0x0, 0x0, 0xff, 0xff, 0xf8, 0x0, 0x0, 0x3,
    0xff, 0xff, 0xe0, 0x0, 0x0, 0xf, 0xff, 0xff,
    0x80, 0x0, 0x0, 0x3f, 0xff, 0xfe, 0x0, 0x0,
    0x0, 0xff, 0xff, 0xf8, 0x0, 0x0, 0x3, 0xff,
    0xff, 0xe0, 0x0, 0x0, 0xf, 0xff, 0xff, 0x80,
    0x0, 0x0, 0x3f, 0xff, 0xfe, 0x0, 0x0, 0x0,
    0xff, 0xff, 0xf8, 0x0, 0x0, 0x3, 0xff, 0xff,
    0xe0, 0x0, 0x0, 0xf, 0xff, 0xff, 0x80, 0x0,
    0x0, 0x3f, 0xff, 0xfe, 0x0, 0x0, 0x0, 0xff,
    0xff, 0xf8, 0x0, 0x0, 0x3, 0xff, 0xff, 0xe0,
    0x0, 0x0, 0xf, 0xff, 0xff, 0x80, 0x0, 0x0,
    0x3f, 0xff, 0xfe, 0x0, 0x0, 0x0, 0xff, 0xff,
    0xf8, 0x0, 0x0, 0x3, 0xff, 0xff, 0xe0, 0x0,
    0x0, 0xf, 0xff, 0xff, 0x80, 0x0, 0x0, 0x3f,
    0xff, 0xfe, 0x0, 0x0, 0x0, 0xff, 0xff, 0xf8,
    0x0, 0x0, 0x3, 0xff, 0xff, 0xe0, 0x0, 0x0,
    0xf, 0xff, 0xff, 0x80, 0x0, 0x0, 0x3f, 0xff,
    0xfe, 0x0, 0x0, 0x0, 0xff, 0xff, 0xf8, 0x0,
    0x0, 0x3, 0xff, 0xff, 0xe0, 0x0, 0x0, 0xf,
    0xff, 0xff, 0x80, 0x0, 0x0, 0x3f, 0xff, 0xfe,
    0x0, 0x0, 0x0, 0xff, 0xff, 0xf8, 0x0, 0x0,
    0x3, 0xff, 0xff, 0xe0, 0x0, 0x0, 0xf, 0xff,
    0xff, 0x80, 0x0, 0x0, 0x3f, 0xff, 0xfe, 0x0,
    0x0, 0x0, 0xff, 0xff, 0xf8, 0x0, 0x0, 0x3,
    0xff, 0xff, 0xe0, 0x0, 0x0, 0xf, 0xff, 0xff,
    0x80, 0x0, 0x0, 0x3f, 0xff, 0xfe, 0x0, 0x0,
    0x0, 0xff, 0xff, 0xf8, 0x0, 0x0, 0x3, 0xff,
    0xff, 0xe0, 0x0, 0x0, 0xf, 0xff, 0xff, 0x80,
    0x0, 0x0, 0x3f, 0xff, 0xfe, 0x0, 0x0, 0x0,
    0xff, 0xff, 0xf8, 0x0, 0x0, 0x3, 0xff, 0xff,
    0xe0, 0x0, 0x0, 0xf, 0xff, 0xff, 0x80, 0x0,
    0x0, 0x3f, 0xff, 0xfe, 0x0, 0x0, 0x0, 0xff,
    0xff, 0xf8, 0x0, 0x0, 0x3, 0xff, 0xff, 0xe0,
    0x0, 0x0, 0xf, 0xff, 0xff, 0x80, 0x0, 0x0,
    0x3f, 0xff, 0xfe, 0x0, 0x0, 0x0, 0xff, 0xff,
    0xf8, 0x0, 0x0, 0x3, 0xff, 0xff, 0xe0, 0x0,
    0x0, 0xf, 0xff, 0xff, 0x80, 0x0, 0x0, 0x3f,
    0xff, 0xfe, 0x0, 0x0, 0x0, 0xff, 0xff, 0xf8,
    0x0, 0x0, 0x3, 0xff, 0xff, 0xe0, 0x0, 0x0,
    0xf, 0xff, 0xff, 0x80, 0x0, 0x0, 0x3f, 0xff,
    0xfe, 0x0, 0x0, 0x0, 0xff, 0xff, 0xf8, 0x0,
    0x0, 0x3, 0xff, 0xff, 0xe2, 0xaa, 0xaa, 0xaf,
    0xff, 0xff, 0x9f, 0xff, 0xff, 0xff, 0xff, 0xfe,
    0x7f, 0xff, 0xff, 0xff, 0xff, 0xf9, 0xff, 0xff,
    0xff, 0xff, 0xff, 0xe7, 0xff, 0xff, 0xff, 0xff,
    0xff, 0x9f, 0xff, 0xff, 0xff, 0xff, 0xfe,

    /* U+005E "^" */
    0x0, 0x0, 0x0, 0xa, 0xaa, 0xaa, 0x40, 0x0,
    0x0, 0x0, 0x0, 0x0, 0x2, 0xff, 0xff, 0xfc,
    0x0, 0x0, 0x0, 0x0, 0x0, 0x0, 0x3f, 0xff,
    0xff, 0xd0, 0x0, 0x0, 0x0, 0x0, 0x0, 0x7,
    0xff, 0xff, 0xff, 0x0, 0x0, 0x0, 0x0, 0x0,
    0x0, 0xff, 0xff, 0xff, 0xf0, 0x0, 0x0, 0x0,
    0x0, 0x0, 0x1f, 0xff, 0xff, 0xff, 0x80, 0x0,
    0x0, 0x0, 0x0, 0x2, 0xff, 0xff, 0xff, 0xfc,
    0x0, 0x0, 0x0, 0x0, 0x0, 0x3f, 0xff, 0xff,
    0xff, 0xd0, 0x0, 0x0, 0x0, 0x0, 0xb, 0xff,
    0xff, 0xff, 0xff, 0x0, 0x0, 0x0, 0x0, 0x0,
    0xff, 0xff, 0xdf, 0xff, 0xf4, 0x0, 0x0, 0x0,
    0x0, 0x1f, 0xff, 0xf8, 0xff, 0xff, 0x80, 0x0,
    0x0, 0x0, 0x2, 0xff, 0xff, 0xf, 0xff, 0xfc,
    0x0, 0x0, 0x0, 0x0, 0x3f, 0xff, 0xf0, 0x7f,
    0xff, 0xe0, 0x0, 0x0, 0x0, 0xb, 0xff, 0xfd,
    0x3, 0xff, 0xff, 0x0, 0x0, 0x0, 0x0, 0xff,
    0xff, 0xc0, 0x2f, 0xff, 0xf4, 0x0, 0x0, 0x0,
    0x1f, 0xff, 0xf8, 0x1, 0xff, 0xff, 0xc0, 0x0,
    0x0, 0x3, 0xff, 0xff, 0x40, 0xf, 0xff, 0xfc,
    0x0, 0x0, 0x0, 0x3f, 0xff, 0xf0, 0x0, 0xbf,
    0xff, 0xe0, 0x0, 0x0, 0xb, 0xff, 0xfe, 0x0,
    0x7, 0xff, 0xff, 0x0, 0x0, 0x0, 0xff, 0xff,
    0xd0, 0x0, 0x3f, 0xff, 0xf4, 0x0, 0x0, 0x1f,
    0xff, 0xfc, 0x0, 0x2, 0xff, 0xff, 0xc0, 0x0,
    0x3, 0xff, 0xff, 0x80, 0x0, 0xf, 0xff, 0xfd,
    0x0, 0x0, 0x7f, 0xff, 0xf0, 0x0, 0x0, 0xff,
    0xff, 0xe0, 0x0, 0xb, 0xff, 0xff, 0x0, 0x0,
    0xb, 0xff, 0xff, 0x0, 0x0, 0xff, 0xff, 0xe0,
    0x0, 0x0, 0x3f, 0xff, 0xf4, 0x0, 0x2f, 0xff,
    0xfc, 0x0, 0x0, 0x3, 0xff, 0xff, 0xc0, 0x3,
    0xff, 0xff, 0xc0, 0x0, 0x0, 0x1f, 0xff, 0xfd,
    0x0, 0x7f, 0xff, 0xf4, 0x0, 0x0, 0x0, 0xff,
    0xff, 0xe0, 0xb, 0xff, 0xff, 0x0, 0x0, 0x0,
    0xf, 0xff, 0xff, 0x0, 0xff, 0xff, 0xe0, 0x0,
    0x0, 0x0, 0x7f, 0xff, 0xf8, 0x2f, 0xff, 0xfd,
    0x0, 0x0, 0x0, 0x3, 0xff, 0xff, 0xc3, 0xff,
    0xff, 0xc0, 0x0, 0x0, 0x0, 0x2f, 0xff, 0xfd,
    0x7f, 0xff, 0xf8, 0x0, 0x0, 0x0, 0x1, 0xff,
    0xff, 0xf0,

    /* U+005F "_" */
    0x0, 0x0, 0x0, 0x0, 0x0, 0x0, 0x0, 0x0,
    0x3, 0xff, 0xff, 0xff, 0xff, 0xff, 0xff, 0xff,
    0xff, 0xdf, 0xff, 0xff, 0xff, 0xff, 0xff, 0xff,
    0xff, 0xff, 0x7f, 0xff, 0xff, 0xff, 0xff, 0xff,
    0xff, 0xff, 0xfd, 0xff, 0xff, 0xff, 0xff, 0xff,
    0xff, 0xff, 0xff, 0xf7, 0xff, 0xff, 0xff, 0xff,
    0xff, 0xff, 0xff, 0xff, 0xdf, 0xff, 0xff, 0xff,
    0xff, 0xff, 0xff, 0xff, 0xff, 0x7f, 0xff, 0xff,
    0xff, 0xff, 0xff, 0xff, 0xff, 0xfd, 0xff, 0xff,
    0xff, 0xff, 0xff, 0xff, 0xff, 0xff, 0xf4,

    /* U+0060 "`" */
    0x3f, 0xff, 0xfe, 0x0, 0x1, 0xff, 0xff, 0xf0,
    0x0, 0xf, 0xff, 0xff, 0x0, 0x0, 0x7f, 0xff,
    0xf4, 0x0, 0x3, 0xff, 0xff, 0x80, 0x0, 0x1f,
    0xff, 0xfc, 0x0, 0x0, 0xbf, 0xff, 0xd0, 0x0,
    0x3, 0xff, 0xfe, 0x0, 0x0, 0x2f, 0xff, 0xf0,
    0x0, 0x0, 0xff, 0xff, 0x0, 0x0, 0xb, 0xff,
    0xf4, 0x0, 0x0, 0x3f, 0xff, 0x80, 0x0, 0x1,
    0xff, 0xfc, 0x0, 0x0, 0xf, 0xff, 0xc0, 0x0,
    0x0, 0x7f, 0xfe, 0x0, 0x0, 0x3, 0xff, 0xf0,
    0x0, 0x0, 0xf, 0xff, 0x0, 0x0, 0x0, 0xbf,
    0xf4, 0x0, 0x0, 0x3, 0xff, 0x80, 0x0, 0x0,
    0x2f, 0xfc,

    /* U+0061 "a" */
    0x0, 0x0, 0x0, 0x6f, 0xff, 0xf9, 0x0, 0x0,
    0x0, 0x0, 0x0, 0x7f, 0xff, 0xff, 0xff, 0xd0,
    0x0, 0x0, 0x0, 0x1f, 0xff, 0xff, 0xff, 0xff,
    0xf0, 0x0, 0x0, 0x2, 0xff, 0xff, 0xff, 0xff,
    0xff, 0xf4, 0x0, 0x0, 0x2f, 0xff, 0xff, 0xff,
    0xff, 0xff, 0xf0, 0x0, 0x1, 0xff, 0xff, 0xff,
    0xff, 0xff, 0xff, 0xf0, 0x0, 0xf, 0xff, 0xff,
    0xff, 0xff, 0xff, 0xff, 0xe0, 0x0, 0xff, 0xff,
    0xff, 0xff, 0xff, 0xff, 0xff, 0xc0, 0x3, 0xff,
    0xff, 0xf9, 0x1, 0xbf, 0xff, 0xff, 0x40, 0x2f,
    0xff, 0xff, 0x40, 0x0, 0xbf, 0xff, 0xff, 0x0,
    0xff, 0xff, 0xf8, 0x0, 0x0, 0xff, 0xff, 0xfc,
    0x7, 0xff, 0xff, 0xc0, 0x0, 0x1, 0xff, 0xff,
    0xf4, 0x1f, 0xff, 0xff, 0x0, 0x0, 0x3, 0xff,
    0xff, 0xe0, 0xbf, 0xff, 0xf8, 0x0, 0x0, 0xf,
    0xff, 0xff, 0x83, 0xff, 0xff, 0xd0, 0x0, 0x0,
    0x3f, 0xff, 0xff, 0xf, 0xff, 0xff, 0x40, 0x0,
    0x0, 0xff, 0xff, 0xfc, 0x3f, 0xff, 0xfd, 0x0,
    0x0, 0x2, 0xff, 0xff, 0xf0, 0xff, 0xff, 0xf4,
    0x0, 0x0, 0xb, 0xff, 0xff, 0xc3, 0xff, 0xff,
    0xd0, 0x0, 0x0, 0x2f, 0xff, 0xff, 0x0, 0x0,
    0x0, 0x0, 0x0, 0x0, 0xbf, 0xff, 0xfc, 0x0,
    0x0, 0x0, 0x0, 0x0, 0x2, 0xff, 0xff, 0xf0,
    0x0, 0x0, 0x0, 0x0, 0x0, 0xb, 0xff, 0xff,
    0xc0, 0x0, 0x0, 0x0, 0x0, 0x0, 0x3f, 0xff,
    0xff, 0x0, 0x0, 0x0, 0x0, 0x0, 0xb, 0xff,
    0xff, 0xfc, 0x0, 0x0, 0x0, 0x0, 0x6, 0xff,
    0xff, 0xff, 0xf0, 0x0, 0x0, 0x0, 0x1, 0xff,
    0xff, 0xff, 0xff, 0xc0, 0x0, 0x0, 0x0, 0xbf,
    0xff, 0xff, 0xff, 0xff, 0x0, 0x0, 0x0, 0x2f,
    0xff, 0xff, 0xff, 0xff, 0xfc, 0x0, 0x0, 0x7,
    0xff, 0xff, 0xff, 0xff, 0xff, 0xf0, 0x0, 0x0,
    0xbf, 0xff, 0xff, 0xff, 0xff, 0xff, 0xc0, 0x0,
    0x1f, 0xff, 0xff, 0xfd, 0x2f, 0xff, 0xff, 0x0,
    0x1, 0xff, 0xff, 0xff, 0x80, 0xbf, 0xff, 0xfc,
    0x0, 0x1f, 0xff, 0xff, 0xf0, 0x2, 0xff, 0xff,
    0xf0, 0x1, 0xff, 0xff, 0xfe, 0x0, 0xb, 0xff,
    0xff, 0xc0, 0xf, 0xff, 0xff, 0xd0, 0x0, 0x2f,
    0xff, 0xff, 0x0, 0xbf, 0xff, 0xfd, 0x0, 0x0,
    0xbf, 0xff, 0xfc, 0x7, 0xff, 0xff, 0xe0, 0x0,
    0x2, 0xff, 0xff, 0xf0, 0x3f, 0xff, 0xff, 0x0,
    0x0, 0xb, 0xff, 0xff, 0xc0, 0xff, 0xff, 0xf0,
    0x0, 0x0, 0x2f, 0xff, 0xff, 0xb, 0xff, 0xff,
    0xc0, 0x0, 0x0, 0xbf, 0xff, 0xfc, 0x3f, 0xff,
    0xfe, 0x0, 0x0, 0x2, 0xff, 0xff, 0xf0, 0xff,
    0xff, 0xf4, 0x0, 0x0, 0xb, 0xff, 0xff, 0xc3,
    0xff, 0xff, 0xc0, 0x0, 0x0, 0x2f, 0xff, 0xff,
    0x1f, 0xff, 0xff, 0x0, 0x0, 0x0, 0xbf, 0xff,
    0xfc, 0x7f, 0xff, 0xfd, 0x0, 0x0, 0x2, 0xff,
    0xff, 0xf1, 0xff, 0xff, 0xf4, 0x0, 0x0, 0xb,
    0xff, 0xff, 0xc7, 0xff, 0xff, 0xe0, 0x0, 0x0,
    0x3f, 0xff, 0xff, 0x1f, 0xff, 0xff, 0xc0, 0x0,
    0x3, 0xff, 0xff, 0xfc, 0x7f, 0xff, 0xff, 0x40,
    0x0, 0x3f, 0xff, 0xff, 0xf0, 0xff, 0xff, 0xff,
    0x0, 0x7, 0xff, 0xff, 0xff, 0xc3, 0xff, 0xff,
    0xff, 0x95, 0xff, 0xff, 0xff, 0xff, 0xb, 0xff,
    0xff, 0xff, 0xff, 0xff, 0xbf, 0xff, 0xfc, 0xf,
    0xff, 0xff, 0xff, 0xff, 0xfc, 0xff, 0xff, 0xf4,
    0x2f, 0xff, 0xff, 0xff, 0xff, 0xe3, 0xff, 0xff,
    0xd0, 0x3f, 0xff, 0xff, 0xff, 0xff, 0xb, 0xff,
    0xff, 0x40, 0x7f, 0xff, 0xff, 0xff, 0xf4, 0x1f,
    0xff, 0xfe, 0x0, 0xbf, 0xff, 0xff, 0xff, 0x40,
    0x7f, 0xff, 0xf8, 0x0, 0xbf, 0xff, 0xff, 0xf4,
    0x0, 0xff, 0xff, 0xf0, 0x0, 0x7f, 0xff, 0xff,
    0x0, 0x3, 0xff, 0xff, 0xc0, 0x0, 0x1b, 0xff,
    0x90, 0x0, 0x0, 0x0, 0x0,

    /* U+0062 "b" */
    0x7f, 0xff, 0xfd, 0x0, 0x0, 0x0, 0x0, 0x0,
    0x0, 0x7f, 0xff, 0xfd, 0x0, 0x0, 0x0, 0x0,
    0x0, 0x0, 0x7f, 0xff, 0xfd, 0x0, 0x0, 0x0,
    0x0, 0x0, 0x0, 0x7f, 0xff, 0xfd, 0x0, 0x0,
    0x0, 0x0, 0x0, 0x0, 0x7f, 0xff, 0xfd, 0x0,
    0x0, 0x0, 0x0, 0x0, 0x0, 0x7f, 0xff, 0xfd,
    0x0, 0x0, 0x0, 0x0, 0x0, 0x0, 0x7f, 0xff,
    0xfd, 0x0, 0x0, 0x0, 0x0, 0x0, 0x0, 0x7f,
    0xff, 0xfd, 0x0, 0x0, 0x0, 0x0, 0x0, 0x0,
    0x7f, 0xff, 0xfd, 0x0, 0x0, 0x0, 0x0, 0x0,
    0x0, 0x7f, 0xff, 0xfd, 0x0, 0x0, 0x0, 0x0,
    0x0, 0x0, 0x7f, 0xff, 0xfd, 0x0, 0x0, 0x0,
    0x0, 0x0, 0x0, 0x7f, 0xff, 0xfd, 0x0, 0x0,
    0x0, 0x0, 0x0, 0x0, 0x7f, 0xff, 0xfd, 0x0,
    0x0, 0x0, 0x0, 0x0, 0x0, 0x7f, 0xff, 0xfd,
    0x0, 0x0, 0x0, 0x0, 0x0, 0x0, 0x7f, 0xff,
    0xfd, 0x0, 0x0, 0x0, 0x0, 0x0, 0x0, 0x7f,
    0xff, 0xfd, 0x0, 0x0, 0x0, 0x0, 0x0, 0x0,
    0x7f, 0xff, 0xfd, 0x0, 0x0, 0x0, 0x0, 0x0,
    0x0, 0x7f, 0xff, 0xfd, 0x0, 0x0, 0x0, 0x0,
    0x0, 0x0, 0x7f, 0xff, 0xfd, 0x0, 0x0, 0x0,
    0x0, 0x0, 0x0, 0x7f, 0xff, 0xfd, 0x0, 0x0,
    0x0, 0x0, 0x0, 0x0, 0x7f, 0xff, 0xfd, 0x0,
    0x0, 0x0, 0x0, 0x0, 0x0, 0x7f, 0xff, 0xfd,
    0x0, 0x0, 0x0, 0x0, 0x0, 0x0, 0x7f, 0xff,
    0xfd, 0x0, 0x0, 0x55, 0x40, 0x0, 0x0, 0x7f,
    0xff, 0xfd, 0x0, 0x2f, 0xff, 0xfd, 0x0, 0x0,
    0x7f, 0xff, 0xfd, 0x2, 0xff, 0xff, 0xff, 0x80,
    0x0, 0x7f, 0xff, 0xfd, 0xf, 0xff, 0xff, 0xff,
    0xf0, 0x0, 0x7f, 0xff, 0xfd, 0x7f, 0xff, 0xff,
    0xff, 0xfc, 0x0, 0x7f, 0xff, 0xfe, 0xff, 0xff,
    0xff, 0xff, 0xfe, 0x0, 0x7f, 0xff, 0xff, 0xff,
    0xff, 0xff, 0xff, 0xff, 0x0, 0x7f, 0xff, 0xff,
    0xff, 0xff, 0xff, 0xff, 0xff, 0x80, 0x7f, 0xff,
    0xff, 0xff, 0xff, 0xff, 0xff, 0xff, 0xc0, 0x7f,
    0xff, 0xff, 0xfe, 0x0, 0x7f, 0xff, 0xff, 0xe0,
    0x7f, 0xff, 0xff, 0xd0, 0x0, 0xb, 0xff, 0xff,
    0xf0, 0x7f, 0xff, 0xff, 0x0, 0x0, 0x3, 0xff,
    0xff, 0xf0, 0x7f, 0xff, 0xfd, 0x0, 0x0, 0x2,
    0xff, 0xff, 0xf4, 0x7f, 0xff, 0xfd, 0x0, 0x0,
    0x0, 0xff, 0xff, 0xf8, 0x7f, 0xff, 0xfd, 0x0,
    0x0, 0x0, 0xff, 0xff, 0xfc, 0x7f, 0xff, 0xfd,
    0x0, 0x0, 0x0, 0xbf, 0xff, 0xfc, 0x7f, 0xff,
    0xfd, 0x0, 0x0, 0x0, 0xbf, 0xff, 0xfc, 0x7f,
    0xff, 0xfd, 0x0, 0x0, 0x0, 0xbf, 0xff, 0xfc,
    0x7f, 0xff, 0xfd, 0x0, 0x0, 0x0, 0x7f, 0xff,
    0xfc, 0x7f, 0xff, 0xfd, 0x0, 0x0, 0x0, 0x7f,
    0xff, 0xfd, 0x7f, 0xff, 0xfd, 0x0, 0x0, 0x0,
    0x7f, 0xff, 0xfd, 0x7f, 0xff, 0xfd, 0x0, 0x0,
    0x0, 0x7f, 0xff, 0xfd, 0x7f, 0xff, 0xfd, 0x0,
    0x0, 0x0, 0x7f, 0xff, 0xfd, 0x7f, 0xff, 0xfd,
    0x0, 0x0, 0x0, 0x7f, 0xff, 0xfd, 0x7f, 0xff,
    0xfd, 0x0, 0x0, 0x0, 0x7f, 0xff, 0xfd, 0x7f,
    0xff, 0xfd, 0x0, 0x0, 0x0, 0x7f, 0xff, 0xfd,
    0x7f, 0xff, 0xfd, 0x0, 0x0, 0x0, 0x7f, 0xff,
    0xfd, 0x7f, 0xff, 0xfd, 0x0, 0x0, 0x0, 0x7f,
    0xff, 0xfd, 0x7f, 0xff, 0xfd, 0x0, 0x0, 0x0,
    0x7f, 0xff, 0xfd, 0x7f, 0xff, 0xfd, 0x0, 0x0,
    0x0, 0x7f, 0xff, 0xfd, 0x7f, 0xff, 0xfd, 0x0,
    0x0, 0x0, 0x7f, 0xff, 0xfd, 0x7f, 0xff, 0xfd,
    0x0, 0x0, 0x0, 0x7f, 0xff, 0xfd, 0x7f, 0xff,
    0xfd, 0x0, 0x0, 0x0, 0x7f, 0xff, 0xfd, 0x7f,
    0xff, 0xfd, 0x0, 0x0, 0x0, 0x7f, 0xff, 0xfd,
    0x7f, 0xff, 0xfd, 0x0, 0x0, 0x0, 0x7f, 0xff,
    0xfd, 0x7f, 0xff, 0xfd, 0x0, 0x0, 0x0, 0x7f,
    0xff, 0xfd, 0x7f, 0xff, 0xfd, 0x0, 0x0, 0x0,
    0x7f, 0xff, 0xfd, 0x7f, 0xff, 0xfd, 0x0, 0x0,
    0x0, 0x7f, 0xff, 0xfd, 0x7f, 0xff, 0xfd, 0x0,
    0x0, 0x0, 0x7f, 0xff, 0xfd, 0x7f, 0xff, 0xfd,
    0x0, 0x0, 0x0, 0x7f, 0xff, 0xfd, 0x7f, 0xff,
    0xfd, 0x0, 0x0, 0x0, 0x7f, 0xff, 0xfd, 0x7f,
    0xff, 0xfd, 0x0, 0x0, 0x0, 0x7f, 0xff, 0xfc,
    0x7f, 0xff, 0xfd, 0x0, 0x0, 0x0, 0x7f, 0xff,
    0xfc, 0x7f, 0xff, 0xfd, 0x0, 0x0, 0x0, 0xbf,
    0xff, 0xfc, 0x7f, 0xff, 0xfd, 0x0, 0x0, 0x0,
    0xbf, 0xff, 0xfc, 0x7f, 0xff, 0xfd, 0x0, 0x0,
    0x0, 0xbf, 0xff, 0xf8, 0x7f, 0xff, 0xfd, 0x0,
    0x0, 0x0, 0xff, 0xff, 0xf8, 0x7f, 0xff, 0xfd,
    0x0, 0x0, 0x0, 0xff, 0xff, 0xf4, 0x7f, 0xff,
    0xfd, 0x0, 0x0, 0x1, 0xff, 0xff, 0xf0, 0x7f,
    0xff, 0xfe, 0x0, 0x0, 0x3, 0xff, 0xff, 0xf0,
    0x7f, 0xff, 0xff, 0xd0, 0x0, 0xb, 0xff, 0xff,
    0xe0, 0x7f, 0xff, 0xff, 0xfd, 0x0, 0x2f, 0xff,
    0xff, 0xc0, 0x7f, 0xff, 0xff, 0xff, 0xff, 0xff,
    0xff, 0xff, 0xc0, 0x7f, 0xff, 0xff, 0xff, 0xff,
    0xff, 0xff, 0xff, 0x40, 0x7f, 0xff, 0xff, 0xff,
    0xff, 0xff, 0xff, 0xff, 0x0, 0x7f, 0xff, 0xff,
    0xff, 0xff, 0xff, 0xff, 0xfc, 0x0, 0x7f, 0xff,
    0xfd, 0xbf, 0xff, 0xff, 0xff, 0xf4, 0x0, 0x7f,
    0xff, 0xfd, 0x1f, 0xff, 0xff, 0xff, 0xd0, 0x0,
    0x7f, 0xff, 0xfd, 0x3, 0xff, 0xff, 0xff, 0x40,
    0x0, 0x2a, 0xaa, 0xa8, 0x0, 0x7f, 0xff, 0xf4,
    0x0, 0x0, 0x0, 0x0, 0x0, 0x0, 0x1, 0x55,
    0x0, 0x0, 0x0,

    /* U+0063 "c" */
    0x0, 0x0, 0x1, 0xaf, 0xff, 0xe5, 0x0, 0x0,
    0x0, 0x0, 0x1f, 0xff, 0xff, 0xff, 0xf8, 0x0,
    0x0, 0x0, 0x3f, 0xff, 0xff, 0xff, 0xff, 0xe0,
    0x0, 0x0, 0x7f, 0xff, 0xff, 0xff, 0xff, 0xfe,
    0x0, 0x0, 0x7f, 0xff, 0xff, 0xff, 0xff, 0xff,
    0xe0, 0x0, 0x3f, 0xff, 0xff, 0xff, 0xff, 0xff,
    0xfd, 0x0, 0x2f, 0xff, 0xff, 0xff, 0xff, 0xff,
    0xff, 0xc0, 0xf, 0xff, 0xff, 0xff, 0xff, 0xff,
    0xff, 0xf4, 0xb, 0xff, 0xff, 0xf4, 0x1, 0xbf,
    0xff, 0xff, 0x3, 0xff, 0xff, 0xf0, 0x0, 0xb,
    0xff, 0xff, 0xc1, 0xff, 0xff, 0xf4, 0x0, 0x0,
    0xff, 0xff, 0xf4, 0xbf, 0xff, 0xfc, 0x0, 0x0,
    0x1f, 0xff, 0xfd, 0x3f, 0xff, 0xfe, 0x0, 0x0,
    0x3, 0xff, 0xff, 0x8f, 0xff, 0xff, 0x40, 0x0,
    0x0, 0xff, 0xff, 0xe3, 0xff, 0xff, 0xd0, 0x0,
    0x0, 0x3f, 0xff, 0xfd, 0xff, 0xff, 0xf0, 0x0,
    0x0, 0xf, 0xff, 0xff, 0x7f, 0xff, 0xfc, 0x0,
    0x0, 0x2, 0xff, 0xff, 0xdf, 0xff, 0xff, 0x0,
    0x0, 0x0, 0xbf, 0xff, 0xfb, 0xff, 0xff, 0xc0,
    0x0, 0x0, 0x2f, 0xff, 0xfe, 0xff, 0xff, 0xf0,
    0x0, 0x0, 0xb, 0xff, 0xff, 0xbf, 0xff, 0xfc,
    0x0, 0x0, 0x2, 0xff, 0xff, 0xef, 0xff, 0xff,
    0x0, 0x0, 0x0, 0xbf, 0xff, 0xfb, 0xff, 0xff,
    0xc0, 0x0, 0x0, 0x0, 0x0, 0x2, 0xff, 0xff,
    0xf0, 0x0, 0x0, 0x0, 0x0, 0x0, 0xbf, 0xff,
    0xfc, 0x0, 0x0, 0x0, 0x0, 0x0, 0x2f, 0xff,
    0xff, 0x0, 0x0, 0x0, 0x0, 0x0, 0xb, 0xff,
    0xff, 0xc0, 0x0, 0x0, 0x0, 0x0, 0x2, 0xff,
    0xff, 0xf0, 0x0, 0x0, 0x0, 0x0, 0x0, 0xbf,
    0xff, 0xfc, 0x0, 0x0, 0x0, 0x0, 0x0, 0x2f,
    0xff, 0xff, 0x0, 0x0, 0x0, 0x0, 0x0, 0xb,
    0xff, 0xff, 0xc0, 0x0, 0x0, 0x0, 0x0, 0x2,
    0xff, 0xff, 0xf0, 0x0, 0x0, 0x0, 0x0, 0x0,
    0xbf, 0xff, 0xfc, 0x0, 0x0, 0x0, 0x0, 0x0,
    0x2f, 0xff, 0xff, 0x0, 0x0, 0x0, 0x0, 0x0,
    0xb, 0xff, 0xff, 0xc0, 0x0, 0x0, 0x0, 0x0,
    0x2, 0xff, 0xff, 0xf0, 0x0, 0x0, 0x0, 0x0,
    0x0, 0xbf, 0xff, 0xfc, 0x0, 0x0, 0x0, 0x0,
    0x0, 0x2f, 0xff, 0xff, 0x0, 0x0, 0x0, 0xbf,
    0xff, 0xfb, 0xff, 0xff, 0xc0, 0x0, 0x0, 0x2f,
    0xff, 0xfe, 0xff, 0xff, 0xf0, 0x0, 0x0, 0xb,
    0xff, 0xff, 0xbf, 0xff, 0xfc, 0x0, 0x0, 0x2,
    0xff, 0xff, 0xef, 0xff, 0xff, 0x0, 0x0, 0x0,
    0xbf, 0xff, 0xf7, 0xff, 0xff, 0xc0, 0x0, 0x0,
    0x2f, 0xff, 0xfd, 0xff, 0xff, 0xf0, 0x0, 0x0,
    0xb, 0xff, 0xff, 0x7f, 0xff, 0xfc, 0x0, 0x0,
    0x3, 0xff, 0xff, 0xcf, 0xff, 0xff, 0x40, 0x0,
    0x0, 0xff, 0xff, 0xf3, 0xff, 0xff, 0xd0, 0x0,
    0x0, 0x3f, 0xff, 0xf8, 0xff, 0xff, 0xf8, 0x0,
    0x0, 0xf, 0xff, 0xfe, 0x2f, 0xff, 0xff, 0x0,
    0x0, 0x7, 0xff, 0xff, 0x47, 0xff, 0xff, 0xd0,
    0x0, 0x3, 0xff, 0xff, 0xc0, 0xff, 0xff, 0xfc,
    0x0, 0x1, 0xff, 0xff, 0xf0, 0x2f, 0xff, 0xff,
    0xe0, 0x2, 0xff, 0xff, 0xf8, 0x3, 0xff, 0xff,
    0xff, 0xff, 0xff, 0xff, 0xfc, 0x0, 0xbf, 0xff,
    0xff, 0xff, 0xff, 0xff, 0xfe, 0x0, 0xf, 0xff,
    0xff, 0xff, 0xff, 0xff, 0xff, 0x0, 0x1, 0xff,
    0xff, 0xff, 0xff, 0xff, 0xff, 0x40, 0x0, 0x1f,
    0xff, 0xff, 0xff, 0xff, 0xff, 0x40, 0x0, 0x0,
    0xff, 0xff, 0xff, 0xff, 0xff, 0x40, 0x0, 0x0,
    0x7, 0xff, 0xff, 0xff, 0xfe, 0x0, 0x0, 0x0,
    0x0, 0x6, 0xff, 0xff, 0x90, 0x0, 0x0,

    /* U+0064 "d" */
    0x0, 0x0, 0x0, 0x0, 0x0, 0x0, 0xff, 0xff,
    0xfc, 0x0, 0x0, 0x0, 0x0, 0x0, 0x3, 0xff,
    0xff, 0xf0, 0x0, 0x0, 0x0, 0x0, 0x0, 0xf,
    0xff, 0xff, 0xc0, 0x0, 0x0, 0x0, 0x0, 0x0,
    0x3f, 0xff, 0xff, 0x0, 0x0, 0x0, 0x0, 0x0,
    0x0, 0xff, 0xff, 0xfc, 0x0, 0x0, 0x0, 0x0,
    0x0, 0x3, 0xff, 0xff, 0xf0, 0x0, 0x0, 0x0,
    0x0, 0x0, 0xf, 0xff, 0xff, 0xc0, 0x0, 0x0,
    0x0, 0x0, 0x0, 0x3f, 0xff, 0xff, 0x0, 0x0,
    0x0, 0x0, 0x0, 0x0, 0xff, 0xff, 0xfc, 0x0,
    0x0, 0x0, 0x0, 0x0, 0x3, 0xff, 0xff, 0xf0,
    0x0, 0x0, 0x0, 0x0, 0x0, 0xf, 0xff, 0xff,
    0xc0, 0x0, 0x0, 0x0, 0x0, 0x0, 0x3f, 0xff,
    0xff, 0x0, 0x0, 0x0, 0x0, 0x0, 0x0, 0xff,
    0xff, 0xfc, 0x0, 0x0, 0x0, 0x0, 0x0, 0x3,
    0xff, 0xff, 0xf0, 0x0, 0x0, 0x0, 0x0, 0x0,
    0xf, 0xff, 0xff, 0xc0, 0x0, 0x0, 0x0, 0x0,
    0x0, 0x3f, 0xff, 0xff, 0x0, 0x0, 0x0, 0x0,
    0x0, 0x0, 0xff, 0xff, 0xfc, 0x0, 0x0, 0x0,
    0x0, 0x0, 0x3, 0xff, 0xff, 0xf0, 0x0, 0x0,
    0x0, 0x0, 0x0, 0xf, 0xff, 0xff, 0xc0, 0x0,
    0x0, 0x0, 0x0, 0x0, 0x3f, 0xff, 0xff, 0x0,
    0x0, 0x0, 0x0, 0x0, 0x0, 0xff, 0xff, 0xfc,
    0x0, 0x0, 0x0, 0x0, 0x0, 0x3, 0xff, 0xff,
    0xf0, 0x0, 0x0, 0x5, 0x54, 0x0, 0xf, 0xff,
    0xff, 0xc0, 0x0, 0xb, 0xff, 0xfe, 0x40, 0x3f,
    0xff, 0xff, 0x0, 0x2, 0xff, 0xff, 0xff, 0x80,
    0xff, 0xff, 0xfc, 0x0, 0x3f, 0xff, 0xff, 0xff,
    0xd3, 0xff, 0xff, 0xf0, 0x3, 0xff, 0xff, 0xff,
    0xff, 0xdf, 0xff, 0xff, 0xc0, 0x2f, 0xff, 0xff,
    0xff, 0xff, 0xff, 0xff, 0xff, 0x1, 0xff, 0xff,
    0xff, 0xff, 0xff, 0xff, 0xff, 0xfc, 0xf, 0xff,
    0xff, 0xff, 0xff, 0xff, 0xff, 0xff, 0xf0, 0x3f,
    0xff, 0xff, 0xff, 0xff, 0xff, 0xff, 0xff, 0xc2,
    0xff, 0xff, 0xfe, 0x40, 0x6f, 0xff, 0xff, 0xff,
    0xf, 0xff, 0xff, 0xe0, 0x0, 0xb, 0xff, 0xff,
    0xfc, 0x3f, 0xff, 0xff, 0x0, 0x0, 0x3, 0xff,
    0xff, 0xf1, 0xff, 0xff, 0xf4, 0x0, 0x0, 0xf,
    0xff, 0xff, 0xcb, 0xff, 0xff, 0xc0, 0x0, 0x0,
    0x3f, 0xff, 0xff, 0x3f, 0xff, 0xfe, 0x0, 0x0,
    0x0, 0xff, 0xff, 0xfc, 0xff, 0xff, 0xf8, 0x0,
    0x0, 0x3, 0xff, 0xff, 0xf3, 0xff, 0xff, 0xd0,
    0x0, 0x0, 0xf, 0xff, 0xff, 0xdf, 0xff, 0xff,
    0x0, 0x0, 0x0, 0x3f, 0xff, 0xff, 0x7f, 0xff,
    0xfc, 0x0, 0x0, 0x0, 0xff, 0xff, 0xfd, 0xff,
    0xff, 0xf0, 0x0, 0x0, 0x3, 0xff, 0xff, 0xfb,
    0xff, 0xff, 0xc0, 0x0, 0x0, 0xf, 0xff, 0xff,
    0xef, 0xff, 0xff, 0x0, 0x0, 0x0, 0x3f, 0xff,
    0xff, 0xbf, 0xff, 0xfc, 0x0, 0x0, 0x0, 0xff,
    0xff, 0xfe, 0xff, 0xff, 0xf0, 0x0, 0x0, 0x3,
    0xff, 0xff, 0xfb, 0xff, 0xff, 0xc0, 0x0, 0x0,
    0xf, 0xff, 0xff, 0xef, 0xff, 0xff, 0x0, 0x0,
    0x0, 0x3f, 0xff, 0xff, 0xbf, 0xff, 0xfc, 0x0,
    0x0, 0x0, 0xff, 0xff, 0xfe, 0xff, 0xff, 0xf0,
    0x0, 0x0, 0x3, 0xff, 0xff, 0xfb, 0xff, 0xff,
    0xc0, 0x0, 0x0, 0xf, 0xff, 0xff, 0xef, 0xff,
    0xff, 0x0, 0x0, 0x0, 0x3f, 0xff, 0xff, 0xbf,
    0xff, 0xfc, 0x0, 0x0, 0x0, 0xff, 0xff, 0xfe,
    0xff, 0xff, 0xf0, 0x0, 0x0, 0x3, 0xff, 0xff,
    0xfb, 0xff, 0xff, 0xc0, 0x0, 0x0, 0xf, 0xff,
    0xff, 0xef, 0xff, 0xff, 0x0, 0x0, 0x0, 0x3f,
    0xff, 0xff, 0xbf, 0xff, 0xfc, 0x0, 0x0, 0x0,
    0xff, 0xff, 0xfe, 0xff, 0xff, 0xf0, 0x0, 0x0,
    0x3, 0xff, 0xff, 0xfb, 0xff, 0xff, 0xc0, 0x0,
    0x0, 0xf, 0xff, 0xff, 0xef, 0xff, 0xff, 0x0,
    0x0, 0x0, 0x3f, 0xff, 0xff, 0xbf, 0xff, 0xfc,
    0x0, 0x0, 0x0, 0xff, 0xff, 0xfe, 0xff, 0xff,
    0xf0, 0x0, 0x0, 0x3, 0xff, 0xff, 0xfb, 0xff,
    0xff, 0xc0, 0x0, 0x0, 0xf, 0xff, 0xff, 0xef,
    0xff, 0xff, 0x0, 0x0, 0x0, 0x3f, 0xff, 0xff,
    0x7f, 0xff, 0xfc, 0x0, 0x0, 0x0, 0xff, 0xff,
    0xfd, 0xff, 0xff, 0xf4, 0x0, 0x0, 0x3, 0xff,
    0xff, 0xf7, 0xff, 0xff, 0xd0, 0x0, 0x0, 0xf,
    0xff, 0xff, 0xcf, 0xff, 0xff, 0x80, 0x0, 0x0,
    0x3f, 0xff, 0xff, 0x3f, 0xff, 0xfe, 0x0, 0x0,
    0x0, 0xff, 0xff, 0xfc, 0xff, 0xff, 0xfc, 0x0,
    0x0, 0x3, 0xff, 0xff, 0xf2, 0xff, 0xff, 0xf4,
    0x0, 0x0, 0xf, 0xff, 0xff, 0xc7, 0xff, 0xff,
    0xf0, 0x0, 0x0, 0x3f, 0xff, 0xff, 0xf, 0xff,
    0xff, 0xe0, 0x0, 0x7, 0xff, 0xff, 0xfc, 0x3f,
    0xff, 0xff, 0xf4, 0x2, 0xff, 0xff, 0xff, 0xf0,
    0x7f, 0xff, 0xff, 0xff, 0xff, 0xff, 0xff, 0xff,
    0xc0, 0xff, 0xff, 0xff, 0xff, 0xff, 0xff, 0xff,
    0xff, 0x1, 0xff, 0xff, 0xff, 0xff, 0xff, 0xff,
    0xff, 0xfc, 0x3, 0xff, 0xff, 0xff, 0xff, 0xff,
    0xff, 0xff, 0xf0, 0x3, 0xff, 0xff, 0xff, 0xff,
    0xdf, 0xff, 0xff, 0xc0, 0x3, 0xff, 0xff, 0xff,
    0xfd, 0x3f, 0xff, 0xff, 0x0, 0x2, 0xff, 0xff,
    0xff, 0xc0, 0xff, 0xff, 0xfc, 0x0, 0x0, 0xbf,
    0xff, 0xf4, 0x2, 0xaa, 0xaa, 0x90, 0x0, 0x0,
    0x5, 0x54, 0x0, 0x0, 0x0, 0x0, 0x0,

    /* U+0065 "e" */
    0x0, 0x0, 0x1, 0xaf, 0xff, 0xe5, 0x0, 0x0,
    0x0, 0x0, 0x2, 0xff, 0xff, 0xff, 0xfe, 0x0,
    0x0, 0x0, 0x2, 0xff, 0xff, 0xff, 0xff, 0xfd,
    0x0, 0x0, 0x0, 0xff, 0xff, 0xff, 0xff, 0xff,
    0xf8, 0x0, 0x0, 0x3f, 0xff, 0xff, 0xff, 0xff,
    0xff, 0xe0, 0x0, 0xf, 0xff, 0xff, 0xff, 0xff,
    0xff, 0xff, 0x40, 0x1, 0xff, 0xff, 0xff, 0xff,
    0xff, 0xff, 0xfc, 0x0, 0x3f, 0xff, 0xff, 0xff,
    0xff, 0xff, 0xff, 0xd0, 0xb, 0xff, 0xff, 0xf8,
    0x1, 0xbf, 0xff, 0xff, 0x0, 0xff, 0xff, 0xfc,
    0x0, 0x2, 0xff, 0xff, 0xf0, 0xf, 0xff, 0xff,
    0x40, 0x0, 0xf, 0xff, 0xff, 0x41, 0xff, 0xff,
    0xf0, 0x0, 0x0, 0x7f, 0xff, 0xf8, 0x2f, 0xff,
    0xfe, 0x0, 0x0, 0x3, 0xff, 0xff, 0xc3, 0xff,
    0xff, 0xd0, 0x0, 0x0, 0x3f, 0xff, 0xfc, 0x3f,
    0xff, 0xfd, 0x0, 0x0, 0x3, 0xff, 0xff, 0xc3,
    0xff, 0xff, 0xc0, 0x0, 0x0, 0x3f, 0xff, 0xfd,
    0x7f, 0xff, 0xfc, 0x0, 0x0, 0x3, 0xff, 0xff,
    0xd7, 0xff, 0xff, 0xc0, 0x0, 0x0, 0x2f, 0xff,
    0xfd, 0xbf, 0xff, 0xfc, 0x0, 0x0, 0x2, 0xff,
    0xff, 0xeb, 0xff, 0xff, 0xc0, 0x0, 0x0, 0x2f,
    0xff, 0xfe, 0xbf, 0xff, 0xfc, 0x0, 0x0, 0x2,
    0xff, 0xff, 0xeb, 0xff, 0xff, 0xc0, 0x0, 0x0,
    0x2f, 0xff, 0xfe, 0xbf, 0xff, 0xfc, 0x0, 0x0,
    0x2, 0xff, 0xff, 0xfb, 0xff, 0xff, 0xc0, 0x0,
    0x0, 0x2f, 0xff, 0xff, 0xbf, 0xff, 0xff, 0xff,
    0xff, 0xff, 0xff, 0xff, 0xfb, 0xff, 0xff, 0xff,
    0xff, 0xff, 0xff, 0xff, 0xff, 0xbf, 0xff, 0xff,
    0xff, 0xff, 0xff, 0xff, 0xff, 0xfb, 0xff, 0xff,
    0xff, 0xff, 0xff, 0xff, 0xff, 0xff, 0xbf, 0xff,
    0xff, 0xff, 0xff, 0xff, 0xff, 0xff, 0xfb, 0xff,
    0xff, 0xff, 0xff, 0xff, 0xff, 0xff, 0xff, 0xbf,
    0xff, 0xfc, 0x0, 0x0, 0x0, 0x0, 0x0, 0xb,
    0xff, 0xff, 0xc0, 0x0, 0x0, 0x0, 0x0, 0x0,
    0xbf, 0xff, 0xfc, 0x0, 0x0, 0x0, 0x0, 0x0,
    0xb, 0xff, 0xff, 0xc0, 0x0, 0x0, 0x0, 0x0,
    0x0, 0xbf, 0xff, 0xfc, 0x0, 0x0, 0x0, 0x0,
    0x0, 0xb, 0xff, 0xff, 0xc0, 0x0, 0x0, 0x0,
    0x0, 0x0, 0xbf, 0xff, 0xfc, 0x0, 0x0, 0x0,
    0x0, 0x0, 0xb, 0xff, 0xff, 0xc0, 0x0, 0x0,
    0x0, 0x0, 0x0, 0xbf, 0xff, 0xfc, 0x0, 0x0,
    0x0, 0x0, 0x0, 0xb, 0xff, 0xff, 0xc0, 0x0,
    0x0, 0x2f, 0xff, 0xfe, 0xbf, 0xff, 0xfc, 0x0,
    0x0, 0x2, 0xff, 0xff, 0xeb, 0xff, 0xff, 0xc0,
    0x0, 0x0, 0x2f, 0xff, 0xfe, 0x7f, 0xff, 0xfc,
    0x0, 0x0, 0x2, 0xff, 0xff, 0xe7, 0xff, 0xff,
    0xc0, 0x0, 0x0, 0x2f, 0xff, 0xfe, 0x3f, 0xff,
    0xfc, 0x0, 0x0, 0x3, 0xff, 0xff, 0xe3, 0xff,
    0xff, 0xc0, 0x0, 0x0, 0x3f, 0xff, 0xfd, 0x3f,
    0xff, 0xfd, 0x0, 0x0, 0x3, 0xff, 0xff, 0xd2,
    0xff, 0xff, 0xe0, 0x0, 0x0, 0x3f, 0xff, 0xfc,
    0x1f, 0xff, 0xff, 0x0, 0x0, 0x7, 0xff, 0xff,
    0xc0, 0xff, 0xff, 0xf4, 0x0, 0x0, 0xff, 0xff,
    0xf8, 0xf, 0xff, 0xff, 0xd0, 0x0, 0x2f, 0xff,
    0xff, 0x40, 0xbf, 0xff, 0xff, 0x80, 0xb, 0xff,
    0xff, 0xf0, 0x3, 0xff, 0xff, 0xff, 0xff, 0xff,
    0xff, 0xfd, 0x0, 0x2f, 0xff, 0xff, 0xff, 0xff,
    0xff, 0xff, 0xc0, 0x0, 0xff, 0xff, 0xff, 0xff,
    0xff, 0xff, 0xf4, 0x0, 0x3, 0xff, 0xff, 0xff,
    0xff, 0xff, 0xfe, 0x0, 0x0, 0xf, 0xff, 0xff,
    0xff, 0xff, 0xff, 0x80, 0x0, 0x0, 0x2f, 0xff,
    0xff, 0xff, 0xff, 0xd0, 0x0, 0x0, 0x0, 0x6f,
    0xff, 0xff, 0xff, 0xe0, 0x0, 0x0, 0x0, 0x0,
    0x1a, 0xff, 0xfe, 0x40, 0x0, 0x0,

    /* U+0066 "f" */
    0x0, 0x0, 0x0, 0x0, 0x0, 0x0, 0x0, 0x0,
    0x0, 0x0, 0x1, 0xbf, 0xff, 0xe8, 0x0, 0x0,
    0x0, 0x3f, 0xff, 0xff, 0xfd, 0x0, 0x0, 0x1,
    0xff, 0xff, 0xff, 0xfd, 0x0, 0x0, 0x7, 0xff,
    0xff, 0xff, 0xfd, 0x0, 0x0, 0xf, 0xff, 0xff,
    0xff, 0xfd, 0x0, 0x0, 0x2f, 0xff, 0xff, 0xff,
    0xfd, 0x0, 0x0, 0x3f, 0xff, 0xff, 0xff, 0xfd,
    0x0, 0x0, 0x3f, 0xff, 0xff, 0xff, 0xfd, 0x0,
    0x0, 0x7f, 0xff, 0xff, 0x80, 0x4, 0x0, 0x0,
    0xbf, 0xff, 0xfe, 0x0, 0x0, 0x0, 0x0, 0xff,
    0xff, 0xfc, 0x0, 0x0, 0x0, 0x0, 0xff, 0xff,
    0xfc, 0x0, 0x0, 0x0, 0x0, 0xff, 0xff, 0xf8,
    0x0, 0x0, 0x0, 0x0, 0xff, 0xff, 0xf8, 0x0,
    0x0, 0x0, 0x0, 0xff, 0xff, 0xf8, 0x0, 0x0,
    0x0, 0x0, 0xff, 0xff, 0xf8, 0x0, 0x0, 0x0,
    0x0, 0xff, 0xff, 0xf8, 0x0, 0x0, 0x0, 0x0,
    0xff, 0xff, 0xf8, 0x0, 0x0, 0x0, 0x0, 0xff,
    0xff, 0xf8, 0x0, 0x0, 0x0, 0x0, 0xff, 0xff,
    0xf8, 0x0, 0x0, 0x3f, 0xff, 0xff, 0xff, 0xff,
    0xff, 0xfd, 0x3f, 0xff, 0xff, 0xff, 0xff, 0xff,
    0xfd, 0x3f, 0xff, 0xff, 0xff, 0xff, 0xff, 0xfd,
    0x3f, 0xff, 0xff, 0xff, 0xff, 0xff, 0xfd, 0x3f,
    0xff, 0xff, 0xff, 0xff, 0xff, 0xfd, 0x3f, 0xff,
    0xff, 0xff, 0xff, 0xff, 0xfd, 0x3f, 0xff, 0xff,
    0xff, 0xff, 0xff, 0xfd, 0x3f, 0xff, 0xff, 0xff,
    0xff, 0xff, 0xfd, 0x0, 0x0, 0xff, 0xff, 0xf8,
    0x0, 0x0, 0x0, 0x0, 0xff, 0xff, 0xf8, 0x0,
    0x0, 0x0, 0x0, 0xff, 0xff, 0xf8, 0x0, 0x0,
    0x0, 0x0, 0xff, 0xff, 0xf8, 0x0, 0x0, 0x0,
    0x0, 0xff, 0xff, 0xf8, 0x0, 0x0, 0x0, 0x0,
    0xff, 0xff, 0xf8, 0x0, 0x0, 0x0, 0x0, 0xff,
    0xff, 0xf8, 0x0, 0x0, 0x0, 0x0, 0xff, 0xff,
    0xf8, 0x0, 0x0, 0x0, 0x0, 0xff, 0xff, 0xf8,
    0x0, 0x0, 0x0, 0x0, 0xff, 0xff, 0xf8, 0x0,
    0x0, 0x0, 0x0, 0xff, 0xff, 0xf8, 0x0, 0x0,
    0x0, 0x0, 0xff, 0xff, 0xf8, 0x0, 0x0, 0x0,
    0x0, 0xff, 0xff, 0xf8, 0x0, 0x0, 0x0, 0x0,
    0xff, 0xff, 0xf8, 0x0, 0x0, 0x0, 0x0, 0xff,
    0xff, 0xf8, 0x0, 0x0, 0x0, 0x0, 0xff, 0xff,
    0xf8, 0x0, 0x0, 0x0, 0x0, 0xff, 0xff, 0xf8,
    0x0, 0x0, 0x0, 0x0, 0xff, 0xff, 0xf8, 0x0,
    0x0, 0x0, 0x0, 0xff, 0xff, 0xf8, 0x0, 0x0,
    0x0, 0x0, 0xff, 0xff, 0xf8, 0x0, 0x0, 0x0,
    0x0, 0xff, 0xff, 0xf8, 0x0, 0x0, 0x0, 0x0,
    0xff, 0xff, 0xf8, 0x0, 0x0, 0x0, 0x0, 0xff,
    0xff, 0xf8, 0x0, 0x0, 0x0, 0x0, 0xff, 0xff,
    0xf8, 0x0, 0x0, 0x0, 0x0, 0xff, 0xff, 0xf8,
    0x0, 0x0, 0x0, 0x0, 0xff, 0xff, 0xf8, 0x0,
    0x0, 0x0, 0x0, 0xff, 0xff, 0xf8, 0x0, 0x0,
    0x0, 0x0, 0xff, 0xff, 0xf8, 0x0, 0x0, 0x0,
    0x0, 0xff, 0xff, 0xf8, 0x0, 0x0, 0x0, 0x0,
    0xff, 0xff, 0xf8, 0x0, 0x0, 0x0, 0x0, 0xff,
    0xff, 0xf8, 0x0, 0x0, 0x0, 0x0, 0xff, 0xff,
    0xf8, 0x0, 0x0, 0x0, 0x0, 0xff, 0xff, 0xf8,
    0x0, 0x0, 0x0, 0x0, 0xff, 0xff, 0xf8, 0x0,
    0x0, 0x0, 0x0, 0xff, 0xff, 0xf8, 0x0, 0x0,
    0x0, 0x0, 0xff, 0xff, 0xf8, 0x0, 0x0, 0x0,
    0x0, 0xff, 0xff, 0xf8, 0x0, 0x0, 0x0, 0x0,
    0xff, 0xff, 0xf8, 0x0, 0x0, 0x0, 0x0, 0xff,
    0xff, 0xf8, 0x0, 0x0, 0x0, 0x0, 0xff, 0xff,
    0xf8, 0x0, 0x0, 0x0, 0x0, 0xff, 0xff, 0xf8,
    0x0, 0x0, 0x0, 0x0, 0xff, 0xff, 0xf8, 0x0,
    0x0, 0x0, 0x0, 0xff, 0xff, 0xf8, 0x0, 0x0,
    0x0, 0x0, 0xff, 0xff, 0xf8, 0x0, 0x0, 0x0,
    0x0, 0xff, 0xff, 0xf8, 0x0, 0x0, 0x0, 0x0,
    0xff, 0xff, 0xf8, 0x0, 0x0, 0x0, 0x0, 0xff,
    0xff, 0xf8, 0x0, 0x0, 0x0, 0x0, 0xff, 0xff,
    0xf8, 0x0, 0x0, 0x0, 0x0, 0xff, 0xff, 0xf8,
    0x0, 0x0, 0x0, 0x0, 0xff, 0xff, 0xf8, 0x0,
    0x0,

    /* U+0067 "g" */
    0x0, 0x0, 0x0, 0x0, 0x0, 0x0, 0x0, 0x0,
    0x0, 0x0, 0x40, 0x0, 0x0, 0x0, 0x1a, 0xff,
    0xf9, 0x0, 0x0, 0x0, 0xb, 0xc0, 0x0, 0x0,
    0x2, 0xff, 0xff, 0xff, 0xf4, 0x0, 0x0, 0x7f,
    0xd0, 0x0, 0x0, 0x1f, 0xff, 0xff, 0xff, 0xff,
    0x0, 0x2, 0xff, 0xe0, 0x0, 0x0, 0xbf, 0xff,
    0xff, 0xff, 0xff, 0xc0, 0xf, 0xff, 0xf0, 0x0,
    0x2, 0xff, 0xff, 0xff, 0xff, 0xff, 0xf0, 0x7f,
    0xff, 0xf4, 0x0, 0xb, 0xff, 0xff, 0xff, 0xff,
    0xff, 0xfd, 0xff, 0xff, 0xfc, 0x0, 0x1f, 0xff,
    0xff, 0xff, 0xff, 0xff, 0xff, 0xff, 0xff, 0xf8,
    0x0, 0x3f, 0xff, 0xff, 0xfa, 0xff, 0xff, 0xff,
    0xff, 0xfe, 0x40, 0x0, 0x7f, 0xff, 0xfe, 0x0,
    0xb, 0xff, 0xff, 0xff, 0xd0, 0x0, 0x0, 0xff,
    0xff, 0xf8, 0x0, 0x1, 0xff, 0xff, 0xf8, 0x0,
    0x0, 0x1, 0xff, 0xff, 0xf0, 0x0, 0x0, 0xbf,
    0xff, 0xf0, 0x0, 0x0, 0x2, 0xff, 0xff, 0xd0,
    0x0, 0x0, 0x7f, 0xff, 0xf0, 0x0, 0x0, 0x3,
    0xff, 0xff, 0xc0, 0x0, 0x0, 0x3f, 0xff, 0xf4,
    0x0, 0x0, 0x3, 0xff, 0xff, 0xc0, 0x0, 0x0,
    0x2f, 0xff, 0xf8, 0x0, 0x0, 0x7, 0xff, 0xff,
    0x80, 0x0, 0x0, 0x2f, 0xff, 0xfc, 0x0, 0x0,
    0x7, 0xff, 0xff, 0x80, 0x0, 0x0, 0x1f, 0xff,
    0xfc, 0x0, 0x0, 0xb, 0xff, 0xff, 0x40, 0x0,
    0x0, 0x1f, 0xff, 0xfc, 0x0, 0x0, 0xb, 0xff,
    0xff, 0x40, 0x0, 0x0, 0x1f, 0xff, 0xfd, 0x0,
    0x0, 0xb, 0xff, 0xff, 0x40, 0x0, 0x0, 0x1f,
    0xff, 0xfd, 0x0, 0x0, 0xb, 0xff, 0xff, 0x40,
    0x0, 0x0, 0x1f, 0xff, 0xfd, 0x0, 0x0, 0xb,
    0xff, 0xff, 0x40, 0x0, 0x0, 0x1f, 0xff, 0xfd,
    0x0, 0x0, 0xb, 0xff, 0xff, 0x40, 0x0, 0x0,
    0x1f, 0xff, 0xfd, 0x0, 0x0, 0xb, 0xff, 0xff,
    0x40, 0x0, 0x0, 0x1f, 0xff, 0xfd, 0x0, 0x0,
    0xb, 0xff, 0xff, 0x40, 0x0, 0x0, 0x1f, 0xff,
    0xfd, 0x0, 0x0, 0x7, 0xff, 0xff, 0x40, 0x0,
    0x0, 0x1f, 0xff, 0xfc, 0x0, 0x0, 0x7, 0xff,
    0xff, 0x80, 0x0, 0x0, 0x2f, 0xff, 0xfc, 0x0,
    0x0, 0x3, 0xff, 0xff, 0x80, 0x0, 0x0, 0x2f,
    0xff, 0xfc, 0x0, 0x0, 0x3, 0xff, 0xff, 0xc0,
    0x0, 0x0, 0x3f, 0xff, 0xfc, 0x0, 0x0, 0x2,
    0xff, 0xff, 0xc0, 0x0, 0x0, 0x3f, 0xff, 0xf8,
    0x0, 0x0, 0x1, 0xff, 0xff, 0xe0, 0x0, 0x0,
    0x7f, 0xff, 0xf4, 0x0, 0x0, 0x0, 0xff, 0xff,
    0xf0, 0x0, 0x0, 0xff, 0xff, 0xf0, 0x0, 0x0,
    0x0, 0xbf, 0xff, 0xfc, 0x0, 0x2, 0xff, 0xff,
    0xe0, 0x0, 0x0, 0x0, 0x7f, 0xff, 0xff, 0x40,
    0x1f, 0xff, 0xff, 0xd0, 0x0, 0x0, 0x0, 0x2f,
    0xff, 0xff, 0xff, 0xff, 0xff, 0xff, 0xc0, 0x0,
    0x0, 0x0, 0xf, 0xff, 0xff, 0xff, 0xff, 0xff,
    0xff, 0x40, 0x0, 0x0, 0x0, 0x7, 0xff, 0xff,
    0xff, 0xff, 0xff, 0xfe, 0x0, 0x0, 0x0, 0x0,
    0x1, 0xff, 0xff, 0xff, 0xff, 0xff, 0xf8, 0x0,
    0x0, 0x0, 0x0, 0x0, 0xbf, 0xff, 0xff, 0xff,
    0xff, 0xe0, 0x0, 0x0, 0x0, 0x0, 0x1, 0xff,
    0xff, 0xff, 0xff, 0xff, 0x40, 0x0, 0x0, 0x0,
    0x0, 0x7, 0xff, 0xff, 0xff, 0xff, 0xf4, 0x0,
    0x0, 0x0, 0x0, 0x0, 0xf, 0xff, 0xc5, 0xaa,
    0xa9, 0x0, 0x0, 0x0, 0x0, 0x0, 0x0, 0x3f,
    0xff, 0x0, 0x0, 0x0, 0x0, 0x0, 0x0, 0x0,
    0x0, 0x0, 0xff, 0xfe, 0x0, 0x0, 0x0, 0x0,
    0x0, 0x0, 0x0, 0x0, 0x1, 0xff, 0xfd, 0x0,
    0x0, 0x0, 0x0, 0x0, 0x0, 0x0, 0x0, 0x3,
    0xff, 0xfd, 0x0, 0x0, 0x0, 0x0, 0x0, 0x0,
    0x0, 0x0, 0x3, 0xff, 0xff, 0x0, 0x0, 0x0,
    0x0, 0x0, 0x0, 0x0, 0x0, 0x7, 0xff, 0xff,
    0xd0, 0x0, 0x0, 0x0, 0x0, 0x0, 0x0, 0x0,
    0x7, 0xff, 0xff, 0xff, 0xfe, 0x95, 0x0, 0x0,
    0x0, 0x0, 0x0, 0x7, 0xff, 0xff, 0xff, 0xff,
    0xff, 0xff, 0x90, 0x0, 0x0, 0x0, 0x7, 0xff,
    0xff, 0xff, 0xff, 0xff, 0xff, 0xff, 0x40, 0x0,
    0x0, 0x3, 0xff, 0xff, 0xff, 0xff, 0xff, 0xff,
    0xff, 0xf0, 0x0, 0x0, 0x1, 0xff, 0xff, 0xff,
    0xff, 0xff, 0xff, 0xff, 0xfd, 0x0, 0x0, 0x0,
    0xbf, 0xff, 0xff, 0xff, 0xff, 0xff, 0xff, 0xff,
    0x40, 0x0, 0x0, 0x2f, 0xff, 0xff, 0xff, 0xff,
    0xff, 0xff, 0xff, 0xc0, 0x0, 0x0, 0x2, 0xff,
    0xff, 0xff, 0xff, 0xff, 0xff, 0xff, 0xe0, 0x0,
    0x0, 0x7, 0xff, 0xfb, 0xff, 0xff, 0xff, 0xff,
    0xff, 0xf0, 0x0, 0x0, 0x2f, 0xff, 0xc0, 0x1,
    0x6b, 0xff, 0xff, 0xff, 0xf4, 0x0, 0x0, 0xff,
    0xff, 0x0, 0x0, 0x0, 0x6, 0xff, 0xff, 0xf8,
    0x0, 0x3, 0xff, 0xfc, 0x0, 0x0, 0x0, 0x0,
    0x3f, 0xff, 0xfc, 0x0, 0xf, 0xff, 0xf4, 0x0,
    0x0, 0x0, 0x0, 0xf, 0xff, 0xfc, 0x0, 0x2f,
    0xff, 0xf0, 0x0, 0x0, 0x0, 0x0, 0xb, 0xff,
    0xfc, 0x0, 0x3f, 0xff, 0xe0, 0x0, 0x0, 0x0,
    0x0, 0x7, 0xff, 0xfc, 0x0, 0x7f, 0xff, 0xd0,
    0x0, 0x0, 0x0, 0x0, 0x3, 0xff, 0xfc, 0x0,
    0xbf, 0xff, 0xd0, 0x0, 0x0, 0x0, 0x0, 0x7,
    0xff, 0xfc, 0x0, 0xff, 0xff, 0xe0, 0x0, 0x0,
    0x0, 0x0, 0xb, 0xff, 0xfc, 0x0, 0xff, 0xff,
    0xf0, 0x0, 0x0, 0x0, 0x0, 0xf, 0xff, 0xfc,
    0x0, 0xff, 0xff, 0xfc, 0x0, 0x0, 0x0, 0x0,
    0x7f, 0xff, 0xf8, 0x0, 0xff, 0xff, 0xff, 0x90,
    0x0, 0x0, 0x1b, 0xff, 0xff, 0xf4, 0x0, 0xbf,
    0xff, 0xff, 0xff, 0xff, 0xff, 0xff, 0xff, 0xff,
    0xf0, 0x0, 0x7f, 0xff, 0xff, 0xff, 0xff, 0xff,
    0xff, 0xff, 0xff, 0xd0, 0x0, 0x3f, 0xff, 0xff,
    0xff, 0xff, 0xff, 0xff, 0xff, 0xff, 0xc0, 0x0,
    0xf, 0xff, 0xff, 0xff, 0xff, 0xff, 0xff, 0xff,
    0xff, 0x0, 0x0, 0x7, 0xff, 0xff, 0xff, 0xff,
    0xff, 0xff, 0xff, 0xfc, 0x0, 0x0, 0x0, 0xff,
    0xff, 0xff, 0xff, 0xff, 0xff, 0xff, 0xe0, 0x0,
    0x0, 0x0, 0x1f, 0xff, 0xff, 0xff, 0xff, 0xff,
    0xff, 0x40, 0x0, 0x0, 0x0, 0x1, 0xbf, 0xff,
    0xff, 0xff, 0xff, 0xe0, 0x0, 0x0, 0x0, 0x0,
    0x0, 0x1, 0xaf, 0xff, 0xff, 0xa4, 0x0, 0x0,
    0x0, 0x0,

    /* U+0068 "h" */
    0x7f, 0xff, 0xfd, 0x0, 0x0, 0x0, 0x0, 0x0,
    0x1, 0xff, 0xff, 0xf4, 0x0, 0x0, 0x0, 0x0,
    0x0, 0x7, 0xff, 0xff, 0xd0, 0x0, 0x0, 0x0,
    0x0, 0x0, 0x1f, 0xff, 0xff, 0x40, 0x0, 0x0,
    0x0, 0x0, 0x0, 0x7f, 0xff, 0xfd, 0x0, 0x0,
    0x0, 0x0, 0x0, 0x1, 0xff, 0xff, 0xf4, 0x0,
    0x0, 0x0, 0x0, 0x0, 0x7, 0xff, 0xff, 0xd0,
    0x0, 0x0, 0x0, 0x0, 0x0, 0x1f, 0xff, 0xff,
    0x40, 0x0, 0x0, 0x0, 0x0, 0x0, 0x7f, 0xff,
    0xfd, 0x0, 0x0, 0x0, 0x0, 0x0, 0x1, 0xff,
    0xff, 0xf4, 0x0, 0x0, 0x0, 0x0, 0x0, 0x7,
    0xff, 0xff, 0xd0, 0x0, 0x0, 0x0, 0x0, 0x0,
    0x1f, 0xff, 0xff, 0x40, 0x0, 0x0, 0x0, 0x0,
    0x0, 0x7f, 0xff, 0xfd, 0x0, 0x0, 0x0, 0x0,
    0x0, 0x1, 0xff, 0xff, 0xf4, 0x0, 0x0, 0x0,
    0x0, 0x0, 0x7, 0xff, 0xff, 0xd0, 0x0, 0x0,
    0x0, 0x0, 0x0, 0x1f, 0xff, 0xff, 0x40, 0x0,
    0x0, 0x0, 0x0, 0x0, 0x7f, 0xff, 0xfd, 0x0,
    0x0, 0x0, 0x0, 0x0, 0x1, 0xff, 0xff, 0xf4,
    0x0, 0x0, 0x0, 0x0, 0x0, 0x7, 0xff, 0xff,
    0xd0, 0x0, 0x0, 0x0, 0x0, 0x0, 0x1f, 0xff,
    0xff, 0x40, 0x0, 0x0, 0x0, 0x0, 0x0, 0x7f,
    0xff, 0xfd, 0x0, 0x0, 0x0, 0x0, 0x0, 0x1,
    0xff, 0xff, 0xf4, 0x0, 0x0, 0x0, 0x0, 0x0,
    0x7, 0xff, 0xff, 0xd0, 0x0, 0x0, 0x15, 0x50,
    0x0, 0x1f, 0xff, 0xff, 0x40, 0x0, 0x2f, 0xff,
    0xf8, 0x0, 0x7f, 0xff, 0xfd, 0x0, 0xf, 0xff,
    0xff, 0xfd, 0x1, 0xff, 0xff, 0xf4, 0x2, 0xff,
    0xff, 0xff, 0xfc, 0x7, 0xff, 0xff, 0xd0, 0x7f,
    0xff, 0xff, 0xff, 0xfc, 0x1f, 0xff, 0xff, 0x47,
    0xff, 0xff, 0xff, 0xff, 0xf4, 0x7f, 0xff, 0xfd,
    0xbf, 0xff, 0xff, 0xff, 0xff, 0xe1, 0xff, 0xff,
    0xff, 0xff, 0xff, 0xff, 0xff, 0xff, 0xc7, 0xff,
    0xff, 0xff, 0xff, 0xff, 0xff, 0xff, 0xff, 0x1f,
    0xff, 0xff, 0xff, 0xe0, 0x7, 0xff, 0xff, 0xfd,
    0x7f, 0xff, 0xff, 0xf8, 0x0, 0x7, 0xff, 0xff,
    0xf5, 0xff, 0xff, 0xff, 0x0, 0x0, 0xf, 0xff,
    0xff, 0xd7, 0xff, 0xff, 0xe0, 0x0, 0x0, 0x1f,
    0xff, 0xff, 0x5f, 0xff, 0xff, 0x40, 0x0, 0x0,
    0x7f, 0xff, 0xfe, 0x7f, 0xff, 0xfd, 0x0, 0x0,
    0x0, 0xff, 0xff, 0xf9, 0xff, 0xff, 0xf4, 0x0,
    0x0, 0x3, 0xff, 0xff, 0xe7, 0xff, 0xff, 0xd0,
    0x0, 0x0, 0xf, 0xff, 0xff, 0x9f, 0xff, 0xff,
    0x40, 0x0, 0x0, 0x3f, 0xff, 0xfe, 0x7f, 0xff,
    0xfd, 0x0, 0x0, 0x0, 0xff, 0xff, 0xf9, 0xff,
    0xff, 0xf4, 0x0, 0x0, 0x3, 0xff, 0xff, 0xe7,
    0xff, 0xff, 0xd0, 0x0, 0x0, 0xf, 0xff, 0xff,
    0x9f, 0xff, 0xff, 0x40, 0x0, 0x0, 0x3f, 0xff,
    0xfe, 0x7f, 0xff, 0xfd, 0x0, 0x0, 0x0, 0xff,
    0xff, 0xf9, 0xff, 0xff, 0xf4, 0x0, 0x0, 0x3,
    0xff, 0xff, 0xe7, 0xff, 0xff, 0xd0, 0x0, 0x0,
    0xf, 0xff, 0xff, 0x9f, 0xff, 0xff, 0x40, 0x0,
    0x0, 0x3f, 0xff, 0xfe, 0x7f, 0xff, 0xfd, 0x0,
    0x0, 0x0, 0xff, 0xff, 0xf9, 0xff, 0xff, 0xf4,
    0x0, 0x0, 0x3, 0xff, 0xff, 0xe7, 0xff, 0xff,
    0xd0, 0x0, 0x0, 0xf, 0xff, 0xff, 0x9f, 0xff,
    0xff, 0x40, 0x0, 0x0, 0x3f, 0xff, 0xfe, 0x7f,
    0xff, 0xfd, 0x0, 0x0, 0x0, 0xff, 0xff, 0xf9,
    0xff, 0xff, 0xf4, 0x0, 0x0, 0x3, 0xff, 0xff,
    0xe7, 0xff, 0xff, 0xd0, 0x0, 0x0, 0xf, 0xff,
    0xff, 0x9f, 0xff, 0xff, 0x40, 0x0, 0x0, 0x3f,
    0xff, 0xfe, 0x7f, 0xff, 0xfd, 0x0, 0x0, 0x0,
    0xff, 0xff, 0xf9, 0xff, 0xff, 0xf4, 0x0, 0x0,
    0x3, 0xff, 0xff, 0xe7, 0xff, 0xff, 0xd0, 0x0,
    0x0, 0xf, 0xff, 0xff, 0x9f, 0xff, 0xff, 0x40,
    0x0, 0x0, 0x3f, 0xff, 0xfe, 0x7f, 0xff, 0xfd,
    0x0, 0x0, 0x0, 0xff, 0xff, 0xf9, 0xff, 0xff,
    0xf4, 0x0, 0x0, 0x3, 0xff, 0xff, 0xe7, 0xff,
    0xff, 0xd0, 0x0, 0x0, 0xf, 0xff, 0xff, 0x9f,
    0xff, 0xff, 0x40, 0x0, 0x0, 0x3f, 0xff, 0xfe,
    0x7f, 0xff, 0xfd, 0x0, 0x0, 0x0, 0xff, 0xff,
    0xf9, 0xff, 0xff, 0xf4, 0x0, 0x0, 0x3, 0xff,
    0xff, 0xe7, 0xff, 0xff, 0xd0, 0x0, 0x0, 0xf,
    0xff, 0xff, 0x9f, 0xff, 0xff, 0x40, 0x0, 0x0,
    0x3f, 0xff, 0xfe, 0x7f, 0xff, 0xfd, 0x0, 0x0,
    0x0, 0xff, 0xff, 0xf9, 0xff, 0xff, 0xf4, 0x0,
    0x0, 0x3, 0xff, 0xff, 0xe7, 0xff, 0xff, 0xd0,
    0x0, 0x0, 0xf, 0xff, 0xff, 0x9f, 0xff, 0xff,
    0x40, 0x0, 0x0, 0x3f, 0xff, 0xfe, 0x7f, 0xff,
    0xfd, 0x0, 0x0, 0x0, 0xff, 0xff, 0xf9, 0xff,
    0xff, 0xf4, 0x0, 0x0, 0x3, 0xff, 0xff, 0xe7,
    0xff, 0xff, 0xd0, 0x0, 0x0, 0xf, 0xff, 0xff,
    0x9f, 0xff, 0xff, 0x40, 0x0, 0x0, 0x3f, 0xff,
    0xfe, 0x7f, 0xff, 0xfd, 0x0, 0x0, 0x0, 0xff,
    0xff, 0xf9, 0xff, 0xff, 0xf4, 0x0, 0x0, 0x3,
    0xff, 0xff, 0xe7, 0xff, 0xff, 0xd0, 0x0, 0x0,
    0xf, 0xff, 0xff, 0x9f, 0xff, 0xff, 0x40, 0x0,
    0x0, 0x3f, 0xff, 0xfe, 0x7f, 0xff, 0xfd, 0x0,
    0x0, 0x0, 0xff, 0xff, 0xf8, 0xaa, 0xaa, 0xa0,
    0x0, 0x0, 0x2, 0xaa, 0xaa, 0x90,

    /* U+0069 "i" */
    0xff, 0xff, 0xff, 0xff, 0xff, 0xff, 0xff, 0xff,
    0xff, 0xff, 0xff, 0xff, 0xff, 0xff, 0xff, 0xff,
    0xff, 0xff, 0xff, 0xff, 0xff, 0xff, 0xff, 0xff,
    0xff, 0xff, 0xff, 0xff, 0xff, 0xff, 0xd5, 0x55,
    0x54, 0x0, 0x0, 0x0, 0x0, 0x0, 0x0, 0x0,
    0x0, 0x0, 0x0, 0x0, 0x0, 0x0, 0x0, 0x0,
    0x0, 0x0, 0x0, 0x0, 0x0, 0x0, 0x0, 0xff,
    0xff, 0xff, 0xff, 0xff, 0xff, 0xff, 0xff, 0xff,
    0xff, 0xff, 0xff, 0xff, 0xff, 0xff, 0xff, 0xff,
    0xff, 0xff, 0xff, 0xff, 0xff, 0xff, 0xff, 0xff,
    0xff, 0xff, 0xff, 0xff, 0xff, 0xff, 0xff, 0xff,
    0xff, 0xff, 0xff, 0xff, 0xff, 0xff, 0xff, 0xff,
    0xff, 0xff, 0xff, 0xff, 0xff, 0xff, 0xff, 0xff,
    0xff, 0xff, 0xff, 0xff, 0xff, 0xff, 0xff, 0xff,
    0xff, 0xff, 0xff, 0xff, 0xff, 0xff, 0xff, 0xff,
    0xff, 0xff, 0xff, 0xff, 0xff, 0xff, 0xff, 0xff,
    0xff, 0xff, 0xff, 0xff, 0xff, 0xff, 0xff, 0xff,
    0xff, 0xff, 0xff, 0xff, 0xff, 0xff, 0xff, 0xff,
    0xff, 0xff, 0xff, 0xff, 0xff, 0xff, 0xff, 0xff,
    0xff, 0xff, 0xff, 0xff, 0xff, 0xff, 0xff, 0xff,
    0xff, 0xff, 0xff, 0xff, 0xff, 0xff, 0xff, 0xff,
    0xff, 0xff, 0xff, 0xff, 0xff, 0xff, 0xff, 0xff,
    0xff, 0xff, 0xff, 0xff, 0xff, 0xff, 0xff, 0xff,
    0xff, 0xff, 0xff, 0xff, 0xff, 0xff, 0xff, 0xff,
    0xff, 0xff, 0xff, 0xff, 0xff, 0xff, 0xff, 0xff,
    0xff, 0xff, 0xff, 0xff, 0xff, 0xff, 0xff, 0xff,
    0xff, 0xff, 0xff, 0xff, 0xff, 0xff, 0xf0,

    /* U+006A "j" */
    0x0, 0x0, 0x3f, 0xff, 0xfe, 0x0, 0x0, 0x3f,
    0xff, 0xfe, 0x0, 0x0, 0x3f, 0xff, 0xfe, 0x0,
    0x0, 0x3f, 0xff, 0xfe, 0x0, 0x0, 0x3f, 0xff,
    0xfe, 0x0, 0x0, 0x3f, 0xff, 0xfe, 0x0, 0x0,
    0x3f, 0xff, 0xfe, 0x0, 0x0, 0x3f, 0xff, 0xfe,
    0x0, 0x0, 0x3f, 0xff, 0xfe, 0x0, 0x0, 0x3f,
    0xff, 0xfe, 0x0, 0x0, 0x3f, 0xff, 0xfe, 0x0,
    0x0, 0x15, 0x55, 0x54, 0x0, 0x0, 0x0, 0x0,
    0x0, 0x0, 0x0, 0x0, 0x0, 0x0, 0x0, 0x0,
    0x0, 0x0, 0x0, 0x0, 0x0, 0x0, 0x0, 0x0,
    0x0, 0x0, 0x0, 0x0, 0x0, 0x0, 0x0, 0x0,
    0x0, 0x0, 0x0, 0x0, 0x0, 0x0, 0x0, 0x0,
    0x0, 0x0, 0x0, 0x0, 0x0, 0x0, 0x3f, 0xff,
    0xfe, 0x0, 0x0, 0x3f, 0xff, 0xfe, 0x0, 0x0,
    0x3f, 0xff, 0xfe, 0x0, 0x0, 0x3f, 0xff, 0xfe,
    0x0, 0x0, 0x3f, 0xff, 0xfe, 0x0, 0x0, 0x3f,
    0xff, 0xfe, 0x0, 0x0, 0x3f, 0xff, 0xfe, 0x0,
    0x0, 0x3f, 0xff, 0xfe, 0x0, 0x0, 0x3f, 0xff,
    0xfe, 0x0, 0x0, 0x3f, 0xff, 0xfe, 0x0, 0x0,
    0x3f, 0xff, 0xfe, 0x0, 0x0, 0x3f, 0xff, 0xfe,
    0x0, 0x0, 0x3f, 0xff, 0xfe, 0x0, 0x0, 0x3f,
    0xff, 0xfe, 0x0, 0x0, 0x3f, 0xff, 0xfe, 0x0,
    0x0, 0x3f, 0xff, 0xfe, 0x0, 0x0, 0x3f, 0xff,
    0xfe, 0x0, 0x0, 0x3f, 0xff, 0xfe, 0x0, 0x0,
    0x3f, 0xff, 0xfe, 0x0, 0x0, 0x3f, 0xff, 0xfe,
    0x0, 0x0, 0x3f, 0xff, 0xfe, 0x0, 0x0, 0x3f,
    0xff, 0xfe, 0x0, 0x0, 0x3f, 0xff, 0xfe, 0x0,
    0x0, 0x3f, 0xff, 0xfe, 0x0, 0x0, 0x3f, 0xff,
    0xfe, 0x0, 0x0, 0x3f, 0xff, 0xfe, 0x0, 0x0,
    0x3f, 0xff, 0xfe, 0x0, 0x0, 0x3f, 0xff, 0xfe,
    0x0, 0x0, 0x3f, 0xff, 0xfe, 0x0, 0x0, 0x3f,
    0xff, 0xfe, 0x0, 0x0, 0x3f, 0xff, 0xfe, 0x0,
    0x0, 0x3f, 0xff, 0xfe, 0x0, 0x0, 0x3f, 0xff,
    0xfe, 0x0, 0x0, 0x3f, 0xff, 0xfe, 0x0, 0x0,
    0x3f, 0xff, 0xfe, 0x0, 0x0, 0x3f, 0xff, 0xfe,
    0x0, 0x0, 0x3f, 0xff, 0xfe, 0x0, 0x0, 0x3f,
    0xff, 0xfe, 0x0, 0x0, 0x3f, 0xff, 0xfe, 0x0,
    0x0, 0x3f, 0xff, 0xfe, 0x0, 0x0, 0x3f, 0xff,
    0xfe, 0x0, 0x0, 0x3f, 0xff, 0xfe, 0x0, 0x0,
    0x3f, 0xff, 0xfe, 0x0, 0x0, 0x3f, 0xff, 0xfe,
    0x0, 0x0, 0x3f, 0xff, 0xfe, 0x0, 0x0, 0x3f,
    0xff, 0xfe, 0x0, 0x0, 0x3f, 0xff, 0xfe, 0x0,
    0x0, 0x3f, 0xff, 0xfe, 0x0, 0x0, 0x3f, 0xff,
    0xfe, 0x0, 0x0, 0x3f, 0xff, 0xfe, 0x0, 0x0,
    0x3f, 0xff, 0xfe, 0x0, 0x0, 0x3f, 0xff, 0xfe,
    0x0, 0x0, 0x3f, 0xff, 0xfe, 0x0, 0x0, 0x3f,
    0xff, 0xfe, 0x0, 0x0, 0x3f, 0xff, 0xfe, 0x0,
    0x0, 0x3f, 0xff, 0xfe, 0x0, 0x0, 0x3f, 0xff,
    0xfe, 0x0, 0x0, 0x3f, 0xff, 0xfe, 0x0, 0x0,
    0x3f, 0xff, 0xfe, 0x0, 0x0, 0x3f, 0xff, 0xfe,
    0x0, 0x0, 0x7f, 0xff, 0xfe, 0x0, 0x0, 0xbf,
    0xff, 0xfd, 0x0, 0x0, 0xff, 0xff, 0xfd, 0x0,
    0x3, 0xff, 0xff, 0xfc, 0x50, 0x6f, 0xff, 0xff,
    0xfc, 0xff, 0xff, 0xff, 0xff, 0xf4, 0xff, 0xff,
    0xff, 0xff, 0xf0, 0xff, 0xff, 0xff, 0xff, 0xd0,
    0xff, 0xff, 0xff, 0xff, 0x80, 0xff, 0xff, 0xff,
    0xfe, 0x0, 0xff, 0xff, 0xff, 0xf4, 0x0, 0xff,
    0xff, 0xff, 0x80, 0x0, 0x6f, 0xff, 0xe4, 0x0,
    0x0,

    /* U+006B "k" */
    0x7f, 0xff, 0xfd, 0x0, 0x0, 0x0, 0x0, 0x0,
    0x0, 0x1, 0xff, 0xff, 0xf4, 0x0, 0x0, 0x0,
    0x0, 0x0, 0x0, 0x7, 0xff, 0xff, 0xd0, 0x0,
    0x0, 0x0, 0x0, 0x0, 0x0, 0x1f, 0xff, 0xff,
    0x40, 0x0, 0x0, 0x0, 0x0, 0x0, 0x0, 0x7f,
    0xff, 0xfd, 0x0, 0x0, 0x0, 0x0, 0x0, 0x0,
    0x1, 0xff, 0xff, 0xf4, 0x0, 0x0, 0x0, 0x0,
    0x0, 0x0, 0x7, 0xff, 0xff, 0xd0, 0x0, 0x0,
    0x0, 0x0, 0x0, 0x0, 0x1f, 0xff, 0xff, 0x40,
    0x0, 0x0, 0x0, 0x0, 0x0, 0x0, 0x7f, 0xff,
    0xfd, 0x0, 0x0, 0x0, 0x0, 0x0, 0x0, 0x1,
    0xff, 0xff, 0xf4, 0x0, 0x0, 0x0, 0x0, 0x0,
    0x0, 0x7, 0xff, 0xff, 0xd0, 0x0, 0x0, 0x0,
    0x0, 0x0, 0x0, 0x1f, 0xff, 0xff, 0x40, 0x0,
    0x0, 0x0, 0x0, 0x0, 0x0, 0x7f, 0xff, 0xfd,
    0x0, 0x0, 0x0, 0x0, 0x0, 0x0, 0x1, 0xff,
    0xff, 0xf4, 0x0, 0x0, 0x0, 0x0, 0x0, 0x0,
    0x7, 0xff, 0xff, 0xd0, 0x0, 0x0, 0x0, 0x0,
    0x0, 0x0, 0x1f, 0xff, 0xff, 0x40, 0x0, 0x0,
    0x0, 0x0, 0x0, 0x0, 0x7f, 0xff, 0xfd, 0x0,
    0x0, 0x0, 0x0, 0x0, 0x0, 0x1, 0xff, 0xff,
    0xf4, 0x0, 0x0, 0x0, 0x0, 0x0, 0x0, 0x7,
    0xff, 0xff, 0xd0, 0x0, 0x0, 0x0, 0x0, 0x0,
    0x0, 0x1f, 0xff, 0xff, 0x40, 0x0, 0x0, 0x0,
    0x0, 0x0, 0x0, 0x7f, 0xff, 0xfd, 0x0, 0x0,
    0x0, 0x0, 0x0, 0x0, 0x1, 0xff, 0xff, 0xf4,
    0x0, 0x0, 0x0, 0x0, 0x0, 0x0, 0x7, 0xff,
    0xff, 0xd0, 0x0, 0x0, 0x0, 0x0, 0x0, 0x0,
    0x1f, 0xff, 0xff, 0x40, 0x0, 0x0, 0x0, 0xaa,
    0xaa, 0xa8, 0x7f, 0xff, 0xfd, 0x0, 0x0, 0x0,
    0xb, 0xff, 0xff, 0xd1, 0xff, 0xff, 0xf4, 0x0,
    0x0, 0x0, 0x7f, 0xff, 0xff, 0x7, 0xff, 0xff,
    0xd0, 0x0, 0x0, 0x3, 0xff, 0xff, 0xf4, 0x1f,
    0xff, 0xff, 0x40, 0x0, 0x0, 0x2f, 0xff, 0xff,
    0x80, 0x7f, 0xff, 0xfd, 0x0, 0x0, 0x0, 0xff,
    0xff, 0xfc, 0x1, 0xff, 0xff, 0xf4, 0x0, 0x0,
    0xf, 0xff, 0xff, 0xd0, 0x7, 0xff, 0xff, 0xd0,
    0x0, 0x0, 0x7f, 0xff, 0xff, 0x0, 0x1f, 0xff,
    0xff, 0x40, 0x0, 0x3, 0xff, 0xff, 0xf4, 0x0,
    0x7f, 0xff, 0xfd, 0x0, 0x0, 0x2f, 0xff, 0xff,
    0x80, 0x1, 0xff, 0xff, 0xf4, 0x0, 0x1, 0xff,
    0xff, 0xfc, 0x0, 0x7, 0xff, 0xff, 0xd0, 0x0,
    0xf, 0xff, 0xff, 0xd0, 0x0, 0x1f, 0xff, 0xff,
    0x40, 0x0, 0xbf, 0xff, 0xff, 0x0, 0x0, 0x7f,
    0xff, 0xfd, 0x0, 0x3, 0xff, 0xff, 0xf4, 0x0,
    0x1, 0xff, 0xff, 0xf4, 0x0, 0x3f, 0xff, 0xff,
    0x80, 0x0, 0x7, 0xff, 0xff, 0xd0, 0x1, 0xff,
    0xff, 0xfc, 0x0, 0x0, 0x1f, 0xff, 0xff, 0x40,
    0xf, 0xff, 0xff, 0xe0, 0x0, 0x0, 0x7f, 0xff,
    0xfd, 0x0, 0xbf, 0xff, 0xff, 0x0, 0x0, 0x1,
    0xff, 0xff, 0xf4, 0x7, 0xff, 0xff, 0xf4, 0x0,
    0x0, 0x7, 0xff, 0xff, 0xd0, 0x3f, 0xff, 0xff,
    0x80, 0x0, 0x0, 0x1f, 0xff, 0xff, 0x42, 0xff,
    0xff, 0xfc, 0x0, 0x0, 0x0, 0x7f, 0xff, 0xfd,
    0xf, 0xff, 0xff, 0xe0, 0x0, 0x0, 0x1, 0xff,
    0xff, 0xf4, 0xff, 0xff, 0xff, 0x0, 0x0, 0x0,
    0x7, 0xff, 0xff, 0xd7, 0xff, 0xff, 0xf8, 0x0,
    0x0, 0x0, 0x1f, 0xff, 0xff, 0x7f, 0xff, 0xff,
    0xf0, 0x0, 0x0, 0x0, 0x7f, 0xff, 0xff, 0xff,
    0xff, 0xff, 0xd0, 0x0, 0x0, 0x1, 0xff, 0xff,
    0xff, 0xff, 0xff, 0xff, 0x80, 0x0, 0x0, 0x7,
    0xff, 0xff, 0xff, 0xff, 0xff, 0xff, 0x0, 0x0,
    0x0, 0x1f, 0xff, 0xff, 0xff, 0xff, 0xff, 0xfd,
    0x0, 0x0, 0x0, 0x7f, 0xff, 0xff, 0xff, 0xbf,
    0xff, 0xfc, 0x0, 0x0, 0x1, 0xff, 0xff, 0xff,
    0xf0, 0xff, 0xff, 0xf0, 0x0, 0x0, 0x7, 0xff,
    0xff, 0xff, 0x43, 0xff, 0xff, 0xe0, 0x0, 0x0,
    0x1f, 0xff, 0xff, 0xfc, 0x7, 0xff, 0xff, 0xc0,
    0x0, 0x0, 0x7f, 0xff, 0xff, 0xc0, 0xf, 0xff,
    0xff, 0x40, 0x0, 0x1, 0xff, 0xff, 0xfd, 0x0,
    0x3f, 0xff, 0xfe, 0x0, 0x0, 0x7, 0xff, 0xff,
    0xf0, 0x0, 0x7f, 0xff, 0xfc, 0x0, 0x0, 0x1f,
    0xff, 0xff, 0x40, 0x0, 0xff, 0xff, 0xf4, 0x0,
    0x0, 0x7f, 0xff, 0xfd, 0x0, 0x2, 0xff, 0xff,
    0xf0, 0x0, 0x1, 0xff, 0xff, 0xf4, 0x0, 0x7,
    0xff, 0xff, 0xc0, 0x0, 0x7, 0xff, 0xff, 0xd0,
    0x0, 0xf, 0xff, 0xff, 0x80, 0x0, 0x1f, 0xff,
    0xff, 0x40, 0x0, 0x2f, 0xff, 0xff, 0x0, 0x0,
    0x7f, 0xff, 0xfd, 0x0, 0x0, 0x3f, 0xff, 0xfd,
    0x0, 0x1, 0xff, 0xff, 0xf4, 0x0, 0x0, 0xff,
    0xff, 0xf8, 0x0, 0x7, 0xff, 0xff, 0xd0, 0x0,
    0x1, 0xff, 0xff, 0xf0, 0x0, 0x1f, 0xff, 0xff,
    0x40, 0x0, 0x3, 0xff, 0xff, 0xd0, 0x0, 0x7f,
    0xff, 0xfd, 0x0, 0x0, 0xf, 0xff, 0xff, 0xc0,
    0x1, 0xff, 0xff, 0xf4, 0x0, 0x0, 0x1f, 0xff,
    0xff, 0x0, 0x7, 0xff, 0xff, 0xd0, 0x0, 0x0,
    0x3f, 0xff, 0xfe, 0x0, 0x1f, 0xff, 0xff, 0x40,
    0x0, 0x0, 0xbf, 0xff, 0xfc, 0x0, 0x7f, 0xff,
    0xfd, 0x0, 0x0, 0x1, 0xff, 0xff, 0xf4, 0x1,
    0xff, 0xff, 0xf4, 0x0, 0x0, 0x3, 0xff, 0xff,
    0xe0, 0x7, 0xff, 0xff, 0xd0, 0x0, 0x0, 0xb,
    0xff, 0xff, 0xc0, 0x1f, 0xff, 0xff, 0x40, 0x0,
    0x0, 0xf, 0xff, 0xff, 0x40, 0x7f, 0xff, 0xfd,
    0x0, 0x0, 0x0, 0x3f, 0xff, 0xff, 0x1, 0xff,
    0xff, 0xf4, 0x0, 0x0, 0x0, 0xbf, 0xff, 0xfc,
    0x7, 0xff, 0xff, 0xd0, 0x0, 0x0, 0x0, 0xff,
    0xff, 0xf8, 0x1f, 0xff, 0xff, 0x40, 0x0, 0x0,
    0x3, 0xff, 0xff, 0xf0, 0x7f, 0xff, 0xfd, 0x0,
    0x0, 0x0, 0x7, 0xff, 0xff, 0xd1, 0xaa, 0xaa,
    0xa0, 0x0, 0x0, 0x0, 0xa, 0xaa, 0xaa, 0x40,

    /* U+006C "l" */
    0xbf, 0xff, 0xfc, 0xbf, 0xff, 0xfc, 0xbf, 0xff,
    0xfc, 0xbf, 0xff, 0xfc, 0xbf, 0xff, 0xfc, 0xbf,
    0xff, 0xfc, 0xbf, 0xff, 0xfc, 0xbf, 0xff, 0xfc,
    0xbf, 0xff, 0xfc, 0xbf, 0xff, 0xfc, 0xbf, 0xff,
    0xfc, 0xbf, 0xff, 0xfc, 0xbf, 0xff, 0xfc, 0xbf,
    0xff, 0xfc, 0xbf, 0xff, 0xfc, 0xbf, 0xff, 0xfc,
    0xbf, 0xff, 0xfc, 0xbf, 0xff, 0xfc, 0xbf, 0xff,
    0xfc, 0xbf, 0xff, 0xfc, 0xbf, 0xff, 0xfc, 0xbf,
    0xff, 0xfc, 0xbf, 0xff, 0xfc, 0xbf, 0xff, 0xfc,
    0xbf, 0xff, 0xfc, 0xbf, 0xff, 0xfc, 0xbf, 0xff,
    0xfc, 0xbf, 0xff, 0xfc, 0xbf, 0xff, 0xfc, 0xbf,
    0xff, 0xfc, 0xbf, 0xff, 0xfc, 0xbf, 0xff, 0xfc,
    0xbf, 0xff, 0xfc, 0xbf, 0xff, 0xfc, 0xbf, 0xff,
    0xfc, 0xbf, 0xff, 0xfc, 0xbf, 0xff, 0xfc, 0xbf,
    0xff, 0xfc, 0xbf, 0xff, 0xfc, 0xbf, 0xff, 0xfc,
    0xbf, 0xff, 0xfc, 0xbf, 0xff, 0xfc, 0xbf, 0xff,
    0xfc, 0xbf, 0xff, 0xfc, 0xbf, 0xff, 0xfc, 0xbf,
    0xff, 0xfc, 0xbf, 0xff, 0xfc, 0xbf, 0xff, 0xfc,
    0xbf, 0xff, 0xfc, 0xbf, 0xff, 0xfc, 0xbf, 0xff,
    0xfc, 0xbf, 0xff, 0xfc, 0xbf, 0xff, 0xfc, 0xbf,
    0xff, 0xfc, 0xbf, 0xff, 0xfc, 0xbf, 0xff, 0xfc,
    0xbf, 0xff, 0xfc, 0xbf, 0xff, 0xfc, 0xbf, 0xff,
    0xfc, 0xbf, 0xff, 0xfc, 0xbf, 0xff, 0xfc, 0xbf,
    0xff, 0xfc, 0xbf, 0xff, 0xfc, 0xbf, 0xff, 0xfc,
    0xbf, 0xff, 0xfc, 0xbf, 0xff, 0xfc, 0xbf, 0xff,
    0xfc, 0xbf, 0xff, 0xfc, 0xbf, 0xff, 0xfc, 0xbf,
    0xff, 0xfc, 0xbf, 0xff, 0xfc, 0xbf, 0xff, 0xfc,
    0xbf, 0xff, 0xfc, 0xbf, 0xff, 0xfc, 0xbf, 0xff,
    0xfc, 0xbf, 0xff, 0xfc, 0xbf, 0xff, 0xfc, 0xbf,
    0xff, 0xfc, 0xbf, 0xff, 0xfc, 0xbf, 0xff, 0xfc,
    0xbf, 0xff, 0xfc, 0x6a, 0xaa, 0xa8,

    /* U+006D "m" */
    0x0, 0x0, 0x0, 0x0, 0x0, 0x0, 0x0, 0x0,
    0x0, 0x0, 0x0, 0x0, 0x0, 0x0, 0x0, 0x0,
    0x0, 0x0, 0x0, 0x1b, 0xff, 0x90, 0x0, 0x0,
    0x0, 0x6b, 0xff, 0x90, 0x0, 0xbf, 0xff, 0xf4,
    0x0, 0x7f, 0xff, 0xff, 0xe0, 0x0, 0x0, 0x7f,
    0xff, 0xff, 0xc0, 0xb, 0xff, 0xff, 0x40, 0x3f,
    0xff, 0xff, 0xff, 0x80, 0x0, 0x7f, 0xff, 0xff,
    0xff, 0x40, 0xbf, 0xff, 0xf4, 0x2f, 0xff, 0xff,
    0xff, 0xfe, 0x0, 0x2f, 0xff, 0xff, 0xff, 0xfc,
    0xb, 0xff, 0xff, 0x4b, 0xff, 0xff, 0xff, 0xff,
    0xf0, 0xf, 0xff, 0xff, 0xff, 0xff, 0xf0, 0xbf,
    0xff, 0xf6, 0xff, 0xff, 0xff, 0xff, 0xff, 0x83,
    0xff, 0xff, 0xff, 0xff, 0xff, 0x4b, 0xff, 0xff,
    0xff, 0xff, 0xff, 0xff, 0xff, 0xfc, 0xff, 0xff,
    0xff, 0xff, 0xff, 0xfc, 0xbf, 0xff, 0xff, 0xff,
    0x40, 0x1f, 0xff, 0xff, 0xff, 0xff, 0x40, 0x2f,
    0xff, 0xff, 0xcb, 0xff, 0xff, 0xff, 0x40, 0x0,
    0x3f, 0xff, 0xff, 0xff, 0x40, 0x0, 0x7f, 0xff,
    0xfd, 0xbf, 0xff, 0xff, 0x80, 0x0, 0x1, 0xff,
    0xff, 0xff, 0x80, 0x0, 0x2, 0xff, 0xff, 0xeb,
    0xff, 0xff, 0xe0, 0x0, 0x0, 0xf, 0xff, 0xff,
    0xd0, 0x0, 0x0, 0x1f, 0xff, 0xff, 0xbf, 0xff,
    0xf8, 0x0, 0x0, 0x0, 0xff, 0xff, 0xf4, 0x0,
    0x0, 0x0, 0xff, 0xff, 0xfb, 0xff, 0xff, 0x40,
    0x0, 0x0, 0xf, 0xff, 0xff, 0x0, 0x0, 0x0,
    0xf, 0xff, 0xff, 0xbf, 0xff, 0xf4, 0x0, 0x0,
    0x0, 0xbf, 0xff, 0xf0, 0x0, 0x0, 0x0, 0xff,
    0xff, 0xfb, 0xff, 0xff, 0x40, 0x0, 0x0, 0xb,
    0xff, 0xff, 0x0, 0x0, 0x0, 0xf, 0xff, 0xff,
    0xbf, 0xff, 0xf4, 0x0, 0x0, 0x0, 0xbf, 0xff,
    0xf0, 0x0, 0x0, 0x0, 0xff, 0xff, 0xfb, 0xff,
    0xff, 0x40, 0x0, 0x0, 0xb, 0xff, 0xff, 0x0,
    0x0, 0x0, 0xf, 0xff, 0xff, 0xbf, 0xff, 0xf4,
    0x0, 0x0, 0x0, 0xbf, 0xff, 0xf0, 0x0, 0x0,
    0x0, 0xff, 0xff, 0xfb, 0xff, 0xff, 0x40, 0x0,
    0x0, 0xb, 0xff, 0xff, 0x0, 0x0, 0x0, 0xf,
    0xff, 0xff, 0xbf, 0xff, 0xf4, 0x0, 0x0, 0x0,
    0xbf, 0xff, 0xf0, 0x0, 0x0, 0x0, 0xff, 0xff,
    0xfb, 0xff, 0xff, 0x40, 0x0, 0x0, 0xb, 0xff,
    0xff, 0x0, 0x0, 0x0, 0xf, 0xff, 0xff, 0xbf,
    0xff, 0xf4, 0x0, 0x0, 0x0, 0xbf, 0xff, 0xf0,
    0x0, 0x0, 0x0, 0xff, 0xff, 0xfb, 0xff, 0xff,
    0x40, 0x0, 0x0, 0xb, 0xff, 0xff, 0x0, 0x0,
    0x0, 0xf, 0xff, 0xff, 0xbf, 0xff, 0xf4, 0x0,
    0x0, 0x0, 0xbf, 0xff, 0xf0, 0x0, 0x0, 0x0,
    0xff, 0xff, 0xfb, 0xff, 0xff, 0x40, 0x0, 0x0,
    0xb, 0xff, 0xff, 0x0, 0x0, 0x0, 0xf, 0xff,
    0xff, 0xbf, 0xff, 0xf4, 0x0, 0x0, 0x0, 0xbf,
    0xff, 0xf0, 0x0, 0x0, 0x0, 0xff, 0xff, 0xfb,
    0xff, 0xff, 0x40, 0x0, 0x0, 0xb, 0xff, 0xff,
    0x0, 0x0, 0x0, 0xf, 0xff, 0xff, 0xbf, 0xff,
    0xf4, 0x0, 0x0, 0x0, 0xbf, 0xff, 0xf0, 0x0,
    0x0, 0x0, 0xff, 0xff, 0xfb, 0xff, 0xff, 0x40,
    0x0, 0x0, 0xb, 0xff, 0xff, 0x0, 0x0, 0x0,
    0xf, 0xff, 0xff, 0xbf, 0xff, 0xf4, 0x0, 0x0,
    0x0, 0xbf, 0xff, 0xf0, 0x0, 0x0, 0x0, 0xff,
    0xff, 0xfb, 0xff, 0xff, 0x40, 0x0, 0x0, 0xb,
    0xff, 0xff, 0x0, 0x0, 0x0, 0xf, 0xff, 0xff,
    0xbf, 0xff, 0xf4, 0x0, 0x0, 0x0, 0xbf, 0xff,
    0xf0, 0x0, 0x0, 0x0, 0xff, 0xff, 0xfb, 0xff,
    0xff, 0x40, 0x0, 0x0, 0xb, 0xff, 0xff, 0x0,
    0x0, 0x0, 0xf, 0xff, 0xff, 0xbf, 0xff, 0xf4,
    0x0, 0x0, 0x0, 0xbf, 0xff, 0xf0, 0x0, 0x0,
    0x0, 0xff, 0xff, 0xfb, 0xff, 0xff, 0x40, 0x0,
    0x0, 0xb, 0xff, 0xff, 0x0, 0x0, 0x0, 0xf,
    0xff, 0xff, 0xbf, 0xff, 0xf4, 0x0, 0x0, 0x0,
    0xbf, 0xff, 0xf0, 0x0, 0x0, 0x0, 0xff, 0xff,
    0xfb, 0xff, 0xff, 0x40, 0x0, 0x0, 0xb, 0xff,
    0xff, 0x0, 0x0, 0x0, 0xf, 0xff, 0xff, 0xbf,
    0xff, 0xf4, 0x0, 0x0, 0x0, 0xbf, 0xff, 0xf0,
    0x0, 0x0, 0x0, 0xff, 0xff, 0xfb, 0xff, 0xff,
    0x40, 0x0, 0x0, 0xb, 0xff, 0xff, 0x0, 0x0,
    0x0, 0xf, 0xff, 0xff, 0xbf, 0xff, 0xf4, 0x0,
    0x0, 0x0, 0xbf, 0xff, 0xf0, 0x0, 0x0, 0x0,
    0xff, 0xff, 0xfb, 0xff, 0xff, 0x40, 0x0, 0x0,
    0xb, 0xff, 0xff, 0x0, 0x0, 0x0, 0xf, 0xff,
    0xff, 0xbf, 0xff, 0xf4, 0x0, 0x0, 0x0, 0xbf,
    0xff, 0xf0, 0x0, 0x0, 0x0, 0xff, 0xff, 0xfb,
    0xff, 0xff, 0x40, 0x0, 0x0, 0xb, 0xff, 0xff,
    0x0, 0x0, 0x0, 0xf, 0xff, 0xff, 0xbf, 0xff,
    0xf4, 0x0, 0x0, 0x0, 0xbf, 0xff, 0xf0, 0x0,
    0x0, 0x0, 0xff, 0xff, 0xfb, 0xff, 0xff, 0x40,
    0x0, 0x0, 0xb, 0xff, 0xff, 0x0, 0x0, 0x0,
    0xf, 0xff, 0xff, 0xbf, 0xff, 0xf4, 0x0, 0x0,
    0x0, 0xbf, 0xff, 0xf0, 0x0, 0x0, 0x0, 0xff,
    0xff, 0xfb, 0xff, 0xff, 0x40, 0x0, 0x0, 0xb,
    0xff, 0xff, 0x0, 0x0, 0x0, 0xf, 0xff, 0xff,
    0xbf, 0xff, 0xf4, 0x0, 0x0, 0x0, 0xbf, 0xff,
    0xf0, 0x0, 0x0, 0x0, 0xff, 0xff, 0xfb, 0xff,
    0xff, 0x40, 0x0, 0x0, 0xb, 0xff, 0xff, 0x0,
    0x0, 0x0, 0xf, 0xff, 0xff, 0xbf, 0xff, 0xf4,
    0x0, 0x0, 0x0, 0xbf, 0xff, 0xf0, 0x0, 0x0,
    0x0, 0xff, 0xff, 0xfb, 0xff, 0xff, 0x40, 0x0,
    0x0, 0xb, 0xff, 0xff, 0x0, 0x0, 0x0, 0xf,
    0xff, 0xff, 0xbf, 0xff, 0xf4, 0x0, 0x0, 0x0,
    0xbf, 0xff, 0xf0, 0x0, 0x0, 0x0, 0xff, 0xff,
    0xfb, 0xff, 0xff, 0x40, 0x0, 0x0, 0xb, 0xff,
    0xff, 0x0, 0x0, 0x0, 0xf, 0xff, 0xff, 0xbf,
    0xff, 0xf4, 0x0, 0x0, 0x0, 0xbf, 0xff, 0xf0,
    0x0, 0x0, 0x0, 0xff, 0xff, 0xfb, 0xff, 0xff,
    0x40, 0x0, 0x0, 0xb, 0xff, 0xff, 0x0, 0x0,
    0x0, 0xf, 0xff, 0xff, 0xbf, 0xff, 0xf4, 0x0,
    0x0, 0x0, 0xbf, 0xff, 0xf0, 0x0, 0x0, 0x0,
    0xff, 0xff, 0xfb, 0xff, 0xff, 0x40, 0x0, 0x0,
    0xb, 0xff, 0xff, 0x0, 0x0, 0x0, 0xf, 0xff,
    0xff, 0xbf, 0xff, 0xf4, 0x0, 0x0, 0x0, 0xbf,
    0xff, 0xf0, 0x0, 0x0, 0x0, 0xff, 0xff, 0xfb,
    0xff, 0xff, 0x40, 0x0, 0x0, 0xb, 0xff, 0xff,
    0x0, 0x0, 0x0, 0xf, 0xff, 0xff,

    /* U+006E "n" */
    0x0, 0x0, 0x0, 0x0, 0x0, 0x6f, 0xff, 0x40,
    0xb, 0xff, 0xff, 0xc0, 0x0, 0xbf, 0xff, 0xff,
    0x40, 0xbf, 0xff, 0xfc, 0x0, 0xbf, 0xff, 0xff,
    0xfc, 0xb, 0xff, 0xff, 0xc0, 0x3f, 0xff, 0xff,
    0xff, 0xf0, 0xbf, 0xff, 0xfc, 0x1f, 0xff, 0xff,
    0xff, 0xff, 0x4b, 0xff, 0xff, 0xcb, 0xff, 0xff,
    0xff, 0xff, 0xfc, 0xbf, 0xff, 0xff, 0xff, 0xff,
    0xff, 0xff, 0xff, 0xcb, 0xff, 0xff, 0xff, 0xff,
    0xff, 0xff, 0xff, 0xfd, 0xbf, 0xff, 0xff, 0xff,
    0xe6, 0xbf, 0xff, 0xff, 0xeb, 0xff, 0xff, 0xff,
    0x80, 0x1, 0xff, 0xff, 0xff, 0xbf, 0xff, 0xff,
    0xd0, 0x0, 0xb, 0xff, 0xff, 0xfb, 0xff, 0xff,
    0xe0, 0x0, 0x0, 0x3f, 0xff, 0xff, 0xbf, 0xff,
    0xfc, 0x0, 0x0, 0x3, 0xff, 0xff, 0xfb, 0xff,
    0xff, 0xc0, 0x0, 0x0, 0x3f, 0xff, 0xff, 0xbf,
    0xff, 0xfc, 0x0, 0x0, 0x3, 0xff, 0xff, 0xfb,
    0xff, 0xff, 0xc0, 0x0, 0x0, 0x3f, 0xff, 0xff,
    0xbf, 0xff, 0xfc, 0x0, 0x0, 0x3, 0xff, 0xff,
    0xfb, 0xff, 0xff, 0xc0, 0x0, 0x0, 0x3f, 0xff,
    0xff, 0xbf, 0xff, 0xfc, 0x0, 0x0, 0x3, 0xff,
    0xff, 0xfb, 0xff, 0xff, 0xc0, 0x0, 0x0, 0x3f,
    0xff, 0xff, 0xbf, 0xff, 0xfc, 0x0, 0x0, 0x3,
    0xff, 0xff, 0xfb, 0xff, 0xff, 0xc0, 0x0, 0x0,
    0x3f, 0xff, 0xff, 0xbf, 0xff, 0xfc, 0x0, 0x0,
    0x3, 0xff, 0xff, 0xfb, 0xff, 0xff, 0xc0, 0x0,
    0x0, 0x3f, 0xff, 0xff, 0xbf, 0xff, 0xfc, 0x0,
    0x0, 0x3, 0xff, 0xff, 0xfb, 0xff, 0xff, 0xc0,
    0x0, 0x0, 0x3f, 0xff, 0xff, 0xbf, 0xff, 0xfc,
    0x0, 0x0, 0x3, 0xff, 0xff, 0xfb, 0xff, 0xff,
    0xc0, 0x0, 0x0, 0x3f, 0xff, 0xff, 0xbf, 0xff,
    0xfc, 0x0, 0x0, 0x3, 0xff, 0xff, 0xfb, 0xff,
    0xff, 0xc0, 0x0, 0x0, 0x3f, 0xff, 0xff, 0xbf,
    0xff, 0xfc, 0x0, 0x0, 0x3, 0xff, 0xff, 0xfb,
    0xff, 0xff, 0xc0, 0x0, 0x0, 0x3f, 0xff, 0xff,
    0xbf, 0xff, 0xfc, 0x0, 0x0, 0x3, 0xff, 0xff,
    0xfb, 0xff, 0xff, 0xc0, 0x0, 0x0, 0x3f, 0xff,
    0xff, 0xbf, 0xff, 0xfc, 0x0, 0x0, 0x3, 0xff,
    0xff, 0xfb, 0xff, 0xff, 0xc0, 0x0, 0x0, 0x3f,
    0xff, 0xff, 0xbf, 0xff, 0xfc, 0x0, 0x0, 0x3,
    0xff, 0xff, 0xfb, 0xff, 0xff, 0xc0, 0x0, 0x0,
    0x3f, 0xff, 0xff, 0xbf, 0xff, 0xfc, 0x0, 0x0,
    0x3, 0xff, 0xff, 0xfb, 0xff, 0xff, 0xc0, 0x0,
    0x0, 0x3f, 0xff, 0xff, 0xbf, 0xff, 0xfc, 0x0,
    0x0, 0x3, 0xff, 0xff, 0xfb, 0xff, 0xff, 0xc0,
    0x0, 0x0, 0x3f, 0xff, 0xff, 0xbf, 0xff, 0xfc,
    0x0, 0x0, 0x3, 0xff, 0xff, 0xfb, 0xff, 0xff,
    0xc0, 0x0, 0x0, 0x3f, 0xff, 0xff, 0xbf, 0xff,
    0xfc, 0x0, 0x0, 0x3, 0xff, 0xff, 0xfb, 0xff,
    0xff, 0xc0, 0x0, 0x0, 0x3f, 0xff, 0xff, 0xbf,
    0xff, 0xfc, 0x0, 0x0, 0x3, 0xff, 0xff, 0xfb,
    0xff, 0xff, 0xc0, 0x0, 0x0, 0x3f, 0xff, 0xff,
    0xbf, 0xff, 0xfc, 0x0, 0x0, 0x3, 0xff, 0xff,
    0xfb, 0xff, 0xff, 0xc0, 0x0, 0x0, 0x3f, 0xff,
    0xff, 0xbf, 0xff, 0xfc, 0x0, 0x0, 0x3, 0xff,
    0xff, 0xfb, 0xff, 0xff, 0xc0, 0x0, 0x0, 0x3f,
    0xff, 0xff, 0xbf, 0xff, 0xfc, 0x0, 0x0, 0x3,
    0xff, 0xff, 0xfb, 0xff, 0xff, 0xc0, 0x0, 0x0,
    0x3f, 0xff, 0xff, 0xbf, 0xff, 0xfc, 0x0, 0x0,
    0x3, 0xff, 0xff, 0xfb, 0xff, 0xff, 0xc0, 0x0,
    0x0, 0x3f, 0xff, 0xff, 0xbf, 0xff, 0xfc, 0x0,
    0x0, 0x3, 0xff, 0xff, 0xfb, 0xff, 0xff, 0xc0,
    0x0, 0x0, 0x3f, 0xff, 0xff, 0xbf, 0xff, 0xfc,
    0x0, 0x0, 0x3, 0xff, 0xff, 0xf0,

    /* U+006F "o" */
    0x0, 0x0, 0x1, 0xaf, 0xff, 0xe4, 0x0, 0x0,
    0x0, 0x0, 0x0, 0xbf, 0xff, 0xff, 0xff, 0x40,
    0x0, 0x0, 0x0, 0x2f, 0xff, 0xff, 0xff, 0xff,
    0xc0, 0x0, 0x0, 0x3, 0xff, 0xff, 0xff, 0xff,
    0xff, 0xd0, 0x0, 0x0, 0x3f, 0xff, 0xff, 0xff,
    0xff, 0xff, 0xd0, 0x0, 0x2, 0xff, 0xff, 0xff,
    0xff, 0xff, 0xff, 0xc0, 0x0, 0x1f, 0xff, 0xff,
    0xff, 0xff, 0xff, 0xff, 0xc0, 0x0, 0xff, 0xff,
    0xff, 0xff, 0xff, 0xff, 0xff, 0x40, 0x7, 0xff,
    0xff, 0xf8, 0x1, 0xff, 0xff, 0xff, 0x0, 0x3f,
    0xff, 0xff, 0x40, 0x0, 0xbf, 0xff, 0xfd, 0x0,
    0xff, 0xff, 0xf8, 0x0, 0x0, 0xff, 0xff, 0xf8,
    0x7, 0xff, 0xff, 0xc0, 0x0, 0x2, 0xff, 0xff,
    0xf0, 0x2f, 0xff, 0xfe, 0x0, 0x0, 0x3, 0xff,
    0xff, 0xc0, 0xff, 0xff, 0xf4, 0x0, 0x0, 0xf,
    0xff, 0xff, 0x43, 0xff, 0xff, 0xd0, 0x0, 0x0,
    0x3f, 0xff, 0xfe, 0xf, 0xff, 0xff, 0x40, 0x0,
    0x0, 0xff, 0xff, 0xf8, 0x7f, 0xff, 0xfc, 0x0,
    0x0, 0x2, 0xff, 0xff, 0xf1, 0xff, 0xff, 0xf0,
    0x0, 0x0, 0xb, 0xff, 0xff, 0xcb, 0xff, 0xff,
    0xc0, 0x0, 0x0, 0x2f, 0xff, 0xff, 0x2f, 0xff,
    0xff, 0x0, 0x0, 0x0, 0xbf, 0xff, 0xfc, 0xbf,
    0xff, 0xfc, 0x0, 0x0, 0x2, 0xff, 0xff, 0xf2,
    0xff, 0xff, 0xf0, 0x0, 0x0, 0xb, 0xff, 0xff,
    0xcb, 0xff, 0xff, 0xc0, 0x0, 0x0, 0x2f, 0xff,
    0xff, 0x2f, 0xff, 0xff, 0x0, 0x0, 0x0, 0xbf,
    0xff, 0xfc, 0xbf, 0xff, 0xfc, 0x0, 0x0, 0x2,
    0xff, 0xff, 0xf2, 0xff, 0xff, 0xf0, 0x0, 0x0,
    0xb, 0xff, 0xff, 0xcb, 0xff, 0xff, 0xc0, 0x0,
    0x0, 0x2f, 0xff, 0xff, 0x2f, 0xff, 0xff, 0x0,
    0x0, 0x0, 0xbf, 0xff, 0xfc, 0xbf, 0xff, 0xfc,
    0x0, 0x0, 0x2, 0xff, 0xff, 0xf2, 0xff, 0xff,
    0xf0, 0x0, 0x0, 0xb, 0xff, 0xff, 0xcb, 0xff,
    0xff, 0xc0, 0x0, 0x0, 0x2f, 0xff, 0xff, 0x2f,
    0xff, 0xff, 0x0, 0x0, 0x0, 0xbf, 0xff, 0xfc,
    0xbf, 0xff, 0xfc, 0x0, 0x0, 0x2, 0xff, 0xff,
    0xf2, 0xff, 0xff, 0xf0, 0x0, 0x0, 0xb, 0xff,
    0xff, 0xcb, 0xff, 0xff, 0xc0, 0x0, 0x0, 0x2f,
    0xff, 0xff, 0x2f, 0xff, 0xff, 0x0, 0x0, 0x0,
    0xbf, 0xff, 0xfc, 0xbf, 0xff, 0xfc, 0x0, 0x0,
    0x2, 0xff, 0xff, 0xf2, 0xff, 0xff, 0xf0, 0x0,
    0x0, 0xb, 0xff, 0xff, 0xcb, 0xff, 0xff, 0xc0,
    0x0, 0x0, 0x2f, 0xff, 0xff, 0x2f, 0xff, 0xff,
    0x0, 0x0, 0x0, 0xbf, 0xff, 0xfc, 0xbf, 0xff,
    0xfc, 0x0, 0x0, 0x2, 0xff, 0xff, 0xf2, 0xff,
    0xff, 0xf0, 0x0, 0x0, 0xb, 0xff, 0xff, 0xc7,
    0xff, 0xff, 0xc0, 0x0, 0x0, 0x2f, 0xff, 0xff,
    0x1f, 0xff, 0xff, 0x0, 0x0, 0x0, 0xbf, 0xff,
    0xfc, 0x3f, 0xff, 0xfd, 0x0, 0x0, 0x3, 0xff,
    0xff, 0xe0, 0xff, 0xff, 0xf4, 0x0, 0x0, 0xf,
    0xff, 0xff, 0x83, 0xff, 0xff, 0xd0, 0x0, 0x0,
    0x3f, 0xff, 0xfd, 0xb, 0xff, 0xff, 0x80, 0x0,
    0x0, 0xff, 0xff, 0xf0, 0x1f, 0xff, 0xff, 0x0,
    0x0, 0x7, 0xff, 0xff, 0xc0, 0x3f, 0xff, 0xfd,
    0x0, 0x0, 0x3f, 0xff, 0xfe, 0x0, 0xff, 0xff,
    0xfc, 0x0, 0x2, 0xff, 0xff, 0xf4, 0x1, 0xff,
    0xff, 0xfe, 0x0, 0x6f, 0xff, 0xff, 0xc0, 0x3,
    0xff, 0xff, 0xff, 0xff, 0xff, 0xff, 0xfd, 0x0,
    0x7, 0xff, 0xff, 0xff, 0xff, 0xff, 0xff, 0xf0,
    0x0, 0xb, 0xff, 0xff, 0xff, 0xff, 0xff, 0xff,
    0x0, 0x0, 0xf, 0xff, 0xff, 0xff, 0xff, 0xff,
    0xf4, 0x0, 0x0, 0xf, 0xff, 0xff, 0xff, 0xff,
    0xff, 0x40, 0x0, 0x0, 0xb, 0xff, 0xff, 0xff,
    0xff, 0xf4, 0x0, 0x0, 0x0, 0x2, 0xff, 0xff,
    0xff, 0xfd, 0x0, 0x0, 0x0, 0x0, 0x0, 0x6b,
    0xff, 0xf9, 0x0, 0x0, 0x0,

    /* U+0070 "p" */
    0x15, 0x55, 0x54, 0x0, 0xb, 0xff, 0xe4, 0x0,
    0x0, 0xbf, 0xff, 0xfc, 0x1, 0xff, 0xff, 0xff,
    0x0, 0x0, 0xbf, 0xff, 0xfc, 0xb, 0xff, 0xff,
    0xff, 0xd0, 0x0, 0xbf, 0xff, 0xfc, 0x3f, 0xff,
    0xff, 0xff, 0xf4, 0x0, 0xbf, 0xff, 0xfd, 0xff,
    0xff, 0xff, 0xff, 0xfc, 0x0, 0xbf, 0xff, 0xff,
    0xff, 0xff, 0xff, 0xff, 0xff, 0x0, 0xbf, 0xff,
    0xff, 0xff, 0xff, 0xff, 0xff, 0xff, 0x40, 0xbf,
    0xff, 0xff, 0xff, 0xff, 0xff, 0xff, 0xff, 0xc0,
    0xbf, 0xff, 0xff, 0xff, 0xa6, 0xff, 0xff, 0xff,
    0xd0, 0xbf, 0xff, 0xff, 0xf4, 0x0, 0x1f, 0xff,
    0xff, 0xe0, 0xbf, 0xff, 0xff, 0x40, 0x0, 0x7,
    0xff, 0xff, 0xf0, 0xbf, 0xff, 0xfc, 0x0, 0x0,
    0x3, 0xff, 0xff, 0xf0, 0xbf, 0xff, 0xfc, 0x0,
    0x0, 0x1, 0xff, 0xff, 0xf4, 0xbf, 0xff, 0xfc,
    0x0, 0x0, 0x0, 0xff, 0xff, 0xf8, 0xbf, 0xff,
    0xfc, 0x0, 0x0, 0x0, 0xff, 0xff, 0xfc, 0xbf,
    0xff, 0xfc, 0x0, 0x0, 0x0, 0xff, 0xff, 0xfc,
    0xbf, 0xff, 0xfc, 0x0, 0x0, 0x0, 0xbf, 0xff,
    0xfc, 0xbf, 0xff, 0xfc, 0x0, 0x0, 0x0, 0xbf,
    0xff, 0xfc, 0xbf, 0xff, 0xfc, 0x0, 0x0, 0x0,
    0x7f, 0xff, 0xfc, 0xbf, 0xff, 0xfc, 0x0, 0x0,
    0x0, 0x7f, 0xff, 0xfc, 0xbf, 0xff, 0xfc, 0x0,
    0x0, 0x0, 0x7f, 0xff, 0xfd, 0xbf, 0xff, 0xfc,
    0x0, 0x0, 0x0, 0x7f, 0xff, 0xfd, 0xbf, 0xff,
    0xfc, 0x0, 0x0, 0x0, 0x7f, 0xff, 0xfd, 0xbf,
    0xff, 0xfc, 0x0, 0x0, 0x0, 0x7f, 0xff, 0xfd,
    0xbf, 0xff, 0xfc, 0x0, 0x0, 0x0, 0x7f, 0xff,
    0xfd, 0xbf, 0xff, 0xfc, 0x0, 0x0, 0x0, 0x7f,
    0xff, 0xfd, 0xbf, 0xff, 0xfc, 0x0, 0x0, 0x0,
    0x7f, 0xff, 0xfd, 0xbf, 0xff, 0xfc, 0x0, 0x0,
    0x0, 0x7f, 0xff, 0xfd, 0xbf, 0xff, 0xfc, 0x0,
    0x0, 0x0, 0x7f, 0xff, 0xfd, 0xbf, 0xff, 0xfc,
    0x0, 0x0, 0x0, 0x7f, 0xff, 0xfd, 0xbf, 0xff,
    0xfc, 0x0, 0x0, 0x0, 0x7f, 0xff, 0xfd, 0xbf,
    0xff, 0xfc, 0x0, 0x0, 0x0, 0x7f, 0xff, 0xfd,
    0xbf, 0xff, 0xfc, 0x0, 0x0, 0x0, 0x7f, 0xff,
    0xfd, 0xbf, 0xff, 0xfc, 0x0, 0x0, 0x0, 0x7f,
    0xff, 0xfd, 0xbf, 0xff, 0xfc, 0x0, 0x0, 0x0,
    0x7f, 0xff, 0xfd, 0xbf, 0xff, 0xfc, 0x0, 0x0,
    0x0, 0x7f, 0xff, 0xfd, 0xbf, 0xff, 0xfc, 0x0,
    0x0, 0x0, 0x7f, 0xff, 0xfd, 0xbf, 0xff, 0xfc,
    0x0, 0x0, 0x0, 0x7f, 0xff, 0xfd, 0xbf, 0xff,
    0xfc, 0x0, 0x0, 0x0, 0x7f, 0xff, 0xfc, 0xbf,
    0xff, 0xfc, 0x0, 0x0, 0x0, 0x7f, 0xff, 0xfc,
    0xbf, 0xff, 0xfc, 0x0, 0x0, 0x0, 0xbf, 0xff,
    0xfc, 0xbf, 0xff, 0xfc, 0x0, 0x0, 0x0, 0xbf,
    0xff, 0xfc, 0xbf, 0xff, 0xfc, 0x0, 0x0, 0x0,
    0xbf, 0xff, 0xfc, 0xbf, 0xff, 0xfc, 0x0, 0x0,
    0x0, 0xbf, 0xff, 0xfc, 0xbf, 0xff, 0xfc, 0x0,
    0x0, 0x0, 0xff, 0xff, 0xf8, 0xbf, 0xff, 0xfc,
    0x0, 0x0, 0x0, 0xff, 0xff, 0xf4, 0xbf, 0xff,
    0xfc, 0x0, 0x0, 0x0, 0xff, 0xff, 0xf4, 0xbf,
    0xff, 0xfc, 0x0, 0x0, 0x2, 0xff, 0xff, 0xf0,
    0xbf, 0xff, 0xfd, 0x0, 0x0, 0x3, 0xff, 0xff,
    0xf0, 0xbf, 0xff, 0xff, 0x80, 0x0, 0xb, 0xff,
    0xff, 0xe0, 0xbf, 0xff, 0xff, 0xfd, 0x0, 0x6f,
    0xff, 0xff, 0xc0, 0xbf, 0xff, 0xff, 0xff, 0xff,
    0xff, 0xff, 0xff, 0x80, 0xbf, 0xff, 0xff, 0xff,
    0xff, 0xff, 0xff, 0xff, 0x40, 0xbf, 0xff, 0xff,
    0xff, 0xff, 0xff, 0xff, 0xfe, 0x0, 0xbf, 0xff,
    0xff, 0xff, 0xff, 0xff, 0xff, 0xfc, 0x0, 0xbf,
    0xff, 0xfc, 0xbf, 0xff, 0xff, 0xff, 0xf4, 0x0,
    0xbf, 0xff, 0xfc, 0x2f, 0xff, 0xff, 0xff, 0xd0,
    0x0, 0xbf, 0xff, 0xfc, 0x7, 0xff, 0xff, 0xff,
    0x0, 0x0, 0xbf, 0xff, 0xfc, 0x0, 0xbf, 0xff,
    0xf4, 0x0, 0x0, 0xbf, 0xff, 0xfc, 0x0, 0x1,
    0x55, 0x0, 0x0, 0x0, 0xbf, 0xff, 0xfc, 0x0,
    0x0, 0x0, 0x0, 0x0, 0x0, 0xbf, 0xff, 0xfc,
    0x0, 0x0, 0x0, 0x0, 0x0, 0x0, 0xbf, 0xff,
    0xfc, 0x0, 0x0, 0x0, 0x0, 0x0, 0x0, 0xbf,
    0xff, 0xfc, 0x0, 0x0, 0x0, 0x0, 0x0, 0x0,
    0xbf, 0xff, 0xfc, 0x0, 0x0, 0x0, 0x0, 0x0,
    0x0, 0xbf, 0xff, 0xfc, 0x0, 0x0, 0x0, 0x0,
    0x0, 0x0, 0xbf, 0xff, 0xfc, 0x0, 0x0, 0x0,
    0x0, 0x0, 0x0, 0xbf, 0xff, 0xfc, 0x0, 0x0,
    0x0, 0x0, 0x0, 0x0, 0xbf, 0xff, 0xfc, 0x0,
    0x0, 0x0, 0x0, 0x0, 0x0, 0xbf, 0xff, 0xfc,
    0x0, 0x0, 0x0, 0x0, 0x0, 0x0, 0xbf, 0xff,
    0xfc, 0x0, 0x0, 0x0, 0x0, 0x0, 0x0, 0xbf,
    0xff, 0xfc, 0x0, 0x0, 0x0, 0x0, 0x0, 0x0,
    0xbf, 0xff, 0xfc, 0x0, 0x0, 0x0, 0x0, 0x0,
    0x0, 0xbf, 0xff, 0xfc, 0x0, 0x0, 0x0, 0x0,
    0x0, 0x0, 0xbf, 0xff, 0xfc, 0x0, 0x0, 0x0,
    0x0, 0x0, 0x0, 0xbf, 0xff, 0xfc, 0x0, 0x0,
    0x0, 0x0, 0x0, 0x0, 0xbf, 0xff, 0xfc, 0x0,
    0x0, 0x0, 0x0, 0x0, 0x0, 0xbf, 0xff, 0xfc,
    0x0, 0x0, 0x0, 0x0, 0x0, 0x0,

    /* U+0071 "q" */
    0x0, 0x0, 0x6, 0xff, 0xe4, 0x0, 0x55, 0x55,
    0x54, 0x0, 0x2, 0xff, 0xff, 0xfd, 0x3, 0xff,
    0xff, 0xf0, 0x0, 0x7f, 0xff, 0xff, 0xfe, 0xf,
    0xff, 0xff, 0xc0, 0x7, 0xff, 0xff, 0xff, 0xff,
    0x3f, 0xff, 0xff, 0x0, 0x3f, 0xff, 0xff, 0xff,
    0xff, 0xff, 0xff, 0xfc, 0x3, 0xff, 0xff, 0xff,
    0xff, 0xff, 0xff, 0xff, 0xf0, 0x1f, 0xff, 0xff,
    0xff, 0xff, 0xff, 0xff, 0xff, 0xc0, 0xff, 0xff,
    0xff, 0xff, 0xff, 0xff, 0xff, 0xff, 0x7, 0xff,
    0xff, 0xff, 0x9a, 0xff, 0xff, 0xff, 0xfc, 0x2f,
    0xff, 0xff, 0xc0, 0x0, 0x7f, 0xff, 0xff, 0xf0,
    0xff, 0xff, 0xfc, 0x0, 0x0, 0x1f, 0xff, 0xff,
    0xc7, 0xff, 0xff, 0xe0, 0x0, 0x0, 0x3f, 0xff,
    0xff, 0x2f, 0xff, 0xff, 0x0, 0x0, 0x0, 0xff,
    0xff, 0xfc, 0xbf, 0xff, 0xfc, 0x0, 0x0, 0x3,
    0xff, 0xff, 0xf3, 0xff, 0xff, 0xe0, 0x0, 0x0,
    0xf, 0xff, 0xff, 0xcf, 0xff, 0xff, 0x40, 0x0,
    0x0, 0x3f, 0xff, 0xff, 0x3f, 0xff, 0xfd, 0x0,
    0x0, 0x0, 0xff, 0xff, 0xfc, 0xff, 0xff, 0xf0,
    0x0, 0x0, 0x3, 0xff, 0xff, 0xf7, 0xff, 0xff,
    0xc0, 0x0, 0x0, 0xf, 0xff, 0xff, 0xdf, 0xff,
    0xff, 0x0, 0x0, 0x0, 0x3f, 0xff, 0xff, 0x7f,
    0xff, 0xfc, 0x0, 0x0, 0x0, 0xff, 0xff, 0xfe,
    0xff, 0xff, 0xf0, 0x0, 0x0, 0x3, 0xff, 0xff,
    0xfb, 0xff, 0xff, 0xc0, 0x0, 0x0, 0xf, 0xff,
    0xff, 0xef, 0xff, 0xff, 0x0, 0x0, 0x0, 0x3f,
    0xff, 0xff, 0xbf, 0xff, 0xfc, 0x0, 0x0, 0x0,
    0xff, 0xff, 0xfe, 0xff, 0xff, 0xf0, 0x0, 0x0,
    0x3, 0xff, 0xff, 0xfb, 0xff, 0xff, 0xc0, 0x0,
    0x0, 0xf, 0xff, 0xff, 0xef, 0xff, 0xff, 0x0,
    0x0, 0x0, 0x3f, 0xff, 0xff, 0xbf, 0xff, 0xfc,
    0x0, 0x0, 0x0, 0xff, 0xff, 0xfe, 0xff, 0xff,
    0xf0, 0x0, 0x0, 0x3, 0xff, 0xff, 0xfb, 0xff,
    0xff, 0xc0, 0x0, 0x0, 0xf, 0xff, 0xff, 0xef,
    0xff, 0xff, 0x0, 0x0, 0x0, 0x3f, 0xff, 0xff,
    0xbf, 0xff, 0xfc, 0x0, 0x0, 0x0, 0xff, 0xff,
    0xfe, 0xff, 0xff, 0xf0, 0x0, 0x0, 0x3, 0xff,
    0xff, 0xfb, 0xff, 0xff, 0xc0, 0x0, 0x0, 0xf,
    0xff, 0xff, 0xef, 0xff, 0xff, 0x0, 0x0, 0x0,
    0x3f, 0xff, 0xff, 0xbf, 0xff, 0xfc, 0x0, 0x0,
    0x0, 0xff, 0xff, 0xfe, 0xff, 0xff, 0xf0, 0x0,
    0x0, 0x3, 0xff, 0xff, 0xfb, 0xff, 0xff, 0xc0,
    0x0, 0x0, 0xf, 0xff, 0xff, 0xef, 0xff, 0xff,
    0x0, 0x0, 0x0, 0x3f, 0xff, 0xff, 0x7f, 0xff,
    0xfc, 0x0, 0x0, 0x0, 0xff, 0xff, 0xfd, 0xff,
    0xff, 0xf4, 0x0, 0x0, 0x3, 0xff, 0xff, 0xf7,
    0xff, 0xff, 0xd0, 0x0, 0x0, 0xf, 0xff, 0xff,
    0xcf, 0xff, 0xff, 0x40, 0x0, 0x0, 0x3f, 0xff,
    0xff, 0x3f, 0xff, 0xfe, 0x0, 0x0, 0x0, 0xff,
    0xff, 0xfc, 0xff, 0xff, 0xfc, 0x0, 0x0, 0x3,
    0xff, 0xff, 0xf3, 0xff, 0xff, 0xf0, 0x0, 0x0,
    0xf, 0xff, 0xff, 0xcb, 0xff, 0xff, 0xd0, 0x0,
    0x0, 0x3f, 0xff, 0xff, 0x1f, 0xff, 0xff, 0xc0,
    0x0, 0x0, 0xff, 0xff, 0xfc, 0x3f, 0xff, 0xff,
    0x80, 0x0, 0xf, 0xff, 0xff, 0xf0, 0xbf, 0xff,
    0xff, 0xd0, 0x7, 0xff, 0xff, 0xff, 0xc1, 0xff,
    0xff, 0xff, 0xff, 0xff, 0xff, 0xff, 0xff, 0x3,
    0xff, 0xff, 0xff, 0xff, 0xff, 0xff, 0xff, 0xfc,
    0x7, 0xff, 0xff, 0xff, 0xff, 0xff, 0xff, 0xff,
    0xf0, 0xb, 0xff, 0xff, 0xff, 0xff, 0xff, 0xff,
    0xff, 0xc0, 0xf, 0xff, 0xff, 0xff, 0xff, 0xbf,
    0xff, 0xff, 0x0, 0xf, 0xff, 0xff, 0xff, 0xf8,
    0xff, 0xff, 0xfc, 0x0, 0xb, 0xff, 0xff, 0xff,
    0x43, 0xff, 0xff, 0xf0, 0x0, 0x2, 0xff, 0xff,
    0xd0, 0xf, 0xff, 0xff, 0xc0, 0x0, 0x0, 0x15,
    0x50, 0x0, 0x3f, 0xff, 0xff, 0x0, 0x0, 0x0,
    0x0, 0x0, 0x0, 0xff, 0xff, 0xfc, 0x0, 0x0,
    0x0, 0x0, 0x0, 0x3, 0xff, 0xff, 0xf0, 0x0,
    0x0, 0x0, 0x0, 0x0, 0xf, 0xff, 0xff, 0xc0,
    0x0, 0x0, 0x0, 0x0, 0x0, 0x3f, 0xff, 0xff,
    0x0, 0x0, 0x0, 0x0, 0x0, 0x0, 0xff, 0xff,
    0xfc, 0x0, 0x0, 0x0, 0x0, 0x0, 0x3, 0xff,
    0xff, 0xf0, 0x0, 0x0, 0x0, 0x0, 0x0, 0xf,
    0xff, 0xff, 0xc0, 0x0, 0x0, 0x0, 0x0, 0x0,
    0x3f, 0xff, 0xff, 0x0, 0x0, 0x0, 0x0, 0x0,
    0x0, 0xff, 0xff, 0xfc, 0x0, 0x0, 0x0, 0x0,
    0x0, 0x3, 0xff, 0xff, 0xf0, 0x0, 0x0, 0x0,
    0x0, 0x0, 0xf, 0xff, 0xff, 0xc0, 0x0, 0x0,
    0x0, 0x0, 0x0, 0x3f, 0xff, 0xff, 0x0, 0x0,
    0x0, 0x0, 0x0, 0x0, 0xff, 0xff, 0xfc, 0x0,
    0x0, 0x0, 0x0, 0x0, 0x3, 0xff, 0xff, 0xf0,
    0x0, 0x0, 0x0, 0x0, 0x0, 0xf, 0xff, 0xff,
    0xc0, 0x0, 0x0, 0x0, 0x0, 0x0, 0x3f, 0xff,
    0xff, 0x0, 0x0, 0x0, 0x0, 0x0, 0x0, 0xff,
    0xff, 0xfc, 0x0, 0x0, 0x0, 0x0, 0x0, 0x3,
    0xff, 0xff, 0xf0,

    /* U+0072 "r" */
    0x0, 0x0, 0x0, 0x0, 0x0, 0x6f, 0xf7, 0xff,
    0xff, 0xd0, 0x0, 0xbf, 0xff, 0x7f, 0xff, 0xfd,
    0x0, 0x7f, 0xff, 0xf7, 0xff, 0xff, 0xd0, 0x1f,
    0xff, 0xff, 0x7f, 0xff, 0xfd, 0x7, 0xff, 0xff,
    0xf7, 0xff, 0xff, 0xd0, 0xff, 0xff, 0xff, 0x7f,
    0xff, 0xfd, 0x3f, 0xff, 0xff, 0xf7, 0xff, 0xff,
    0xdb, 0xff, 0xff, 0xff, 0x7f, 0xff, 0xfe, 0xff,
    0xff, 0xff, 0xf7, 0xff, 0xff, 0xff, 0xff, 0xff,
    0xff, 0x7f, 0xff, 0xff, 0xff, 0xff, 0xff, 0xf7,
    0xff, 0xff, 0xff, 0xf4, 0x0, 0x6, 0x7f, 0xff,
    0xff, 0xf8, 0x0, 0x0, 0x7, 0xff, 0xff, 0xfe,
    0x0, 0x0, 0x0, 0x7f, 0xff, 0xff, 0x80, 0x0,
    0x0, 0x7, 0xff, 0xff, 0xf0, 0x0, 0x0, 0x0,
    0x7f, 0xff, 0xfd, 0x0, 0x0, 0x0, 0x7, 0xff,
    0xff, 0xd0, 0x0, 0x0, 0x0, 0x7f, 0xff, 0xfd,
    0x0, 0x0, 0x0, 0x7, 0xff, 0xff, 0xd0, 0x0,
    0x0, 0x0, 0x7f, 0xff, 0xfd, 0x0, 0x0, 0x0,
    0x7, 0xff, 0xff, 0xd0, 0x0, 0x0, 0x0, 0x7f,
    0xff, 0xfd, 0x0, 0x0, 0x0, 0x7, 0xff, 0xff,
    0xd0, 0x0, 0x0, 0x0, 0x7f, 0xff, 0xfd, 0x0,
    0x0, 0x0, 0x7, 0xff, 0xff, 0xd0, 0x0, 0x0,
    0x0, 0x7f, 0xff, 0xfd, 0x0, 0x0, 0x0, 0x7,
    0xff, 0xff, 0xd0, 0x0, 0x0, 0x0, 0x7f, 0xff,
    0xfd, 0x0, 0x0, 0x0, 0x7, 0xff, 0xff, 0xd0,
    0x0, 0x0, 0x0, 0x7f, 0xff, 0xfd, 0x0, 0x0,
    0x0, 0x7, 0xff, 0xff, 0xd0, 0x0, 0x0, 0x0,
    0x7f, 0xff, 0xfd, 0x0, 0x0, 0x0, 0x7, 0xff,
    0xff, 0xd0, 0x0, 0x0, 0x0, 0x7f, 0xff, 0xfd,
    0x0, 0x0, 0x0, 0x7, 0xff, 0xff, 0xd0, 0x0,
    0x0, 0x0, 0x7f, 0xff, 0xfd, 0x0, 0x0, 0x0,
    0x7, 0xff, 0xff, 0xd0, 0x0, 0x0, 0x0, 0x7f,
    0xff, 0xfd, 0x0, 0x0, 0x0, 0x7, 0xff, 0xff,
    0xd0, 0x0, 0x0, 0x0, 0x7f, 0xff, 0xfd, 0x0,
    0x0, 0x0, 0x7, 0xff, 0xff, 0xd0, 0x0, 0x0,
    0x0, 0x7f, 0xff, 0xfd, 0x0, 0x0, 0x0, 0x7,
    0xff, 0xff, 0xd0, 0x0, 0x0, 0x0, 0x7f, 0xff,
    0xfd, 0x0, 0x0, 0x0, 0x7, 0xff, 0xff, 0xd0,
    0x0, 0x0, 0x0, 0x7f, 0xff, 0xfd, 0x0, 0x0,
    0x0, 0x7, 0xff, 0xff, 0xd0, 0x0, 0x0, 0x0,
    0x7f, 0xff, 0xfd, 0x0, 0x0, 0x0, 0x7, 0xff,
    0xff, 0xd0, 0x0, 0x0, 0x0, 0x7f, 0xff, 0xfd,
    0x0, 0x0, 0x0, 0x7, 0xff, 0xff, 0xd0, 0x0,
    0x0, 0x0, 0x7f, 0xff, 0xfd, 0x0, 0x0, 0x0,
    0x7, 0xff, 0xff, 0xd0, 0x0, 0x0, 0x0, 0x7f,
    0xff, 0xfd, 0x0, 0x0, 0x0, 0x7, 0xff, 0xff,
    0xd0, 0x0, 0x0, 0x0, 0x7f, 0xff, 0xfd, 0x0,
    0x0, 0x0, 0x7, 0xff, 0xff, 0xd0, 0x0, 0x0,
    0x0, 0x7f, 0xff, 0xfd, 0x0, 0x0, 0x0, 0x0,

    /* U+0073 "s" */
    0x0, 0x0, 0x1, 0xaf, 0xff, 0x90, 0x0, 0x0,
    0x0, 0x0, 0xb, 0xff, 0xff, 0xff, 0x80, 0x0,
    0x0, 0x0, 0x1f, 0xff, 0xff, 0xff, 0xfe, 0x0,
    0x0, 0x0, 0x2f, 0xff, 0xff, 0xff, 0xff, 0xf0,
    0x0, 0x0, 0x2f, 0xff, 0xff, 0xff, 0xff, 0xfe,
    0x0, 0x0, 0x2f, 0xff, 0xff, 0xff, 0xff, 0xff,
    0xe0, 0x0, 0xf, 0xff, 0xff, 0xff, 0xff, 0xff,
    0xfc, 0x0, 0xb, 0xff, 0xff, 0xff, 0xff, 0xff,
    0xff, 0xc0, 0x3, 0xff, 0xff, 0xf8, 0x1, 0xff,
    0xff, 0xf4, 0x1, 0xff, 0xff, 0xf4, 0x0, 0xb,
    0xff, 0xff, 0x0, 0xbf, 0xff, 0xf8, 0x0, 0x0,
    0xff, 0xff, 0xc0, 0x3f, 0xff, 0xfc, 0x0, 0x0,
    0xf, 0xff, 0xf4, 0xf, 0xff, 0xfe, 0x0, 0x0,
    0x2, 0xff, 0xfe, 0x3, 0xff, 0xff, 0x80, 0x0,
    0x0, 0x7f, 0xff, 0xc0, 0xff, 0xff, 0xe0, 0x0,
    0x0, 0xf, 0xff, 0xf0, 0x3f, 0xff, 0xf8, 0x0,
    0x0, 0x3, 0xff, 0xf8, 0xf, 0xff, 0xff, 0x0,
    0x0, 0x0, 0xbf, 0x90, 0x3, 0xff, 0xff, 0xd0,
    0x0, 0x0, 0x1d, 0x0, 0x0, 0xbf, 0xff, 0xfc,
    0x0, 0x0, 0x0, 0x0, 0x0, 0x1f, 0xff, 0xff,
    0xc0, 0x0, 0x0, 0x0, 0x0, 0x3, 0xff, 0xff,
    0xfc, 0x0, 0x0, 0x0, 0x0, 0x0, 0xbf, 0xff,
    0xff, 0xd0, 0x0, 0x0, 0x0, 0x0, 0xf, 0xff,
    0xff, 0xfd, 0x0, 0x0, 0x0, 0x0, 0x2, 0xff,
    0xff, 0xff, 0xd0, 0x0, 0x0, 0x0, 0x0, 0x3f,
    0xff, 0xff, 0xfd, 0x0, 0x0, 0x0, 0x0, 0x3,
    0xff, 0xff, 0xff, 0xe0, 0x0, 0x0, 0x0, 0x0,
    0x3f, 0xff, 0xff, 0xfe, 0x0, 0x0, 0x0, 0x0,
    0x3, 0xff, 0xff, 0xff, 0xe0, 0x0, 0x0, 0x0,
    0x0, 0x3f, 0xff, 0xff, 0xfe, 0x0, 0x0, 0x0,
    0x0, 0x3, 0xff, 0xff, 0xff, 0xf0, 0x0, 0x0,
    0x0, 0x0, 0x3f, 0xff, 0xff, 0xff, 0x0, 0x0,
    0x0, 0x0, 0x2, 0xff, 0xff, 0xff, 0xf0, 0x0,
    0x0, 0x0, 0x0, 0x2f, 0xff, 0xff, 0xfe, 0x0,
    0x0, 0x0, 0x0, 0x1, 0xff, 0xff, 0xff, 0xe0,
    0x0, 0x0, 0x0, 0x0, 0x1f, 0xff, 0xff, 0xfd,
    0x0, 0x0, 0x0, 0x0, 0x0, 0xff, 0xff, 0xff,
    0xc0, 0x0, 0x0, 0x0, 0x0, 0xf, 0xff, 0xff,
    0xf8, 0x0, 0x0, 0x0, 0x0, 0x0, 0xbf, 0xff,
    0xff, 0x0, 0x0, 0x0, 0x0, 0x0, 0xb, 0xff,
    0xff, 0xe0, 0x0, 0x0, 0x0, 0x0, 0x0, 0xff,
    0xff, 0xfc, 0x0, 0x0, 0x0, 0x0, 0x0, 0xf,
    0xff, 0xff, 0x40, 0x0, 0x74, 0x0, 0x0, 0x1,
    0xff, 0xff, 0xd0, 0x1b, 0xfe, 0x0, 0x0, 0x0,
    0x3f, 0xff, 0xf8, 0xbf, 0xff, 0xc0, 0x0, 0x0,
    0xb, 0xff, 0xfe, 0x7f, 0xff, 0xf0, 0x0, 0x0,
    0x2, 0xff, 0xff, 0xdf, 0xff, 0xfd, 0x0, 0x0,
    0x0, 0x7f, 0xff, 0xf3, 0xff, 0xff, 0x80, 0x0,
    0x0, 0x1f, 0xff, 0xf8, 0xff, 0xff, 0xf0, 0x0,
    0x0, 0xb, 0xff, 0xfe, 0x2f, 0xff, 0xfe, 0x0,
    0x0, 0x3, 0xff, 0xff, 0x87, 0xff, 0xff, 0xd0,
    0x0, 0x1, 0xff, 0xff, 0xd0, 0xff, 0xff, 0xfd,
    0x0, 0x0, 0xff, 0xff, 0xf0, 0x1f, 0xff, 0xff,
    0xe4, 0x2, 0xff, 0xff, 0xf8, 0x3, 0xff, 0xff,
    0xff, 0xff, 0xff, 0xff, 0xfc, 0x0, 0x3f, 0xff,
    0xff, 0xff, 0xff, 0xff, 0xfe, 0x0, 0x7, 0xff,
    0xff, 0xff, 0xff, 0xff, 0xff, 0x0, 0x0, 0xbf,
    0xff, 0xff, 0xff, 0xff, 0xff, 0x0, 0x0, 0xb,
    0xff, 0xff, 0xff, 0xff, 0xff, 0x0, 0x0, 0x0,
    0x7f, 0xff, 0xff, 0xff, 0xfe, 0x0, 0x0, 0x0,
    0x1, 0xff, 0xff, 0xff, 0xf8, 0x0, 0x0, 0x0,
    0x0, 0x6, 0xbf, 0xfe, 0x90, 0x0, 0x0,

    /* U+0074 "t" */
    0x0, 0xb, 0xff, 0xff, 0xc0, 0x0, 0x0, 0x0,
    0x2f, 0xff, 0xff, 0x0, 0x0, 0x0, 0x0, 0xbf,
    0xff, 0xfc, 0x0, 0x0, 0x0, 0x2, 0xff, 0xff,
    0xf0, 0x0, 0x0, 0x0, 0xb, 0xff, 0xff, 0xc0,
    0x0, 0x0, 0x0, 0x2f, 0xff, 0xff, 0x0, 0x0,
    0x0, 0x0, 0xbf, 0xff, 0xfc, 0x0, 0x0, 0x0,
    0x2, 0xff, 0xff, 0xf0, 0x0, 0x0, 0x0, 0xb,
    0xff, 0xff, 0xc0, 0x0, 0x0, 0x0, 0x2f, 0xff,
    0xff, 0x0, 0x0, 0x0, 0x0, 0xbf, 0xff, 0xfc,
    0x0, 0x0, 0x0, 0x2, 0xff, 0xff, 0xf0, 0x0,
    0x0, 0x0, 0xb, 0xff, 0xff, 0xc0, 0x0, 0x0,
    0x0, 0x2f, 0xff, 0xff, 0x0, 0x0, 0x0, 0x0,
    0xbf, 0xff, 0xfc, 0x0, 0x0, 0x0, 0x2, 0xff,
    0xff, 0xf0, 0x0, 0x0, 0x0, 0xb, 0xff, 0xff,
    0xc0, 0x0, 0x3, 0xff, 0xff, 0xff, 0xff, 0xff,
    0xff, 0xdf, 0xff, 0xff, 0xff, 0xff, 0xff, 0xff,
    0x7f, 0xff, 0xff, 0xff, 0xff, 0xff, 0xfd, 0xff,
    0xff, 0xff, 0xff, 0xff, 0xff, 0xf7, 0xff, 0xff,
    0xff, 0xff, 0xff, 0xff, 0xdf, 0xff, 0xff, 0xff,
    0xff, 0xff, 0xff, 0x7f, 0xff, 0xff, 0xff, 0xff,
    0xff, 0xfd, 0x0, 0xf, 0xff, 0xff, 0xc0, 0x0,
    0x0, 0x0, 0x2f, 0xff, 0xff, 0x0, 0x0, 0x0,
    0x0, 0xbf, 0xff, 0xfc, 0x0, 0x0, 0x0, 0x2,
    0xff, 0xff, 0xf0, 0x0, 0x0, 0x0, 0xb, 0xff,
    0xff, 0xc0, 0x0, 0x0, 0x0, 0x2f, 0xff, 0xff,
    0x0, 0x0, 0x0, 0x0, 0xbf, 0xff, 0xfc, 0x0,
    0x0, 0x0, 0x2, 0xff, 0xff, 0xf0, 0x0, 0x0,
    0x0, 0xb, 0xff, 0xff, 0xc0, 0x0, 0x0, 0x0,
    0x2f, 0xff, 0xff, 0x0, 0x0, 0x0, 0x0, 0xbf,
    0xff, 0xfc, 0x0, 0x0, 0x0, 0x2, 0xff, 0xff,
    0xf0, 0x0, 0x0, 0x0, 0xb, 0xff, 0xff, 0xc0,
    0x0, 0x0, 0x0, 0x2f, 0xff, 0xff, 0x0, 0x0,
    0x0, 0x0, 0xbf, 0xff, 0xfc, 0x0, 0x0, 0x0,
    0x2, 0xff, 0xff, 0xf0, 0x0, 0x0, 0x0, 0xb,
    0xff, 0xff, 0xc0, 0x0, 0x0, 0x0, 0x2f, 0xff,
    0xff, 0x0, 0x0, 0x0, 0x0, 0xbf, 0xff, 0xfc,
    0x0, 0x0, 0x0, 0x2, 0xff, 0xff, 0xf0, 0x0,
    0x0, 0x0, 0xb, 0xff, 0xff, 0xc0, 0x0, 0x0,
    0x0, 0x2f, 0xff, 0xff, 0x0, 0x0, 0x0, 0x0,
    0xbf, 0xff, 0xfc, 0x0, 0x0, 0x0, 0x2, 0xff,
    0xff, 0xf0, 0x0, 0x0, 0x0, 0xb, 0xff, 0xff,
    0xc0, 0x0, 0x0, 0x0, 0x2f, 0xff, 0xff, 0x0,
    0x0, 0x0, 0x0, 0xbf, 0xff, 0xfc, 0x0, 0x0,
    0x0, 0x2, 0xff, 0xff, 0xf0, 0x0, 0x0, 0x0,
    0xb, 0xff, 0xff, 0xc0, 0x0, 0x0, 0x0, 0x2f,
    0xff, 0xff, 0x0, 0x0, 0x0, 0x0, 0xbf, 0xff,
    0xfc, 0x0, 0x0, 0x0, 0x2, 0xff, 0xff, 0xf0,
    0x0, 0x0, 0x0, 0xb, 0xff, 0xff, 0xc0, 0x0,
    0x0, 0x0, 0x2f, 0xff, 0xff, 0x0, 0x0, 0x0,
    0x0, 0xbf, 0xff, 0xfc, 0x0, 0x0, 0x0, 0x2,
    0xff, 0xff, 0xf0, 0x0, 0x0, 0x0, 0xb, 0xff,
    0xff, 0xc0, 0x0, 0x0, 0x0, 0x2f, 0xff, 0xff,
    0x0, 0x0, 0x0, 0x0, 0xbf, 0xff, 0xfc, 0x0,
    0x0, 0x0, 0x2, 0xff, 0xff, 0xf0, 0x0, 0x0,
    0x0, 0xb, 0xff, 0xff, 0xd0, 0x0, 0x0, 0x0,
    0x1f, 0xff, 0xff, 0x80, 0x0, 0x0, 0x0, 0x7f,
    0xff, 0xff, 0x40, 0x0, 0x0, 0x0, 0xff, 0xff,
    0xff, 0xe5, 0x54, 0x0, 0x3, 0xff, 0xff, 0xff,
    0xff, 0xf0, 0x0, 0x7, 0xff, 0xff, 0xff, 0xff,
    0xc0, 0x0, 0xf, 0xff, 0xff, 0xff, 0xff, 0x0,
    0x0, 0x1f, 0xff, 0xff, 0xff, 0xfc, 0x0, 0x0,
    0x2f, 0xff, 0xff, 0xff, 0xf0, 0x0, 0x0, 0x2f,
    0xff, 0xff, 0xff, 0xc0, 0x0, 0x0, 0xf, 0xff,
    0xff, 0xff, 0x0, 0x0, 0x0, 0x2, 0xbf, 0xff,
    0xa4,

    /* U+0075 "u" */
    0xff, 0xff, 0xf8, 0x0, 0x0, 0x3, 0xff, 0xff,
    0xef, 0xff, 0xff, 0x80, 0x0, 0x0, 0x3f, 0xff,
    0xfe, 0xff, 0xff, 0xf8, 0x0, 0x0, 0x3, 0xff,
    0xff, 0xef, 0xff, 0xff, 0x80, 0x0, 0x0, 0x3f,
    0xff, 0xfe, 0xff, 0xff, 0xf8, 0x0, 0x0, 0x3,
    0xff, 0xff, 0xef, 0xff, 0xff, 0x80, 0x0, 0x0,
    0x3f, 0xff, 0xfe, 0xff, 0xff, 0xf8, 0x0, 0x0,
    0x3, 0xff, 0xff, 0xef, 0xff, 0xff, 0x80, 0x0,
    0x0, 0x3f, 0xff, 0xfe, 0xff, 0xff, 0xf8, 0x0,
    0x0, 0x3, 0xff, 0xff, 0xef, 0xff, 0xff, 0x80,
    0x0, 0x0, 0x3f, 0xff, 0xfe, 0xff, 0xff, 0xf8,
    0x0, 0x0, 0x3, 0xff, 0xff, 0xef, 0xff, 0xff,
    0x80, 0x0, 0x0, 0x3f, 0xff, 0xfe, 0xff, 0xff,
    0xf8, 0x0, 0x0, 0x3, 0xff, 0xff, 0xef, 0xff,
    0xff, 0x80, 0x0, 0x0, 0x3f, 0xff, 0xfe, 0xff,
    0xff, 0xf8, 0x0, 0x0, 0x3, 0xff, 0xff, 0xef,
    0xff, 0xff, 0x80, 0x0, 0x0, 0x3f, 0xff, 0xfe,
    0xff, 0xff, 0xf8, 0x0, 0x0, 0x3, 0xff, 0xff,
    0xef, 0xff, 0xff, 0x80, 0x0, 0x0, 0x3f, 0xff,
    0xfe, 0xff, 0xff, 0xf8, 0x0, 0x0, 0x3, 0xff,
    0xff, 0xef, 0xff, 0xff, 0x80, 0x0, 0x0, 0x3f,
    0xff, 0xfe, 0xff, 0xff, 0xf8, 0x0, 0x0, 0x3,
    0xff, 0xff, 0xef, 0xff, 0xff, 0x80, 0x0, 0x0,
    0x3f, 0xff, 0xfe, 0xff, 0xff, 0xf8, 0x0, 0x0,
    0x3, 0xff, 0xff, 0xef, 0xff, 0xff, 0x80, 0x0,
    0x0, 0x3f, 0xff, 0xfe, 0xff, 0xff, 0xf8, 0x0,
    0x0, 0x3, 0xff, 0xff, 0xef, 0xff, 0xff, 0x80,
    0x0, 0x0, 0x3f, 0xff, 0xfe, 0xff, 0xff, 0xf8,
    0x0, 0x0, 0x3, 0xff, 0xff, 0xef, 0xff, 0xff,
    0x80, 0x0, 0x0, 0x3f, 0xff, 0xfe, 0xff, 0xff,
    0xf8, 0x0, 0x0, 0x3, 0xff, 0xff, 0xef, 0xff,
    0xff, 0x80, 0x0, 0x0, 0x3f, 0xff, 0xfe, 0xff,
    0xff, 0xf8, 0x0, 0x0, 0x3, 0xff, 0xff, 0xef,
    0xff, 0xff, 0x80, 0x0, 0x0, 0x3f, 0xff, 0xfe,
    0xff, 0xff, 0xf8, 0x0, 0x0, 0x3, 0xff, 0xff,
    0xef, 0xff, 0xff, 0x80, 0x0, 0x0, 0x3f, 0xff,
    0xfe, 0xff, 0xff, 0xf8, 0x0, 0x0, 0x3, 0xff,
    0xff, 0xef, 0xff, 0xff, 0x80, 0x0, 0x0, 0x3f,
    0xff, 0xfe, 0xff, 0xff, 0xf8, 0x0, 0x0, 0x3,
    0xff, 0xff, 0xef, 0xff, 0xff, 0x80, 0x0, 0x0,
    0x3f, 0xff, 0xfe, 0xff, 0xff, 0xf8, 0x0, 0x0,
    0x3, 0xff, 0xff, 0xef, 0xff, 0xff, 0x80, 0x0,
    0x0, 0x3f, 0xff, 0xfe, 0xff, 0xff, 0xf8, 0x0,
    0x0, 0x3, 0xff, 0xff, 0xef, 0xff, 0xff, 0x80,
    0x0, 0x0, 0x3f, 0xff, 0xfe, 0xff, 0xff, 0xf8,
    0x0, 0x0, 0x3, 0xff, 0xff, 0xef, 0xff, 0xff,
    0x80, 0x0, 0x0, 0x3f, 0xff, 0xfe, 0xff, 0xff,
    0xf8, 0x0, 0x0, 0x3, 0xff, 0xff, 0xef, 0xff,
    0xff, 0xc0, 0x0, 0x0, 0x3f, 0xff, 0xfe, 0xff,
    0xff, 0xfc, 0x0, 0x0, 0x3, 0xff, 0xff, 0xef,
    0xff, 0xff, 0xc0, 0x0, 0x0, 0xff, 0xff, 0xfe,
    0xff, 0xff, 0xfd, 0x0, 0x0, 0x7f, 0xff, 0xff,
    0xef, 0xff, 0xff, 0xf0, 0x0, 0x7f, 0xff, 0xff,
    0xfe, 0xbf, 0xff, 0xff, 0xe9, 0xbf, 0xff, 0xff,
    0xff, 0xeb, 0xff, 0xff, 0xff, 0xff, 0xff, 0xff,
    0xff, 0xfe, 0x7f, 0xff, 0xff, 0xff, 0xff, 0xff,
    0xff, 0xff, 0xe3, 0xff, 0xff, 0xff, 0xff, 0xfe,
    0x3f, 0xff, 0xfe, 0x2f, 0xff, 0xff, 0xff, 0xff,
    0x43, 0xff, 0xff, 0xe0, 0xff, 0xff, 0xff, 0xff,
    0xc0, 0x3f, 0xff, 0xfe, 0x7, 0xff, 0xff, 0xff,
    0xd0, 0x3, 0xff, 0xff, 0xe0, 0x1f, 0xff, 0xff,
    0xe0, 0x0, 0x3f, 0xff, 0xfe, 0x0, 0x1f, 0xff,
    0x90, 0x0, 0x0, 0x0, 0x0, 0x0,

    /* U+0076 "v" */
    0x7f, 0xff, 0xfd, 0x0, 0x0, 0x0, 0x1f, 0xff,
    0xff, 0x3f, 0xff, 0xfe, 0x0, 0x0, 0x0, 0x2f,
    0xff, 0xfe, 0x3f, 0xff, 0xfe, 0x0, 0x0, 0x0,
    0x3f, 0xff, 0xfe, 0x3f, 0xff, 0xff, 0x0, 0x0,
    0x0, 0x3f, 0xff, 0xfd, 0x2f, 0xff, 0xff, 0x0,
    0x0, 0x0, 0x3f, 0xff, 0xfc, 0x1f, 0xff, 0xff,
    0x0, 0x0, 0x0, 0x7f, 0xff, 0xfc, 0xf, 0xff,
    0xff, 0x40, 0x0, 0x0, 0x7f, 0xff, 0xfc, 0xf,
    0xff, 0xff, 0x40, 0x0, 0x0, 0xbf, 0xff, 0xf8,
    0xf, 0xff, 0xff, 0x80, 0x0, 0x0, 0xbf, 0xff,
    0xf4, 0xb, 0xff, 0xff, 0x80, 0x0, 0x0, 0xff,
    0xff, 0xf0, 0x7, 0xff, 0xff, 0xc0, 0x0, 0x0,
    0xff, 0xff, 0xf0, 0x3, 0xff, 0xff, 0xc0, 0x0,
    0x0, 0xff, 0xff, 0xf0, 0x3, 0xff, 0xff, 0xc0,
    0x0, 0x1, 0xff, 0xff, 0xe0, 0x3, 0xff, 0xff,
    0xd0, 0x0, 0x1, 0xff, 0xff, 0xd0, 0x2, 0xff,
    0xff, 0xe0, 0x0, 0x2, 0xff, 0xff, 0xd0, 0x1,
    0xff, 0xff, 0xe0, 0x0, 0x3, 0xff, 0xff, 0xc0,
    0x1, 0xff, 0xff, 0xf0, 0x0, 0x3, 0xff, 0xff,
    0xc0, 0x0, 0xff, 0xff, 0xf0, 0x0, 0x3, 0xff,
    0xff, 0x80, 0x0, 0xff, 0xff, 0xf0, 0x0, 0x7,
    0xff, 0xff, 0x40, 0x0, 0xbf, 0xff, 0xf4, 0x0,
    0x7, 0xff, 0xff, 0x40, 0x0, 0x7f, 0xff, 0xf4,
    0x0, 0xb, 0xff, 0xff, 0x0, 0x0, 0x7f, 0xff,
    0xf8, 0x0, 0xb, 0xff, 0xff, 0x0, 0x0, 0x3f,
    0xff, 0xf8, 0x0, 0xf, 0xff, 0xfe, 0x0, 0x0,
    0x3f, 0xff, 0xfc, 0x0, 0xf, 0xff, 0xfe, 0x0,
    0x0, 0x2f, 0xff, 0xfc, 0x0, 0xf, 0xff, 0xfd,
    0x0, 0x0, 0x1f, 0xff, 0xfc, 0x0, 0x1f, 0xff,
    0xfc, 0x0, 0x0, 0x1f, 0xff, 0xfd, 0x0, 0x1f,
    0xff, 0xfc, 0x0, 0x0, 0xf, 0xff, 0xfd, 0x0,
    0x2f, 0xff, 0xfc, 0x0, 0x0, 0xf, 0xff, 0xfe,
    0x0, 0x3f, 0xff, 0xf8, 0x0, 0x0, 0xb, 0xff,
    0xff, 0x0, 0x3f, 0xff, 0xf4, 0x0, 0x0, 0xb,
    0xff, 0xff, 0x0, 0x3f, 0xff, 0xf0, 0x0, 0x0,
    0x7, 0xff, 0xff, 0x0, 0x7f, 0xff, 0xf0, 0x0,
    0x0, 0x3, 0xff, 0xff, 0x40, 0x7f, 0xff, 0xf0,
    0x0, 0x0, 0x3, 0xff, 0xff, 0x40, 0xbf, 0xff,
    0xe0, 0x0, 0x0, 0x2, 0xff, 0xff, 0x80, 0xbf,
    0xff, 0xd0, 0x0, 0x0, 0x2, 0xff, 0xff, 0x80,
    0xff, 0xff, 0xd0, 0x0, 0x0, 0x1, 0xff, 0xff,
    0xc0, 0xff, 0xff, 0xc0, 0x0, 0x0, 0x0, 0xff,
    0xff, 0xc0, 0xff, 0xff, 0xc0, 0x0, 0x0, 0x0,
    0xff, 0xff, 0xc1, 0xff, 0xff, 0x80, 0x0, 0x0,
    0x0, 0xbf, 0xff, 0xd1, 0xff, 0xff, 0x80, 0x0,
    0x0, 0x0, 0xbf, 0xff, 0xd2, 0xff, 0xff, 0x40,
    0x0, 0x0, 0x0, 0x7f, 0xff, 0xe3, 0xff, 0xff,
    0x0, 0x0, 0x0, 0x0, 0x3f, 0xff, 0xf3, 0xff,
    0xff, 0x0, 0x0, 0x0, 0x0, 0x3f, 0xff, 0xf3,
    0xff, 0xff, 0x0, 0x0, 0x0, 0x0, 0x2f, 0xff,
    0xf7, 0xff, 0xfe, 0x0, 0x0, 0x0, 0x0, 0x2f,
    0xff, 0xfb, 0xff, 0xfd, 0x0, 0x0, 0x0, 0x0,
    0x1f, 0xff, 0xff, 0xff, 0xfc, 0x0, 0x0, 0x0,
    0x0, 0xf, 0xff, 0xff, 0xff, 0xfc, 0x0, 0x0,
    0x0, 0x0, 0xf, 0xff, 0xff, 0xff, 0xfc, 0x0,
    0x0, 0x0, 0x0, 0xf, 0xff, 0xff, 0xff, 0xf8,
    0x0, 0x0, 0x0, 0x0, 0xb, 0xff, 0xff, 0xff,
    0xf4, 0x0, 0x0, 0x0, 0x0, 0x7, 0xff, 0xff,
    0xff, 0xf0, 0x0, 0x0, 0x0, 0x0, 0x3, 0xff,
    0xff, 0xff, 0xf0, 0x0, 0x0, 0x0, 0x0, 0x3,
    0xff, 0xff, 0xff, 0xf0, 0x0, 0x0, 0x0, 0x0,
    0x3, 0xff, 0xff, 0xff, 0xe0, 0x0, 0x0, 0x0,
    0x0, 0x2, 0xff, 0xff, 0xff, 0xd0, 0x0, 0x0,
    0x0, 0x0, 0x1, 0xff, 0xff, 0xff, 0xd0, 0x0,
    0x0, 0x0, 0x0, 0x0, 0xff, 0xff, 0xff, 0xc0,
    0x0, 0x0,

    /* U+0077 "w" */
    0x3f, 0xff, 0xe0, 0x0, 0x0, 0x3, 0xff, 0xfe,
    0x0, 0x0, 0x0, 0x3f, 0xff, 0xf3, 0xff, 0xff,
    0x0, 0x0, 0x0, 0x3f, 0xff, 0xf0, 0x0, 0x0,
    0x3, 0xff, 0xff, 0x3f, 0xff, 0xf0, 0x0, 0x0,
    0x3, 0xff, 0xff, 0x0, 0x0, 0x0, 0x3f, 0xff,
    0xe2, 0xff, 0xff, 0x0, 0x0, 0x0, 0x7f, 0xff,
    0xf0, 0x0, 0x0, 0x7, 0xff, 0xfd, 0x1f, 0xff,
    0xf0, 0x0, 0x0, 0xb, 0xff, 0xff, 0x40, 0x0,
    0x0, 0x7f, 0xff, 0xd1, 0xff, 0xff, 0x40, 0x0,
    0x0, 0xbf, 0xff, 0xf4, 0x0, 0x0, 0xb, 0xff,
    0xfc, 0xf, 0xff, 0xf8, 0x0, 0x0, 0xf, 0xff,
    0xff, 0x80, 0x0, 0x0, 0xbf, 0xff, 0xc0, 0xff,
    0xff, 0x80, 0x0, 0x0, 0xff, 0xff, 0xfc, 0x0,
    0x0, 0xf, 0xff, 0xfc, 0xf, 0xff, 0xfc, 0x0,
    0x0, 0xf, 0xff, 0xff, 0xc0, 0x0, 0x0, 0xff,
    0xff, 0x80, 0xbf, 0xff, 0xc0, 0x0, 0x1, 0xff,
    0xff, 0xfc, 0x0, 0x0, 0xf, 0xff, 0xf4, 0xb,
    0xff, 0xfc, 0x0, 0x0, 0x2f, 0xff, 0xff, 0xd0,
    0x0, 0x1, 0xff, 0xff, 0x40, 0x7f, 0xff, 0xc0,
    0x0, 0x3, 0xff, 0xff, 0xfe, 0x0, 0x0, 0x1f,
    0xff, 0xf0, 0x3, 0xff, 0xfd, 0x0, 0x0, 0x3f,
    0xff, 0xff, 0xf0, 0x0, 0x2, 0xff, 0xff, 0x0,
    0x3f, 0xff, 0xd0, 0x0, 0x3, 0xff, 0xff, 0xff,
    0x0, 0x0, 0x2f, 0xff, 0xf0, 0x3, 0xff, 0xfe,
    0x0, 0x0, 0x7f, 0xff, 0xff, 0xf0, 0x0, 0x3,
    0xff, 0xfe, 0x0, 0x2f, 0xff, 0xf0, 0x0, 0x7,
    0xff, 0xff, 0xff, 0x40, 0x0, 0x3f, 0xff, 0xd0,
    0x2, 0xff, 0xff, 0x0, 0x0, 0xbf, 0xff, 0xff,
    0xf4, 0x0, 0x3, 0xff, 0xfd, 0x0, 0x1f, 0xff,
    0xf0, 0x0, 0xf, 0xff, 0xff, 0xff, 0x80, 0x0,
    0x7f, 0xff, 0xc0, 0x0, 0xff, 0xff, 0x0, 0x0,
    0xff, 0xfd, 0xff, 0xfc, 0x0, 0x7, 0xff, 0xfc,
    0x0, 0xf, 0xff, 0xf4, 0x0, 0xf, 0xff, 0xcf,
    0xff, 0xc0, 0x0, 0xbf, 0xff, 0xc0, 0x0, 0xff,
    0xff, 0x40, 0x1, 0xff, 0xfc, 0xff, 0xfc, 0x0,
    0xb, 0xff, 0xf8, 0x0, 0xf, 0xff, 0xf8, 0x0,
    0x2f, 0xff, 0x8b, 0xff, 0xd0, 0x0, 0xff, 0xff,
    0x40, 0x0, 0xbf, 0xff, 0xc0, 0x3, 0xff, 0xf4,
    0x7f, 0xfe, 0x0, 0xf, 0xff, 0xf4, 0x0, 0x7,
    0xff, 0xfc, 0x0, 0x3f, 0xff, 0x47, 0xff, 0xf0,
    0x0, 0xff, 0xff, 0x0, 0x0, 0x7f, 0xff, 0xc0,
    0x3, 0xff, 0xf0, 0x3f, 0xff, 0x0, 0x1f, 0xff,
    0xf0, 0x0, 0x3, 0xff, 0xfc, 0x0, 0x7f, 0xff,
    0x3, 0xff, 0xf0, 0x1, 0xff, 0xff, 0x0, 0x0,
    0x3f, 0xff, 0xd0, 0x7, 0xff, 0xe0, 0x2f, 0xff,
    0x40, 0x2f, 0xff, 0xe0, 0x0, 0x3, 0xff, 0xfd,
    0x0, 0xbf, 0xfe, 0x1, 0xff, 0xf4, 0x2, 0xff,
    0xfd, 0x0, 0x0, 0x2f, 0xff, 0xe0, 0xf, 0xff,
    0xd0, 0x1f, 0xff, 0x80, 0x3f, 0xff, 0xd0, 0x0,
    0x1, 0xff, 0xfe, 0x0, 0xff, 0xfc, 0x0, 0xff,
    0xfc, 0x3, 0xff, 0xfc, 0x0, 0x0, 0x1f, 0xff,
    0xf0, 0xf, 0xff, 0xc0, 0xf, 0xff, 0xc0, 0x3f,
    0xff, 0xc0, 0x0, 0x0, 0xff, 0xff, 0x1, 0xff,
    0xfc, 0x0, 0xbf, 0xfc, 0x3, 0xff, 0xfc, 0x0,
    0x0, 0xf, 0xff, 0xf0, 0x2f, 0xff, 0x80, 0xb,
    0xff, 0xd0, 0x7f, 0xff, 0x80, 0x0, 0x0, 0xff,
    0xff, 0x42, 0xff, 0xf4, 0x0, 0x7f, 0xfe, 0xb,
    0xff, 0xf4, 0x0, 0x0, 0xb, 0xff, 0xf4, 0x3f,
    0xff, 0x0, 0x3, 0xff, 0xe0, 0xbf, 0xff, 0x40,
    0x0, 0x0, 0xbf, 0xff, 0x83, 0xff, 0xf0, 0x0,
    0x3f, 0xff, 0xf, 0xff, 0xf0, 0x0, 0x0, 0x7,
    0xff, 0xf8, 0x7f, 0xff, 0x0, 0x2, 0xff, 0xf0,
    0xff, 0xff, 0x0, 0x0, 0x0, 0x3f, 0xff, 0xc7,
    0xff, 0xe0, 0x0, 0x2f, 0xff, 0x4f, 0xff, 0xf0,
    0x0, 0x0, 0x3, 0xff, 0xfc, 0xbf, 0xfd, 0x0,
    0x1, 0xff, 0xf4, 0xff, 0xfe, 0x0, 0x0, 0x0,
    0x3f, 0xff, 0xcf, 0xff, 0xc0, 0x0, 0xf, 0xff,
    0x9f, 0xff, 0xd0, 0x0, 0x0, 0x2, 0xff, 0xfd,
    0xff, 0xfc, 0x0, 0x0, 0xff, 0xfe, 0xff, 0xfd,
    0x0, 0x0, 0x0, 0x2f, 0xff, 0xef, 0xff, 0xc0,
    0x0, 0xf, 0xff, 0xef, 0xff, 0xc0, 0x0, 0x0,
    0x1, 0xff, 0xff, 0xff, 0xf8, 0x0, 0x0, 0xbf,
    0xff, 0xff, 0xfc, 0x0, 0x0, 0x0, 0xf, 0xff,
    0xff, 0xff, 0x40, 0x0, 0x7, 0xff, 0xff, 0xff,
    0xc0, 0x0, 0x0, 0x0, 0xff, 0xff, 0xff, 0xf4,
    0x0, 0x0, 0x3f, 0xff, 0xff, 0xf8, 0x0, 0x0,
    0x0, 0xf, 0xff, 0xff, 0xff, 0x0, 0x0, 0x3,
    0xff, 0xff, 0xff, 0x40, 0x0, 0x0, 0x0, 0xff,
    0xff, 0xff, 0xf0, 0x0, 0x0, 0x3f, 0xff, 0xff,
    0xf4, 0x0, 0x0, 0x0, 0xb, 0xff, 0xff, 0xfe,
    0x0, 0x0, 0x2, 0xff, 0xff, 0xff, 0x0, 0x0,
    0x0, 0x0, 0x7f, 0xff, 0xff, 0xe0, 0x0, 0x0,
    0x1f, 0xff, 0xff, 0xf0, 0x0, 0x0, 0x0, 0x7,
    0xff, 0xff, 0xfd, 0x0, 0x0, 0x0, 0xff, 0xff,
    0xff, 0x0, 0x0, 0x0, 0x0, 0x3f, 0xff, 0xff,
    0xc0, 0x0, 0x0, 0xf, 0xff, 0xff, 0xe0, 0x0,
    0x0, 0x0, 0x3, 0xff, 0xff, 0xfc, 0x0, 0x0,
    0x0, 0xff, 0xff, 0xfd, 0x0, 0x0, 0x0, 0x0,
    0x3f, 0xff, 0xff, 0xc0, 0x0, 0x0, 0xb, 0xff,
    0xff, 0xd0, 0x0, 0x0, 0x0, 0x2, 0xff, 0xff,
    0xf8, 0x0, 0x0, 0x0, 0x7f, 0xff, 0xfc, 0x0,
    0x0, 0x0, 0x0, 0x1f, 0xff, 0xff, 0x40, 0x0,
    0x0, 0x7, 0xff, 0xff, 0xc0, 0x0, 0x0, 0x0,
    0x1, 0xff, 0xff, 0xf0, 0x0, 0x0, 0x0, 0x3f,
    0xff, 0xfc, 0x0, 0x0, 0x0, 0x0, 0xf, 0xff,
    0xff, 0x0, 0x0, 0x0, 0x3, 0xff, 0xff, 0x80,
    0x0, 0x0, 0x0, 0x0, 0xff, 0xff, 0xf0, 0x0,
    0x0, 0x0, 0x2f, 0xff, 0xf4, 0x0, 0x0,

    /* U+0078 "x" */
    0x0, 0x0, 0x0, 0x0, 0x0, 0x0, 0x0, 0x0,
    0x0, 0x0, 0x7f, 0xff, 0xf8, 0x0, 0x0, 0x0,
    0xf, 0xff, 0xff, 0x80, 0xff, 0xff, 0xf0, 0x0,
    0x0, 0x0, 0x7f, 0xff, 0xfc, 0x2, 0xff, 0xff,
    0xe0, 0x0, 0x0, 0x2, 0xff, 0xff, 0xe0, 0x3,
    0xff, 0xff, 0xc0, 0x0, 0x0, 0xf, 0xff, 0xff,
    0x0, 0xb, 0xff, 0xff, 0x80, 0x0, 0x0, 0xbf,
    0xff, 0xfc, 0x0, 0xf, 0xff, 0xff, 0x0, 0x0,
    0x3, 0xff, 0xff, 0xd0, 0x0, 0x2f, 0xff, 0xfe,
    0x0, 0x0, 0x1f, 0xff, 0xff, 0x0, 0x0, 0x7f,
    0xff, 0xfc, 0x0, 0x0, 0xbf, 0xff, 0xf4, 0x0,
    0x0, 0xff, 0xff, 0xf4, 0x0, 0x3, 0xff, 0xff,
    0xc0, 0x0, 0x1, 0xff, 0xff, 0xf0, 0x0, 0x2f,
    0xff, 0xfd, 0x0, 0x0, 0x3, 0xff, 0xff, 0xd0,
    0x0, 0xff, 0xff, 0xf0, 0x0, 0x0, 0x7, 0xff,
    0xff, 0xc0, 0x7, 0xff, 0xff, 0x80, 0x0, 0x0,
    0xf, 0xff, 0xff, 0x40, 0x3f, 0xff, 0xfc, 0x0,
    0x0, 0x0, 0x1f, 0xff, 0xfe, 0x0, 0xff, 0xff,
    0xe0, 0x0, 0x0, 0x0, 0x3f, 0xff, 0xfc, 0xb,
    0xff, 0xff, 0x0, 0x0, 0x0, 0x0, 0xbf, 0xff,
    0xf8, 0x3f, 0xff, 0xf8, 0x0, 0x0, 0x0, 0x0,
    0xff, 0xff, 0xf1, 0xff, 0xff, 0xd0, 0x0, 0x0,
    0x0, 0x2, 0xff, 0xff, 0xef, 0xff, 0xff, 0x0,
    0x0, 0x0, 0x0, 0x3, 0xff, 0xff, 0xff, 0xff,
    0xf4, 0x0, 0x0, 0x0, 0x0, 0xb, 0xff, 0xff,
    0xff, 0xff, 0xc0, 0x0, 0x0, 0x0, 0x0, 0x1f,
    0xff, 0xff, 0xff, 0xfd, 0x0, 0x0, 0x0, 0x0,
    0x0, 0x3f, 0xff, 0xff, 0xff, 0xf0, 0x0, 0x0,
    0x0, 0x0, 0x0, 0x7f, 0xff, 0xff, 0xff, 0x80,
    0x0, 0x0, 0x0, 0x0, 0x0, 0xff, 0xff, 0xff,
    0xfc, 0x0, 0x0, 0x0, 0x0, 0x0, 0x1, 0xff,
    0xff, 0xff, 0xe0, 0x0, 0x0, 0x0, 0x0, 0x0,
    0x3, 0xff, 0xff, 0xff, 0x0, 0x0, 0x0, 0x0,
    0x0, 0x0, 0xb, 0xff, 0xff, 0xf8, 0x0, 0x0,
    0x0, 0x0, 0x0, 0x0, 0xf, 0xff, 0xff, 0xd0,
    0x0, 0x0, 0x0, 0x0, 0x0, 0x0, 0xbf, 0xff,
    0xff, 0x0, 0x0, 0x0, 0x0, 0x0, 0x0, 0x3,
    0xff, 0xff, 0xfc, 0x0, 0x0, 0x0, 0x0, 0x0,
    0x0, 0x1f, 0xff, 0xff, 0xf8, 0x0, 0x0, 0x0,
    0x0, 0x0, 0x0, 0xff, 0xff, 0xff, 0xf0, 0x0,
    0x0, 0x0, 0x0, 0x0, 0x7, 0xff, 0xff, 0xff,
    0xd0, 0x0, 0x0, 0x0, 0x0, 0x0, 0x2f, 0xff,
    0xff, 0xff, 0xc0, 0x0, 0x0, 0x0, 0x0, 0x0,
    0xff, 0xff, 0xff, 0xff, 0x40, 0x0, 0x0, 0x0,
    0x0, 0xb, 0xff, 0xff, 0xff, 0xff, 0x0, 0x0,
    0x0, 0x0, 0x0, 0x3f, 0xff, 0xff, 0xff, 0xfd,
    0x0, 0x0, 0x0, 0x0, 0x1, 0xff, 0xff, 0xff,
    0xff, 0xf8, 0x0, 0x0, 0x0, 0x0, 0xf, 0xff,
    0xff, 0xff, 0xff, 0xf0, 0x0, 0x0, 0x0, 0x0,
    0x3f, 0xff, 0xf6, 0xff, 0xff, 0xe0, 0x0, 0x0,
    0x0, 0x2, 0xff, 0xff, 0xc3, 0xff, 0xff, 0xc0,
    0x0, 0x0, 0x0, 0xf, 0xff, 0xfe, 0xb, 0xff,
    0xff, 0x80, 0x0, 0x0, 0x0, 0xbf, 0xff, 0xf0,
    0x1f, 0xff, 0xff, 0x0, 0x0, 0x0, 0x3, 0xff,
    0xff, 0x80, 0x3f, 0xff, 0xfd, 0x0, 0x0, 0x0,
    0x1f, 0xff, 0xfd, 0x0, 0x7f, 0xff, 0xfc, 0x0,
    0x0, 0x0, 0xff, 0xff, 0xf0, 0x0, 0xff, 0xff,
    0xf4, 0x0, 0x0, 0x3, 0xff, 0xff, 0x80, 0x1,
    0xff, 0xff, 0xf0, 0x0, 0x0, 0x2f, 0xff, 0xfc,
    0x0, 0x3, 0xff, 0xff, 0xd0, 0x0, 0x0, 0xff,
    0xff, 0xf0, 0x0, 0x7, 0xff, 0xff, 0xc0, 0x0,
    0x7, 0xff, 0xff, 0x40, 0x0, 0xf, 0xff, 0xff,
    0x0, 0x0, 0x3f, 0xff, 0xfc, 0x0, 0x0, 0x2f,
    0xff, 0xfe, 0x0, 0x1, 0xff, 0xff, 0xe0, 0x0,
    0x0, 0x3f, 0xff, 0xfc, 0x0, 0xf, 0xff, 0xff,
    0x0, 0x0, 0x0, 0xbf, 0xff, 0xf8, 0x0, 0x3f,
    0xff, 0xfc, 0x0, 0x0, 0x0, 0xff, 0xff, 0xf0,
    0x2, 0xff, 0xff, 0xd0, 0x0, 0x0, 0x2, 0xff,
    0xff, 0xd0, 0xf, 0xff, 0xff, 0x0, 0x0, 0x0,
    0x7, 0xff, 0xff, 0xc0, 0x7f, 0xff, 0xf8, 0x0,
    0x0, 0x0, 0xf, 0xff, 0xff, 0x43, 0xff, 0xff,
    0xc0, 0x0, 0x0, 0x0, 0x1f, 0xff, 0xff, 0x0,

    /* U+0079 "y" */
    0xbf, 0xff, 0xfc, 0x0, 0x0, 0x0, 0xf, 0xff,
    0xff, 0xc7, 0xff, 0xff, 0xd0, 0x0, 0x0, 0x0,
    0xff, 0xff, 0xfc, 0x3f, 0xff, 0xfd, 0x0, 0x0,
    0x0, 0xf, 0xff, 0xff, 0x83, 0xff, 0xff, 0xe0,
    0x0, 0x0, 0x1, 0xff, 0xff, 0xf4, 0x2f, 0xff,
    0xff, 0x0, 0x0, 0x0, 0x1f, 0xff, 0xff, 0x2,
    0xff, 0xff, 0xf0, 0x0, 0x0, 0x2, 0xff, 0xff,
    0xf0, 0x1f, 0xff, 0xff, 0x0, 0x0, 0x0, 0x3f,
    0xff, 0xfe, 0x0, 0xff, 0xff, 0xf4, 0x0, 0x0,
    0x3, 0xff, 0xff, 0xd0, 0xf, 0xff, 0xff, 0x80,
    0x0, 0x0, 0x3f, 0xff, 0xfc, 0x0, 0xbf, 0xff,
    0xf8, 0x0, 0x0, 0x7, 0xff, 0xff, 0xc0, 0x7,
    0xff, 0xff, 0xc0, 0x0, 0x0, 0xbf, 0xff, 0xf8,
    0x0, 0x3f, 0xff, 0xfc, 0x0, 0x0, 0xb, 0xff,
    0xff, 0x80, 0x3, 0xff, 0xff, 0xc0, 0x0, 0x0,
    0xff, 0xff, 0xf4, 0x0, 0x2f, 0xff, 0xfd, 0x0,
    0x0, 0xf, 0xff, 0xff, 0x0, 0x1, 0xff, 0xff,
    0xe0, 0x0, 0x0, 0xff, 0xff, 0xf0, 0x0, 0xf,
    0xff, 0xff, 0x0, 0x0, 0x1f, 0xff, 0xfe, 0x0,
    0x0, 0xff, 0xff, 0xf0, 0x0, 0x2, 0xff, 0xff,
    0xd0, 0x0, 0xb, 0xff, 0xff, 0x0, 0x0, 0x2f,
    0xff, 0xfc, 0x0, 0x0, 0x7f, 0xff, 0xf4, 0x0,
    0x3, 0xff, 0xff, 0xc0, 0x0, 0x7, 0xff, 0xff,
    0x40, 0x0, 0x3f, 0xff, 0xf8, 0x0, 0x0, 0x3f,
    0xff, 0xf8, 0x0, 0x3, 0xff, 0xff, 0x80, 0x0,
    0x3, 0xff, 0xff, 0xc0, 0x0, 0x7f, 0xff, 0xf4,
    0x0, 0x0, 0x2f, 0xff, 0xfc, 0x0, 0xb, 0xff,
    0xff, 0x0, 0x0, 0x1, 0xff, 0xff, 0xc0, 0x0,
    0xbf, 0xff, 0xf0, 0x0, 0x0, 0xf, 0xff, 0xfd,
    0x0, 0xf, 0xff, 0xfe, 0x0, 0x0, 0x0, 0xff,
    0xff, 0xe0, 0x0, 0xff, 0xff, 0xd0, 0x0, 0x0,
    0xb, 0xff, 0xfe, 0x0, 0x1f, 0xff, 0xfc, 0x0,
    0x0, 0x0, 0x7f, 0xff, 0xf0, 0x1, 0xff, 0xff,
    0xc0, 0x0, 0x0, 0x3, 0xff, 0xff, 0x0, 0x2f,
    0xff, 0xf8, 0x0, 0x0, 0x0, 0x3f, 0xff, 0xf4,
    0x3, 0xff, 0xff, 0x40, 0x0, 0x0, 0x2, 0xff,
    0xff, 0x40, 0x3f, 0xff, 0xf4, 0x0, 0x0, 0x0,
    0x1f, 0xff, 0xf8, 0x3, 0xff, 0xff, 0x0, 0x0,
    0x0, 0x0, 0xff, 0xff, 0xc0, 0x7f, 0xff, 0xf0,
    0x0, 0x0, 0x0, 0xf, 0xff, 0xfc, 0x7, 0xff,
    0xfe, 0x0, 0x0, 0x0, 0x0, 0xff, 0xff, 0xc0,
    0xbf, 0xff, 0xd0, 0x0, 0x0, 0x0, 0xb, 0xff,
    0xfd, 0xf, 0xff, 0xfc, 0x0, 0x0, 0x0, 0x0,
    0x7f, 0xff, 0xe0, 0xff, 0xff, 0xc0, 0x0, 0x0,
    0x0, 0x3, 0xff, 0xfe, 0xf, 0xff, 0xf8, 0x0,
    0x0, 0x0, 0x0, 0x3f, 0xff, 0xf1, 0xff, 0xff,
    0x40, 0x0, 0x0, 0x0, 0x2, 0xff, 0xff, 0x1f,
    0xff, 0xf0, 0x0, 0x0, 0x0, 0x0, 0x1f, 0xff,
    0xf2, 0xff, 0xff, 0x0, 0x0, 0x0, 0x0, 0x0,
    0xff, 0xff, 0x7f, 0xff, 0xf0, 0x0, 0x0, 0x0,
    0x0, 0xf, 0xff, 0xfb, 0xff, 0xfe, 0x0, 0x0,
    0x0, 0x0, 0x0, 0xbf, 0xff, 0xff, 0xff, 0xd0,
    0x0, 0x0, 0x0, 0x0, 0x7, 0xff, 0xff, 0xff,
    0xfc, 0x0, 0x0, 0x0, 0x0, 0x0, 0x3f, 0xff,
    0xff, 0xff, 0xc0, 0x0, 0x0, 0x0, 0x0, 0x3,
    0xff, 0xff, 0xff, 0xf8, 0x0, 0x0, 0x0, 0x0,
    0x0, 0x2f, 0xff, 0xff, 0xff, 0x40, 0x0, 0x0,
    0x0, 0x0, 0x1, 0xff, 0xff, 0xff, 0xf0, 0x0,
    0x0, 0x0, 0x0, 0x0, 0x1f, 0xff, 0xff, 0xff,
    0x0, 0x0, 0x0, 0x0, 0x0, 0x0, 0xff, 0xff,
    0xff, 0xf0, 0x0, 0x0, 0x0, 0x0, 0x0, 0xf,
    0xff, 0xff, 0xfe, 0x0, 0x0, 0x0, 0x0, 0x0,
    0x0, 0xbf, 0xff, 0xff, 0xd0, 0x0, 0x0, 0x0,
    0x0, 0x0, 0x7, 0xff, 0xff, 0xfc, 0x0, 0x0,
    0x0, 0x0, 0x0, 0x0, 0x3f, 0xff, 0xff, 0xc0,
    0x0, 0x0, 0x0, 0x0, 0x0, 0x3, 0xff, 0xff,
    0xf8, 0x0, 0x0, 0x0, 0x0, 0x0, 0x0, 0x2f,
    0xff, 0xff, 0x40, 0x0, 0x0, 0x0, 0x0, 0x0,
    0x1, 0xff, 0xff, 0xf0, 0x0, 0x0, 0x0, 0x0,
    0x0, 0x0, 0x1f, 0xff, 0xff, 0x0, 0x0, 0x0,
    0x0, 0x0, 0x0, 0x0, 0xff, 0xff, 0xf0, 0x0,
    0x0, 0x0, 0x0, 0x0, 0x0, 0xf, 0xff, 0xfe,
    0x0, 0x0, 0x0, 0x0, 0x0, 0x0, 0x0, 0xff,
    0xff, 0xd0, 0x0, 0x0, 0x0, 0x0, 0x0, 0x0,
    0x2f, 0xff, 0xfc, 0x0, 0x0, 0x0, 0x0, 0x0,
    0x0, 0xb, 0xff, 0xff, 0xc0, 0x0, 0x0, 0x0,
    0x0, 0x55, 0x6f, 0xff, 0xff, 0xf4, 0x0, 0x0,
    0x0, 0x0, 0x2f, 0xff, 0xff, 0xff, 0xff, 0x0,
    0x0, 0x0, 0x0, 0x2, 0xff, 0xff, 0xff, 0xff,
    0xd0, 0x0, 0x0, 0x0, 0x0, 0x2f, 0xff, 0xff,
    0xff, 0xf8, 0x0, 0x0, 0x0, 0x0, 0x2, 0xff,
    0xff, 0xff, 0xff, 0x0, 0x0, 0x0, 0x0, 0x0,
    0x2f, 0xff, 0xff, 0xff, 0x80, 0x0, 0x0, 0x0,
    0x0, 0x2, 0xff, 0xff, 0xff, 0xd0, 0x0, 0x0,
    0x0, 0x0, 0x0, 0x2f, 0xff, 0xff, 0x90, 0x0,
    0x0, 0x0, 0x0, 0x0, 0x2, 0xff, 0xe9, 0x0,
    0x0, 0x0, 0x0, 0x0, 0x0, 0x0,

    /* U+007A "z" */
    0x0, 0x0, 0x0, 0x0, 0x0, 0x0, 0x0, 0x0,
    0xff, 0xff, 0xff, 0xff, 0xff, 0xff, 0xfd, 0xf,
    0xff, 0xff, 0xff, 0xff, 0xff, 0xff, 0xd0, 0xff,
    0xff, 0xff, 0xff, 0xff, 0xff, 0xfd, 0xf, 0xff,
    0xff, 0xff, 0xff, 0xff, 0xff, 0xd0, 0xff, 0xff,
    0xff, 0xff, 0xff, 0xff, 0xfd, 0xf, 0xff, 0xff,
    0xff, 0xff, 0xff, 0xff, 0xd0, 0xff, 0xff, 0xff,
    0xff, 0xff, 0xff, 0xfc, 0xf, 0xff, 0xff, 0xff,
    0xff, 0xff, 0xff, 0x80, 0x0, 0x0, 0x0, 0x1,
    0xff, 0xff, 0xf4, 0x0, 0x0, 0x0, 0x0, 0x2f,
    0xff, 0xff, 0x0, 0x0, 0x0, 0x0, 0x3, 0xff,
    0xff, 0xe0, 0x0, 0x0, 0x0, 0x0, 0xbf, 0xff,
    0xfc, 0x0, 0x0, 0x0, 0x0, 0xf, 0xff, 0xff,
    0x80, 0x0, 0x0, 0x0, 0x1, 0xff, 0xff, 0xf4,
    0x0, 0x0, 0x0, 0x0, 0x3f, 0xff, 0xff, 0x0,
    0x0, 0x0, 0x0, 0x3, 0xff, 0xff, 0xd0, 0x0,
    0x0, 0x0, 0x0, 0xbf, 0xff, 0xfc, 0x0, 0x0,
    0x0, 0x0, 0xf, 0xff, 0xff, 0x80, 0x0, 0x0,
    0x0, 0x1, 0xff, 0xff, 0xf4, 0x0, 0x0, 0x0,
    0x0, 0x3f, 0xff, 0xff, 0x0, 0x0, 0x0, 0x0,
    0x7, 0xff, 0xff, 0xd0, 0x0, 0x0, 0x0, 0x0,
    0xbf, 0xff, 0xfc, 0x0, 0x0, 0x0, 0x0, 0xf,
    0xff, 0xff, 0x80, 0x0, 0x0, 0x0, 0x2, 0xff,
    0xff, 0xf0, 0x0, 0x0, 0x0, 0x0, 0x3f, 0xff,
    0xff, 0x0, 0x0, 0x0, 0x0, 0x7, 0xff, 0xff,
    0xd0, 0x0, 0x0, 0x0, 0x0, 0xff, 0xff, 0xfc,
    0x0, 0x0, 0x0, 0x0, 0xf, 0xff, 0xff, 0x80,
    0x0, 0x0, 0x0, 0x2, 0xff, 0xff, 0xf0, 0x0,
    0x0, 0x0, 0x0, 0x3f, 0xff, 0xff, 0x0, 0x0,
    0x0, 0x0, 0x7, 0xff, 0xff, 0xd0, 0x0, 0x0,
    0x0, 0x0, 0xff, 0xff, 0xfc, 0x0, 0x0, 0x0,
    0x0, 0xf, 0xff, 0xff, 0x80, 0x0, 0x0, 0x0,
    0x2, 0xff, 0xff, 0xf0, 0x0, 0x0, 0x0, 0x0,
    0x3f, 0xff, 0xff, 0x0, 0x0, 0x0, 0x0, 0x7,
    0xff, 0xff, 0xd0, 0x0, 0x0, 0x0, 0x0, 0xff,
    0xff, 0xfc, 0x0, 0x0, 0x0, 0x0, 0x1f, 0xff,
    0xff, 0x80, 0x0, 0x0, 0x0, 0x2, 0xff, 0xff,
    0xf0, 0x0, 0x0, 0x0, 0x0, 0x3f, 0xff, 0xff,
    0x0, 0x0, 0x0, 0x0, 0xb, 0xff, 0xff, 0xd0,
    0x0, 0x0, 0x0, 0x0, 0xff, 0xff, 0xfc, 0x0,
    0x0, 0x0, 0x0, 0x1f, 0xff, 0xff, 0x80, 0x0,
    0x0, 0x0, 0x3, 0xff, 0xff, 0xf0, 0x0, 0x0,
    0x0, 0x0, 0x3f, 0xff, 0xff, 0x0, 0x0, 0x0,
    0x0, 0xb, 0xff, 0xff, 0xd0, 0x0, 0x0, 0x0,
    0x0, 0xff, 0xff, 0xfc, 0x0, 0x0, 0x0, 0x0,
    0x1f, 0xff, 0xff, 0x80, 0x0, 0x0, 0x0, 0x3,
    0xff, 0xff, 0xf0, 0x0, 0x0, 0x0, 0x0, 0x7f,
    0xff, 0xff, 0x0, 0x0, 0x0, 0x0, 0xb, 0xff,
    0xff, 0xff, 0xff, 0xff, 0xff, 0xfc, 0xff, 0xff,
    0xff, 0xff, 0xff, 0xff, 0xff, 0xcf, 0xff, 0xff,
    0xff, 0xff, 0xff, 0xff, 0xfc, 0xff, 0xff, 0xff,
    0xff, 0xff, 0xff, 0xff, 0xcf, 0xff, 0xff, 0xff,
    0xff, 0xff, 0xff, 0xfc, 0xff, 0xff, 0xff, 0xff,
    0xff, 0xff, 0xff, 0xcf, 0xff, 0xff, 0xff, 0xff,
    0xff, 0xff, 0xfc, 0xff, 0xff, 0xff, 0xff, 0xff,
    0xff, 0xff, 0xc0,

    /* U+007B "{" */
    0x0, 0x0, 0x0, 0x0, 0x15, 0x55, 0x0, 0x0,
    0x0, 0xbf, 0xff, 0xfe, 0x0, 0x0, 0xb, 0xff,
    0xff, 0xfe, 0x0, 0x0, 0x3f, 0xff, 0xff, 0xfe,
    0x0, 0x0, 0xff, 0xff, 0xff, 0xfe, 0x0, 0x2,
    0xff, 0xff, 0xff, 0xfe, 0x0, 0x3, 0xff, 0xff,
    0xff, 0xfe, 0x0, 0x7, 0xff, 0xff, 0xff, 0xfe,
    0x0, 0xb, 0xff, 0xff, 0xff, 0xa5, 0x0, 0xb,
    0xff, 0xff, 0xf8, 0x0, 0x0, 0xf, 0xff, 0xff,
    0xf0, 0x0, 0x0, 0xf, 0xff, 0xff, 0xd0, 0x0,
    0x0, 0xf, 0xff, 0xff, 0xd0, 0x0, 0x0, 0xf,
    0xff, 0xff, 0xc0, 0x0, 0x0, 0xf, 0xff, 0xff,
    0xc0, 0x0, 0x0, 0xf, 0xff, 0xff, 0xc0, 0x0,
    0x0, 0xf, 0xff, 0xff, 0xc0, 0x0, 0x0, 0xf,
    0xff, 0xff, 0xc0, 0x0, 0x0, 0xf, 0xff, 0xff,
    0xc0, 0x0, 0x0, 0xf, 0xff, 0xff, 0xc0, 0x0,
    0x0, 0xf, 0xff, 0xff, 0xc0, 0x0, 0x0, 0xf,
    0xff, 0xff, 0xc0, 0x0, 0x0, 0xf, 0xff, 0xff,
    0xc0, 0x0, 0x0, 0xf, 0xff, 0xff, 0xc0, 0x0,
    0x0, 0xf, 0xff, 0xff, 0xc0, 0x0, 0x0, 0xf,
    0xff, 0xff, 0xc0, 0x0, 0x0, 0xf, 0xff, 0xff,
    0xc0, 0x0, 0x0, 0xf, 0xff, 0xff, 0xc0, 0x0,
    0x0, 0xf, 0xff, 0xff, 0xc0, 0x0, 0x0, 0xf,
    0xff, 0xff, 0xc0, 0x0, 0x0, 0xf, 0xff, 0xff,
    0xc0, 0x0, 0x0, 0xf, 0xff, 0xff, 0xc0, 0x0,
    0x0, 0xf, 0xff, 0xff, 0xc0, 0x0, 0x0, 0xf,
    0xff, 0xff, 0xc0, 0x0, 0x0, 0xf, 0xff, 0xff,
    0xc0, 0x0, 0x0, 0xf, 0xff, 0xff, 0xc0, 0x0,
    0x0, 0xf, 0xff, 0xff, 0xc0, 0x0, 0x0, 0xf,
    0xff, 0xff, 0xc0, 0x0, 0x0, 0x1f, 0xff, 0xff,
    0xc0, 0x0, 0x0, 0x1f, 0xff, 0xff, 0xc0, 0x0,
    0x0, 0x1f, 0xff, 0xff, 0xc0, 0x0, 0x0, 0x1f,
    0xff, 0xff, 0x80, 0x0, 0x0, 0x2f, 0xff, 0xff,
    0x80, 0x0, 0x0, 0x2f, 0xff, 0xff, 0x40, 0x0,
    0x0, 0x3f, 0xff, 0xff, 0x0, 0x0, 0x0, 0x7f,
    0xff, 0xff, 0x0, 0x0, 0x1, 0xff, 0xff, 0xfe,
    0x0, 0x0, 0x6f, 0xff, 0xff, 0xfc, 0x0, 0x0,
    0xff, 0xff, 0xff, 0xf4, 0x0, 0x0, 0xff, 0xff,
    0xff, 0xd0, 0x0, 0x0, 0xff, 0xff, 0xff, 0x40,
    0x0, 0x0, 0xff, 0xff, 0xfd, 0x0, 0x0, 0x0,
    0xff, 0xff, 0xff, 0xc0, 0x0, 0x0, 0xff, 0xff,
    0xff, 0xf0, 0x0, 0x0, 0xff, 0xff, 0xff, 0xfc,
    0x0, 0x0, 0x7, 0xff, 0xff, 0xfd, 0x0, 0x0,
    0x0, 0xbf, 0xff, 0xff, 0x0, 0x0, 0x0, 0x3f,
    0xff, 0xff, 0x0, 0x0, 0x0, 0x3f, 0xff, 0xff,
    0x40, 0x0, 0x0, 0x2f, 0xff, 0xff, 0x80, 0x0,
    0x0, 0x2f, 0xff, 0xff, 0x80, 0x0, 0x0, 0x1f,
    0xff, 0xff, 0xc0, 0x0, 0x0, 0x1f, 0xff, 0xff,
    0xc0, 0x0, 0x0, 0x1f, 0xff, 0xff, 0xc0, 0x0,
    0x0, 0x1f, 0xff, 0xff, 0xc0, 0x0, 0x0, 0xf,
    0xff, 0xff, 0xc0, 0x0, 0x0, 0xf, 0xff, 0xff,
    0xc0, 0x0, 0x0, 0xf, 0xff, 0xff, 0xc0, 0x0,
    0x0, 0xf, 0xff, 0xff, 0xc0, 0x0, 0x0, 0xf,
    0xff, 0xff, 0xc0, 0x0, 0x0, 0xf, 0xff, 0xff,
    0xc0, 0x0, 0x0, 0xf, 0xff, 0xff, 0xc0, 0x0,
    0x0, 0xf, 0xff, 0xff, 0xc0, 0x0, 0x0, 0xf,
    0xff, 0xff, 0xc0, 0x0, 0x0, 0xf, 0xff, 0xff,
    0xc0, 0x0, 0x0, 0xf, 0xff, 0xff, 0xc0, 0x0,
    0x0, 0xf, 0xff, 0xff, 0xc0, 0x0, 0x0, 0xf,
    0xff, 0xff, 0xc0, 0x0, 0x0, 0xf, 0xff, 0xff,
    0xc0, 0x0, 0x0, 0xf, 0xff, 0xff, 0xc0, 0x0,
    0x0, 0xf, 0xff, 0xff, 0xc0, 0x0, 0x0, 0xf,
    0xff, 0xff, 0xc0, 0x0, 0x0, 0xf, 0xff, 0xff,
    0xc0, 0x0, 0x0, 0xf, 0xff, 0xff, 0xc0, 0x0,
    0x0, 0xf, 0xff, 0xff, 0xc0, 0x0, 0x0, 0xf,
    0xff, 0xff, 0xc0, 0x0, 0x0, 0xf, 0xff, 0xff,
    0xc0, 0x0, 0x0, 0xf, 0xff, 0xff, 0xc0, 0x0,
    0x0, 0xf, 0xff, 0xff, 0xc0, 0x0, 0x0, 0xf,
    0xff, 0xff, 0xc0, 0x0, 0x0, 0xf, 0xff, 0xff,
    0xd0, 0x0, 0x0, 0xf, 0xff, 0xff, 0xe0, 0x0,
    0x0, 0xf, 0xff, 0xff, 0xf0, 0x0, 0x0, 0xb,
    0xff, 0xff, 0xfd, 0x0, 0x0, 0x7, 0xff, 0xff,
    0xff, 0xfe, 0x0, 0x3, 0xff, 0xff, 0xff, 0xfe,
    0x0, 0x3, 0xff, 0xff, 0xff, 0xfe, 0x0, 0x1,
    0xff, 0xff, 0xff, 0xfe, 0x0, 0x0, 0xbf, 0xff,
    0xff, 0xfe, 0x0, 0x0, 0x2f, 0xff, 0xff, 0xfe,
    0x0, 0x0, 0x2, 0xff, 0xff, 0xfe, 0x0, 0x0,
    0x0, 0x16, 0xbf, 0xfe,

    /* U+007C "|" */
    0x3f, 0xff, 0xfc, 0xff, 0xff, 0xf3, 0xff, 0xff,
    0xcf, 0xff, 0xff, 0x3f, 0xff, 0xfc, 0xff, 0xff,
    0xf3, 0xff, 0xff, 0xcf, 0xff, 0xff, 0x3f, 0xff,
    0xfc, 0xff, 0xff, 0xf3, 0xff, 0xff, 0xcf, 0xff,
    0xff, 0x3f, 0xff, 0xfc, 0xff, 0xff, 0xf3, 0xff,
    0xff, 0xcf, 0xff, 0xff, 0x3f, 0xff, 0xfc, 0xff,
    0xff, 0xf3, 0xff, 0xff, 0xcf, 0xff, 0xff, 0x3f,
    0xff, 0xfc, 0xff, 0xff, 0xf3, 0xff, 0xff, 0xcf,
    0xff, 0xff, 0x3f, 0xff, 0xfc, 0xff, 0xff, 0xf3,
    0xff, 0xff, 0xcf, 0xff, 0xff, 0x3f, 0xff, 0xfc,
    0xff, 0xff, 0xf3, 0xff, 0xff, 0xcf, 0xff, 0xff,
    0x3f, 0xff, 0xfc, 0xff, 0xff, 0xf3, 0xff, 0xff,
    0xcf, 0xff, 0xff, 0x3f, 0xff, 0xfc, 0xff, 0xff,
    0xf3, 0xff, 0xff, 0xcf, 0xff, 0xff, 0x3f, 0xff,
    0xfc, 0xff, 0xff, 0xf3, 0xff, 0xff, 0xcf, 0xff,
    0xff, 0x3f, 0xff, 0xfc, 0xff, 0xff, 0xf3, 0xff,
    0xff, 0xcf, 0xff, 0xff, 0x3f, 0xff, 0xfc, 0xff,
    0xff, 0xf3, 0xff, 0xff, 0xcf, 0xff, 0xff, 0x3f,
    0xff, 0xfc, 0xff, 0xff, 0xf3, 0xff, 0xff, 0xcf,
    0xff, 0xff, 0x3f, 0xff, 0xfc, 0xff, 0xff, 0xf3,
    0xff, 0xff, 0xcf, 0xff, 0xff, 0x3f, 0xff, 0xfc,
    0xff, 0xff, 0xf3, 0xff, 0xff, 0xcf, 0xff, 0xff,
    0x3f, 0xff, 0xfc, 0xff, 0xff, 0xf3, 0xff, 0xff,
    0xcf, 0xff, 0xff, 0x3f, 0xff, 0xfc, 0xff, 0xff,
    0xf3, 0xff, 0xff, 0xcf, 0xff, 0xff, 0x3f, 0xff,
    0xfc, 0xff, 0xff, 0xf3, 0xff, 0xff, 0xcf, 0xff,
    0xff, 0x3f, 0xff, 0xfc, 0xff, 0xff, 0xf3, 0xff,
    0xff, 0xcf, 0xff, 0xff, 0x3f, 0xff, 0xfc, 0xff,
    0xff, 0xf3, 0xff, 0xff, 0xcf, 0xff, 0xff, 0x3f,
    0xff, 0xfc, 0xff, 0xff, 0xf3, 0xff, 0xff, 0xcf,
    0xff, 0xff, 0x3f, 0xff, 0xfc, 0xff, 0xff, 0xf3,
    0xff, 0xff, 0xcf, 0xff, 0xff, 0x3f, 0xff, 0xfc,
    0xff, 0xff, 0xf3, 0xff, 0xff, 0xcf, 0xff, 0xff,
    0x2a, 0xaa, 0xa4,

    /* U+007D "}" */
    0x55, 0x54, 0x0, 0x0, 0x0, 0x0, 0x2f, 0xff,
    0xff, 0x80, 0x0, 0x0, 0xb, 0xff, 0xff, 0xff,
    0x0, 0x0, 0x2, 0xff, 0xff, 0xff, 0xf4, 0x0,
    0x0, 0xbf, 0xff, 0xff, 0xff, 0x0, 0x0, 0x2f,
    0xff, 0xff, 0xff, 0xe0, 0x0, 0xb, 0xff, 0xff,
    0xff, 0xfc, 0x0, 0x2, 0xff, 0xff, 0xff, 0xff,
    0x40, 0x0, 0x5a, 0xff, 0xff, 0xff, 0xe0, 0x0,
    0x0, 0xb, 0xff, 0xff, 0xfc, 0x0, 0x0, 0x0,
    0xbf, 0xff, 0xff, 0x0, 0x0, 0x0, 0x1f, 0xff,
    0xff, 0xc0, 0x0, 0x0, 0x3, 0xff, 0xff, 0xf0,
    0x0, 0x0, 0x0, 0xff, 0xff, 0xfc, 0x0, 0x0,
    0x0, 0x3f, 0xff, 0xff, 0x0, 0x0, 0x0, 0xf,
    0xff, 0xff, 0xc0, 0x0, 0x0, 0x3, 0xff, 0xff,
    0xf0, 0x0, 0x0, 0x0, 0xff, 0xff, 0xfd, 0x0,
    0x0, 0x0, 0x3f, 0xff, 0xff, 0x40, 0x0, 0x0,
    0xf, 0xff, 0xff, 0xd0, 0x0, 0x0, 0x3, 0xff,
    0xff, 0xf4, 0x0, 0x0, 0x0, 0xff, 0xff, 0xfd,
    0x0, 0x0, 0x0, 0x3f, 0xff, 0xff, 0x40, 0x0,
    0x0, 0xf, 0xff, 0xff, 0xd0, 0x0, 0x0, 0x3,
    0xff, 0xff, 0xf4, 0x0, 0x0, 0x0, 0xff, 0xff,
    0xfd, 0x0, 0x0, 0x0, 0x3f, 0xff, 0xff, 0x40,
    0x0, 0x0, 0xf, 0xff, 0xff, 0xd0, 0x0, 0x0,
    0x3, 0xff, 0xff, 0xf4, 0x0, 0x0, 0x0, 0xff,
    0xff, 0xfd, 0x0, 0x0, 0x0, 0x3f, 0xff, 0xff,
    0x40, 0x0, 0x0, 0xf, 0xff, 0xff, 0xd0, 0x0,
    0x0, 0x3, 0xff, 0xff, 0xf4, 0x0, 0x0, 0x0,
    0xff, 0xff, 0xfd, 0x0, 0x0, 0x0, 0x3f, 0xff,
    0xff, 0x40, 0x0, 0x0, 0xf, 0xff, 0xff, 0xd0,
    0x0, 0x0, 0x3, 0xff, 0xff, 0xf4, 0x0, 0x0,
    0x0, 0xff, 0xff, 0xfd, 0x0, 0x0, 0x0, 0x3f,
    0xff, 0xff, 0x40, 0x0, 0x0, 0xf, 0xff, 0xff,
    0xd0, 0x0, 0x0, 0x3, 0xff, 0xff, 0xf4, 0x0,
    0x0, 0x0, 0xbf, 0xff, 0xfe, 0x0, 0x0, 0x0,
    0x2f, 0xff, 0xff, 0x80, 0x0, 0x0, 0x7, 0xff,
    0xff, 0xf0, 0x0, 0x0, 0x0, 0xff, 0xff, 0xfc,
    0x0, 0x0, 0x0, 0x3f, 0xff, 0xff, 0x80, 0x0,
    0x0, 0x7, 0xff, 0xff, 0xf4, 0x0, 0x0, 0x0,
    0xff, 0xff, 0xff, 0xe4, 0x0, 0x0, 0x1f, 0xff,
    0xff, 0xff, 0x0, 0x0, 0x1, 0xff, 0xff, 0xff,
    0xc0, 0x0, 0x0, 0xf, 0xff, 0xff, 0xf0, 0x0,
    0x0, 0x1, 0xff, 0xff, 0xfc, 0x0, 0x0, 0x2,
    0xff, 0xff, 0xff, 0x0, 0x0, 0x3, 0xff, 0xff,
    0xff, 0xc0, 0x0, 0x2, 0xff, 0xff, 0xff, 0xf0,
    0x0, 0x1, 0xff, 0xff, 0xff, 0x40, 0x0, 0x0,
    0xbf, 0xff, 0xff, 0x0, 0x0, 0x0, 0x3f, 0xff,
    0xff, 0x40, 0x0, 0x0, 0x1f, 0xff, 0xff, 0xc0,
    0x0, 0x0, 0x7, 0xff, 0xff, 0xe0, 0x0, 0x0,
    0x2, 0xff, 0xff, 0xf8, 0x0, 0x0, 0x0, 0xbf,
    0xff, 0xfe, 0x0, 0x0, 0x0, 0x3f, 0xff, 0xff,
    0x40, 0x0, 0x0, 0xf, 0xff, 0xff, 0xd0, 0x0,
    0x0, 0x3, 0xff, 0xff, 0xf4, 0x0, 0x0, 0x0,
    0xff, 0xff, 0xfd, 0x0, 0x0, 0x0, 0x3f, 0xff,
    0xff, 0x40, 0x0, 0x0, 0xf, 0xff, 0xff, 0xd0,
    0x0, 0x0, 0x3, 0xff, 0xff, 0xf4, 0x0, 0x0,
    0x0, 0xff, 0xff, 0xfd, 0x0, 0x0, 0x0, 0x3f,
    0xff, 0xff, 0x40, 0x0, 0x0, 0xf, 0xff, 0xff,
    0xd0, 0x0, 0x0, 0x3, 0xff, 0xff, 0xf4, 0x0,
    0x0, 0x0, 0xff, 0xff, 0xfd, 0x0, 0x0, 0x0,
    0x3f, 0xff, 0xff, 0x40, 0x0, 0x0, 0xf, 0xff,
    0xff, 0xd0, 0x0, 0x0, 0x3, 0xff, 0xff, 0xf4,
    0x0, 0x0, 0x0, 0xff, 0xff, 0xfd, 0x0, 0x0,
    0x0, 0x3f, 0xff, 0xff, 0x40, 0x0, 0x0, 0xf,
    0xff, 0xff, 0xd0, 0x0, 0x0, 0x3, 0xff, 0xff,
    0xf4, 0x0, 0x0, 0x0, 0xff, 0xff, 0xfd, 0x0,
    0x0, 0x0, 0x3f, 0xff, 0xff, 0x40, 0x0, 0x0,
    0xf, 0xff, 0xff, 0xd0, 0x0, 0x0, 0x3, 0xff,
    0xff, 0xf4, 0x0, 0x0, 0x0, 0xff, 0xff, 0xfd,
    0x0, 0x0, 0x0, 0x3f, 0xff, 0xff, 0x0, 0x0,
    0x0, 0xf, 0xff, 0xff, 0xc0, 0x0, 0x0, 0x3,
    0xff, 0xff, 0xf0, 0x0, 0x0, 0x0, 0xff, 0xff,
    0xfc, 0x0, 0x0, 0x0, 0x3f, 0xff, 0xff, 0x0,
    0x0, 0x0, 0x1f, 0xff, 0xff, 0xc0, 0x0, 0x0,
    0xf, 0xff, 0xff, 0xf0, 0x0, 0x0, 0x1f, 0xff,
    0xff, 0xf8, 0x0, 0xb, 0xff, 0xff, 0xff, 0xfe,
    0x0, 0x2, 0xff, 0xff, 0xff, 0xff, 0x40, 0x0,
    0xbf, 0xff, 0xff, 0xff, 0xc0, 0x0, 0x2f, 0xff,
    0xff, 0xff, 0xd0, 0x0, 0xb, 0xff, 0xff, 0xff,
    0xe0, 0x0, 0x2, 0xff, 0xff, 0xff, 0xe0, 0x0,
    0x0, 0xbf, 0xff, 0xff, 0x90, 0x0, 0x0, 0x2f,
    0xff, 0xa5, 0x0, 0x0, 0x0, 0x0,

    /* U+007E "~" */
    0x0, 0x0, 0x6, 0xa4, 0x0, 0x0, 0x0, 0x0,
    0x0, 0x0, 0x0, 0x1, 0xff, 0xfe, 0x0, 0x0,
    0x0, 0x0, 0x0, 0x0, 0x0, 0x7f, 0xff, 0xff,
    0x80, 0x0, 0x0, 0x0, 0x80, 0x0, 0xb, 0xff,
    0xff, 0xff, 0xd0, 0x0, 0x0, 0x1f, 0x40, 0x0,
    0xff, 0xff, 0xff, 0xff, 0xf0, 0x0, 0x2, 0xff,
    0x0, 0xf, 0xff, 0xff, 0xff, 0xff, 0xf8, 0x0,
    0x7f, 0xff, 0x1, 0xff, 0xff, 0xff, 0xff, 0xff,
    0xff, 0xaf, 0xff, 0xfe, 0xf, 0xff, 0xff, 0xff,
    0xff, 0xff, 0xff, 0xff, 0xff, 0xfc, 0x3f, 0xff,
    0xff, 0xff, 0xff, 0xff, 0xff, 0xff, 0xff, 0xc0,
    0x7f, 0xff, 0x80, 0x6f, 0xff, 0xff, 0xff, 0xff,
    0xfc, 0x0, 0xbf, 0xe0, 0x0, 0xb, 0xff, 0xff,
    0xff, 0xff, 0xc0, 0x0, 0xfd, 0x0, 0x0, 0x3,
    0xff, 0xff, 0xff, 0xf8, 0x0, 0x0, 0x80, 0x0,
    0x0, 0x1, 0xff, 0xff, 0xff, 0x40, 0x0, 0x0,
    0x0, 0x0, 0x0, 0x0, 0xbf, 0xff, 0xf0, 0x0,
    0x0, 0x0, 0x0, 0x0, 0x0, 0x0, 0x1b, 0xf9,
    0x0, 0x0, 0x0
};


/*---------------------
 *  GLYPH DESCRIPTION
 *--------------------*/

static const lv_font_fmt_txt_glyph_dsc_t glyph_dsc[] = {
    {.bitmap_index = 0, .adv_w = 0, .box_w = 0, .box_h = 0, .ofs_x = 0, .ofs_y = 0} /* id = 0 reserved */,
    {.bitmap_index = 0, .adv_w = 366, .box_w = 0, .box_h = 0, .ofs_x = 0, .ofs_y = 0},
    {.bitmap_index = 0, .adv_w = 333, .box_w = 11, .box_h = 82, .ofs_x = 5, .ofs_y = 0},
    {.bitmap_index = 226, .adv_w = 426, .box_w = 24, .box_h = 25, .ofs_x = 2, .ofs_y = 57},
    {.bitmap_index = 376, .adv_w = 778, .box_w = 43, .box_h = 82, .ofs_x = 3, .ofs_y = 0},
    {.bitmap_index = 1258, .adv_w = 786, .box_w = 42, .box_h = 98, .ofs_x = 3, .ofs_y = -8},
    {.bitmap_index = 2287, .adv_w = 1426, .box_w = 83, .box_h = 84, .ofs_x = 3, .ofs_y = -1},
    {.bitmap_index = 4030, .adv_w = 970, .box_w = 50, .box_h = 84, .ofs_x = 5, .ofs_y = -1},
    {.bitmap_index = 5080, .adv_w = 203, .box_w = 10, .box_h = 25, .ofs_x = 2, .ofs_y = 57},
    {.bitmap_index = 5143, .adv_w = 477, .box_w = 20, .box_h = 103, .ofs_x = 7, .ofs_y = -20},
    {.bitmap_index = 5658, .adv_w = 416, .box_w = 21, .box_h = 103, .ofs_x = 2, .ofs_y = -20},
    {.bitmap_index = 6199, .adv_w = 637, .box_w = 34, .box_h = 35, .ofs_x = 4, .ofs_y = 47},
    {.bitmap_index = 6497, .adv_w = 664, .box_w = 37, .box_h = 41, .ofs_x = 2, .ofs_y = 21},
    {.bitmap_index = 6877, .adv_w = 299, .box_w = 12, .box_h = 26, .ofs_x = 4, .ofs_y = -14},
    {.bitmap_index = 6955, .adv_w = 485, .box_w = 23, .box_h = 9, .ofs_x = 4, .ofs_y = 25},
    {.bitmap_index = 7007, .adv_w = 301, .box_w = 12, .box_h = 12, .ofs_x = 4, .ofs_y = 0},
    {.bitmap_index = 7043, .adv_w = 590, .box_w = 32, .box_h = 82, .ofs_x = 2, .ofs_y = 0},
    {.bitmap_index = 7699, .adv_w = 827, .box_w = 41, .box_h = 84, .ofs_x = 5, .ofs_y = -1},
    {.bitmap_index = 8560, .adv_w = 605, .box_w = 25, .box_h = 82, .ofs_x = 3, .ofs_y = 0},
    {.bitmap_index = 9073, .adv_w = 765, .box_w = 41, .box_h = 83, .ofs_x = 4, .ofs_y = 0},
    {.bitmap_index = 9924, .adv_w = 763, .box_w = 40, .box_h = 84, .ofs_x = 4, .ofs_y = -1},
    {.bitmap_index = 10764, .adv_w = 773, .box_w = 43, .box_h = 82, .ofs_x = 4, .ofs_y = 0},
    {.bitmap_index = 11646, .adv_w = 762, .box_w = 41, .box_h = 83, .ofs_x = 4, .ofs_y = -1},
    {.bitmap_index = 12497, .adv_w = 805, .box_w = 41, .box_h = 84, .ofs_x = 5, .ofs_y = -1},
    {.bitmap_index = 13358, .adv_w = 618, .box_w = 33, .box_h = 82, .ofs_x = 2, .ofs_y = 0},
    {.bitmap_index = 14035, .adv_w = 798, .box_w = 40, .box_h = 84, .ofs_x = 5, .ofs_y = -1},
    {.bitmap_index = 14875, .adv_w = 803, .box_w = 41, .box_h = 84, .ofs_x = 4, .ofs_y = -1},
    {.bitmap_index = 15736, .adv_w = 315, .box_w = 11, .box_h = 44, .ofs_x = 6, .ofs_y = 10},
    {.bitmap_index = 15857, .adv_w = 344, .box_w = 12, .box_h = 61, .ofs_x = 5, .ofs_y = -5},
    {.bitmap_index = 16040, .adv_w = 597, .box_w = 30, .box_h = 42, .ofs_x = 2, .ofs_y = 21},
    {.bitmap_index = 16355, .adv_w = 664, .box_w = 32, .box_h = 26, .ofs_x = 5, .ofs_y = 29},
    {.bitmap_index = 16563, .adv_w = 597, .box_w = 30, .box_h = 42, .ofs_x = 5, .ofs_y = 21},
    {.bitmap_index = 16878, .adv_w = 773, .box_w = 40, .box_h = 83, .ofs_x = 5, .ofs_y = 0},
    {.bitmap_index = 17708, .adv_w = 1446, .box_w = 82, .box_h = 95, .ofs_x = 5, .ofs_y = -13},
    {.bitmap_index = 19656, .adv_w = 787, .box_w = 47, .box_h = 82, .ofs_x = 1, .ofs_y = 0},
    {.bitmap_index = 20620, .adv_w = 838, .box_w = 43, .box_h = 82, .ofs_x = 6, .ofs_y = 0},
    {.bitmap_index = 21502, .adv_w = 824, .box_w = 43, .box_h = 84, .ofs_x = 4, .ofs_y = -1},
    {.bitmap_index = 22405, .adv_w = 843, .box_w = 42, .box_h = 82, .ofs_x = 6, .ofs_y = 0},
    {.bitmap_index = 23266, .adv_w = 651, .box_w = 32, .box_h = 82, .ofs_x = 6, .ofs_y = 0},
    {.bitmap_index = 23922, .adv_w = 626, .box_w = 32, .box_h = 82, .ofs_x = 6, .ofs_y = 0},
    {.bitmap_index = 24578, .adv_w = 856, .box_w = 45, .box_h = 84, .ofs_x = 4, .ofs_y = -1},
    {.bitmap_index = 25523, .adv_w = 898, .box_w = 44, .box_h = 82, .ofs_x = 6, .ofs_y = 0},
    {.bitmap_index = 26425, .adv_w = 397, .box_w = 12, .box_h = 82, .ofs_x = 6, .ofs_y = 0},
    {.bitmap_index = 26671, .adv_w = 482, .box_w = 24, .box_h = 84, .ofs_x = 0, .ofs_y = -2},
    {.bitmap_index = 27175, .adv_w = 792, .box_w = 44, .box_h = 82, .ofs_x = 6, .ofs_y = 0},
    {.bitmap_index = 28077, .adv_w = 635, .box_w = 33, .box_h = 82, .ofs_x = 6, .ofs_y = 0},
    {.bitmap_index = 28754, .adv_w = 1056, .box_w = 54, .box_h = 82, .ofs_x = 6, .ofs_y = 0},
    {.bitmap_index = 29861, .adv_w = 845, .box_w = 41, .box_h = 82, .ofs_x = 6, .ofs_y = 0},
    {.bitmap_index = 30702, .adv_w = 862, .box_w = 46, .box_h = 84, .ofs_x = 4, .ofs_y = -1},
    {.bitmap_index = 31668, .adv_w = 768, .box_w = 41, .box_h = 82, .ofs_x = 6, .ofs_y = 0},
    {.bitmap_index = 32509, .adv_w = 866, .box_w = 46, .box_h = 100, .ofs_x = 4, .ofs_y = -17},
    {.bitmap_index = 33659, .adv_w = 830, .box_w = 42, .box_h = 82, .ofs_x = 6, .ofs_y = 0},
    {.bitmap_index = 34520, .adv_w = 757, .box_w = 42, .box_h = 84, .ofs_x = 3, .ofs_y = -1},
    {.bitmap_index = 35402, .adv_w = 661, .box_w = 39, .box_h = 82, .ofs_x = 1, .ofs_y = 0},
    {.bitmap_index = 36202, .adv_w = 869, .box_w = 44, .box_h = 82, .ofs_x = 5, .ofs_y = 0},
    {.bitmap_index = 37104, .adv_w = 808, .box_w = 47, .box_h = 82, .ofs_x = 2, .ofs_y = 0},
    {.bitmap_index = 38068, .adv_w = 1166, .box_w = 67, .box_h = 82, .ofs_x = 3, .ofs_y = 0},
    {.bitmap_index = 39442, .adv_w = 771, .box_w = 46, .box_h = 82, .ofs_x = 1, .ofs_y = 0},
    {.bitmap_index = 40385, .adv_w = 770, .box_w = 46, .box_h = 82, .ofs_x = 1, .ofs_y = 0},
    {.bitmap_index = 41328, .adv_w = 667, .box_w = 37, .box_h = 82, .ofs_x = 3, .ofs_y = 0},
    {.bitmap_index = 42087, .adv_w = 544, .box_w = 23, .box_h = 100, .ofs_x = 6, .ofs_y = -18},
    {.bitmap_index = 42662, .adv_w = 590, .box_w = 32, .box_h = 82, .ofs_x = 2, .ofs_y = 0},
    {.bitmap_index = 43318, .adv_w = 496, .box_w = 23, .box_h = 100, .ofs_x = 2, .ofs_y = -18},
    {.bitmap_index = 43893, .adv_w = 709, .box_w = 38, .box_h = 33, .ofs_x = 3, .ofs_y = 49},
    {.bitmap_index = 44207, .adv_w = 550, .box_w = 35, .box_h = 9, .ofs_x = 0, .ofs_y = -13},
    {.bitmap_index = 44286, .adv_w = 445, .box_w = 18, .box_h = 20, .ofs_x = 5, .ofs_y = 62},
    {.bitmap_index = 44376, .adv_w = 654, .box_w = 35, .box_h = 60, .ofs_x = 2, .ofs_y = -1},
    {.bitmap_index = 44901, .adv_w = 715, .box_w = 36, .box_h = 83, .ofs_x = 5, .ofs_y = -1},
    {.bitmap_index = 45648, .adv_w = 658, .box_w = 33, .box_h = 60, .ofs_x = 4, .ofs_y = -1},
    {.bitmap_index = 46143, .adv_w = 707, .box_w = 35, .box_h = 83, .ofs_x = 4, .ofs_y = -1},
    {.bitmap_index = 46870, .adv_w = 674, .box_w = 34, .box_h = 60, .ofs_x = 4, .ofs_y = -1},
    {.bitmap_index = 47380, .adv_w = 459, .box_w = 28, .box_h = 79, .ofs_x = 1, .ofs_y = 0},
    {.bitmap_index = 47933, .adv_w = 706, .box_w = 44, .box_h = 78, .ofs_x = 2, .ofs_y = -18},
    {.bitmap_index = 48791, .adv_w = 712, .box_w = 35, .box_h = 82, .ofs_x = 5, .ofs_y = 0},
    {.bitmap_index = 49509, .adv_w = 366, .box_w = 11, .box_h = 78, .ofs_x = 6, .ofs_y = 0},
    {.bitmap_index = 49724, .adv_w = 368, .box_w = 20, .box_h = 93, .ofs_x = -2, .ofs_y = -15},
    {.bitmap_index = 50189, .adv_w = 686, .box_w = 39, .box_h = 82, .ofs_x = 5, .ofs_y = 0},
    {.bitmap_index = 50989, .adv_w = 366, .box_w = 12, .box_h = 82, .ofs_x = 6, .ofs_y = 0},
    {.bitmap_index = 51235, .adv_w = 1088, .box_w = 58, .box_h = 60, .ofs_x = 5, .ofs_y = 0},
    {.bitmap_index = 52105, .adv_w = 702, .box_w = 34, .box_h = 59, .ofs_x = 5, .ofs_y = 0},
    {.bitmap_index = 52607, .adv_w = 680, .box_w = 35, .box_h = 60, .ofs_x = 4, .ofs_y = -1},
    {.bitmap_index = 53132, .adv_w = 714, .box_w = 36, .box_h = 78, .ofs_x = 5, .ofs_y = -19},
    {.bitmap_index = 53834, .adv_w = 709, .box_w = 35, .box_h = 78, .ofs_x = 4, .ofs_y = -19},
    {.bitmap_index = 54517, .adv_w = 514, .box_w = 26, .box_h = 59, .ofs_x = 5, .ofs_y = 0},
    {.bitmap_index = 54901, .adv_w = 598, .box_w = 33, .box_h = 60, .ofs_x = 2, .ofs_y = -1},
    {.bitmap_index = 55396, .adv_w = 493, .box_w = 27, .box_h = 76, .ofs_x = 2, .ofs_y = -1},
    {.bitmap_index = 55909, .adv_w = 704, .box_w = 34, .box_h = 59, .ofs_x = 5, .ofs_y = -1},
    {.bitmap_index = 56411, .adv_w = 616, .box_w = 36, .box_h = 58, .ofs_x = 1, .ofs_y = 0},
    {.bitmap_index = 56933, .adv_w = 941, .box_w = 54, .box_h = 58, .ofs_x = 2, .ofs_y = 0},
    {.bitmap_index = 57716, .adv_w = 622, .box_w = 39, .box_h = 59, .ofs_x = 0, .ofs_y = 0},
    {.bitmap_index = 58292, .adv_w = 627, .box_w = 38, .box_h = 73, .ofs_x = 1, .ofs_y = -15},
    {.bitmap_index = 58986, .adv_w = 555, .box_w = 30, .box_h = 59, .ofs_x = 3, .ofs_y = 0},
    {.bitmap_index = 59429, .adv_w = 480, .box_w = 24, .box_h = 102, .ofs_x = 4, .ofs_y = -19},
    {.bitmap_index = 60041, .adv_w = 382, .box_w = 11, .box_h = 97, .ofs_x = 6, .ofs_y = -15},
    {.bitmap_index = 60308, .adv_w = 514, .box_w = 25, .box_h = 102, .ofs_x = 4, .ofs_y = -19},
    {.bitmap_index = 60946, .adv_w = 715, .box_w = 39, .box_h = 15, .ofs_x = 3, .ofs_y = 35}
};

/*---------------------
 *  CHARACTER MAPPING
 *--------------------*/



/*Collect the unicode lists and glyph_id offsets*/
static const lv_font_fmt_txt_cmap_t cmaps[] =
{
    {
        .range_start = 32, .range_length = 95, .glyph_id_start = 1,
        .unicode_list = NULL, .glyph_id_ofs_list = NULL, .list_length = 0, .type = LV_FONT_FMT_TXT_CMAP_FORMAT0_TINY
    }
};

/*-----------------
 *    KERNING
 *----------------*/


/*Pair left and right glyphs for kerning*/
static const uint8_t kern_pair_glyph_ids[] =
{
    3, 34,
    3, 36,
    3, 40,
    3, 43,
    3, 48,
    3, 50,
    3, 66,
    3, 68,
    3, 69,
    3, 70,
    3, 72,
    3, 80,
    3, 82,
    3, 84,
    7, 53,
    8, 34,
    8, 36,
    8, 40,
    8, 43,
    8, 48,
    8, 50,
    8, 66,
    8, 68,
    8, 69,
    8, 70,
    8, 72,
    8, 80,
    8, 82,
    8, 84,
    11, 43,
    11, 57,
    13, 35,
    13, 36,
    13, 37,
    13, 38,
    13, 39,
    13, 40,
    13, 41,
    13, 42,
    13, 44,
    13, 45,
    13, 47,
    13, 48,
    13, 49,
    13, 50,
    13, 51,
    13, 53,
    13, 54,
    13, 55,
    13, 56,
    13, 58,
    13, 68,
    13, 69,
    13, 70,
    13, 80,
    13, 82,
    13, 85,
    13, 87,
    13, 88,
    13, 90,
    14, 53,
    14, 55,
    14, 56,
    14, 57,
    14, 58,
    15, 35,
    15, 36,
    15, 37,
    15, 38,
    15, 39,
    15, 40,
    15, 41,
    15, 42,
    15, 44,
    15, 45,
    15, 47,
    15, 48,
    15, 49,
    15, 50,
    15, 51,
    15, 53,
    15, 54,
    15, 55,
    15, 56,
    15, 58,
    15, 68,
    15, 69,
    15, 70,
    15, 80,
    15, 82,
    15, 85,
    15, 87,
    15, 88,
    15, 90,
    16, 36,
    16, 40,
    16, 48,
    16, 50,
    16, 52,
    16, 68,
    16, 69,
    16, 70,
    16, 80,
    16, 82,
    17, 24,
    17, 57,
    17, 58,
    18, 24,
    19, 21,
    21, 18,
    21, 24,
    22, 24,
    23, 18,
    23, 19,
    23, 24,
    23, 26,
    23, 58,
    24, 21,
    25, 24,
    25, 58,
    26, 24,
    27, 53,
    27, 55,
    27, 56,
    27, 58,
    28, 53,
    28, 55,
    28, 56,
    28, 58,
    34, 3,
    34, 8,
    34, 36,
    34, 40,
    34, 48,
    34, 52,
    34, 53,
    34, 54,
    34, 55,
    34, 56,
    34, 58,
    34, 71,
    34, 85,
    34, 87,
    34, 88,
    34, 90,
    35, 3,
    35, 8,
    35, 13,
    35, 15,
    35, 34,
    35, 53,
    35, 55,
    35, 56,
    35, 57,
    35, 58,
    36, 3,
    36, 8,
    36, 13,
    36, 15,
    36, 57,
    36, 58,
    37, 3,
    37, 8,
    37, 13,
    37, 15,
    37, 24,
    37, 34,
    37, 43,
    37, 53,
    37, 55,
    37, 57,
    37, 58,
    37, 59,
    37, 61,
    38, 68,
    38, 69,
    38, 70,
    38, 72,
    38, 80,
    38, 82,
    38, 84,
    39, 3,
    39, 8,
    39, 13,
    39, 15,
    39, 27,
    39, 28,
    39, 34,
    39, 43,
    39, 52,
    39, 66,
    39, 68,
    39, 69,
    39, 70,
    39, 72,
    39, 80,
    39, 82,
    39, 84,
    39, 89,
    39, 90,
    39, 91,
    40, 3,
    40, 8,
    40, 53,
    40, 55,
    40, 56,
    40, 58,
    43, 13,
    43, 15,
    44, 14,
    44, 36,
    44, 40,
    44, 48,
    44, 50,
    44, 52,
    44, 54,
    44, 66,
    44, 68,
    44, 69,
    44, 70,
    44, 72,
    44, 80,
    44, 82,
    44, 84,
    44, 85,
    44, 86,
    44, 87,
    44, 88,
    44, 90,
    45, 3,
    45, 8,
    45, 11,
    45, 14,
    45, 18,
    45, 24,
    45, 36,
    45, 40,
    45, 48,
    45, 50,
    45, 52,
    45, 53,
    45, 54,
    45, 55,
    45, 56,
    45, 58,
    45, 61,
    45, 68,
    45, 69,
    45, 70,
    45, 71,
    45, 72,
    45, 80,
    45, 82,
    45, 84,
    45, 85,
    45, 88,
    45, 90,
    46, 52,
    46, 53,
    46, 55,
    46, 58,
    48, 3,
    48, 8,
    48, 13,
    48, 15,
    48, 24,
    48, 34,
    48, 43,
    48, 53,
    48, 55,
    48, 57,
    48, 58,
    48, 59,
    48, 61,
    49, 13,
    49, 14,
    49, 15,
    49, 16,
    49, 21,
    49, 24,
    49, 34,
    49, 43,
    49, 52,
    49, 57,
    49, 59,
    49, 61,
    49, 66,
    49, 68,
    49, 69,
    49, 70,
    49, 72,
    49, 78,
    49, 79,
    49, 80,
    49, 82,
    49, 83,
    49, 84,
    49, 91,
    50, 3,
    50, 8,
    50, 13,
    50, 15,
    50, 24,
    50, 34,
    50, 43,
    50, 53,
    50, 55,
    50, 57,
    50, 58,
    50, 59,
    50, 61,
    51, 36,
    51, 40,
    51, 48,
    51, 50,
    51, 52,
    51, 53,
    51, 54,
    51, 55,
    51, 56,
    51, 58,
    51, 61,
    51, 66,
    51, 68,
    51, 69,
    51, 70,
    51, 80,
    51, 82,
    51, 88,
    51, 90,
    51, 91,
    52, 16,
    52, 34,
    52, 46,
    52, 52,
    52, 55,
    52, 57,
    52, 58,
    52, 61,
    53, 7,
    53, 13,
    53, 14,
    53, 15,
    53, 16,
    53, 27,
    53, 28,
    53, 34,
    53, 36,
    53, 40,
    53, 43,
    53, 46,
    53, 48,
    53, 50,
    53, 66,
    53, 68,
    53, 69,
    53, 70,
    53, 71,
    53, 72,
    53, 75,
    53, 78,
    53, 79,
    53, 80,
    53, 81,
    53, 82,
    53, 83,
    53, 84,
    53, 85,
    53, 86,
    53, 88,
    53, 89,
    53, 90,
    53, 91,
    54, 13,
    54, 15,
    54, 16,
    54, 34,
    55, 13,
    55, 14,
    55, 15,
    55, 16,
    55, 27,
    55, 28,
    55, 34,
    55, 36,
    55, 40,
    55, 43,
    55, 46,
    55, 48,
    55, 50,
    55, 52,
    55, 66,
    55, 68,
    55, 69,
    55, 70,
    55, 72,
    55, 78,
    55, 79,
    55, 80,
    55, 81,
    55, 82,
    55, 83,
    55, 84,
    55, 85,
    55, 86,
    55, 87,
    55, 88,
    55, 89,
    55, 90,
    55, 91,
    56, 13,
    56, 14,
    56, 15,
    56, 16,
    56, 27,
    56, 28,
    56, 34,
    56, 36,
    56, 40,
    56, 48,
    56, 50,
    56, 52,
    56, 61,
    56, 66,
    56, 68,
    56, 69,
    56, 70,
    56, 71,
    56, 72,
    56, 78,
    56, 79,
    56, 80,
    56, 81,
    56, 82,
    56, 83,
    56, 84,
    56, 87,
    56, 88,
    56, 89,
    56, 91,
    57, 11,
    57, 14,
    57, 17,
    57, 36,
    57, 40,
    57, 48,
    57, 50,
    57, 52,
    57, 61,
    57, 66,
    57, 68,
    57, 69,
    57, 70,
    57, 71,
    57, 72,
    57, 80,
    57, 82,
    57, 84,
    57, 85,
    57, 87,
    57, 88,
    57, 90,
    58, 13,
    58, 14,
    58, 15,
    58, 16,
    58, 17,
    58, 21,
    58, 23,
    58, 25,
    58, 27,
    58, 28,
    58, 34,
    58, 36,
    58, 40,
    58, 43,
    58, 46,
    58, 48,
    58, 50,
    58, 52,
    58, 66,
    58, 68,
    58, 69,
    58, 70,
    58, 71,
    58, 72,
    58, 78,
    58, 79,
    58, 80,
    58, 81,
    58, 82,
    58, 83,
    58, 84,
    58, 86,
    58, 88,
    58, 89,
    58, 90,
    58, 91,
    59, 36,
    59, 40,
    59, 48,
    59, 50,
    59, 52,
    59, 66,
    59, 68,
    59, 69,
    59, 70,
    59, 80,
    59, 82,
    61, 36,
    61, 40,
    61, 48,
    61, 50,
    61, 52,
    61, 53,
    61, 54,
    61, 55,
    61, 56,
    61, 58,
    66, 3,
    66, 8,
    66, 53,
    66, 55,
    66, 56,
    66, 58,
    66, 85,
    66, 87,
    66, 88,
    66, 90,
    67, 3,
    67, 8,
    67, 13,
    67, 15,
    67, 53,
    67, 55,
    67, 56,
    67, 58,
    67, 72,
    67, 75,
    67, 88,
    67, 89,
    68, 3,
    68, 8,
    68, 13,
    68, 15,
    68, 53,
    68, 56,
    68, 58,
    68, 68,
    68, 69,
    68, 70,
    68, 75,
    68, 80,
    68, 82,
    69, 53,
    69, 55,
    69, 56,
    69, 58,
    70, 3,
    70, 8,
    70, 53,
    70, 55,
    70, 56,
    70, 58,
    70, 75,
    70, 88,
    70, 89,
    71, 15,
    71, 27,
    71, 28,
    71, 34,
    71, 66,
    71, 68,
    71, 69,
    71, 70,
    71, 71,
    71, 74,
    71, 75,
    71, 80,
    71, 82,
    71, 86,
    72, 53,
    72, 55,
    72, 57,
    72, 58,
    72, 59,
    72, 68,
    72, 69,
    72, 70,
    72, 72,
    72, 75,
    72, 80,
    72, 82,
    72, 85,
    72, 86,
    72, 88,
    72, 90,
    73, 3,
    73, 8,
    73, 53,
    73, 55,
    73, 56,
    73, 58,
    76, 3,
    76, 8,
    76, 53,
    76, 56,
    76, 58,
    76, 68,
    76, 69,
    76, 70,
    76, 72,
    76, 80,
    76, 82,
    76, 84,
    78, 3,
    78, 8,
    78, 53,
    78, 55,
    78, 56,
    78, 58,
    79, 3,
    79, 8,
    79, 53,
    79, 55,
    79, 56,
    79, 58,
    80, 3,
    80, 8,
    80, 13,
    80, 15,
    80, 53,
    80, 55,
    80, 56,
    80, 58,
    80, 72,
    80, 75,
    80, 88,
    80, 89,
    81, 3,
    81, 8,
    81, 13,
    81, 15,
    81, 53,
    81, 55,
    81, 56,
    81, 58,
    81, 72,
    81, 75,
    81, 88,
    81, 89,
    82, 3,
    82, 8,
    82, 53,
    82, 55,
    82, 58,
    83, 13,
    83, 15,
    83, 34,
    83, 43,
    83, 53,
    83, 57,
    83, 58,
    83, 59,
    83, 66,
    83, 68,
    83, 69,
    83, 70,
    83, 72,
    83, 80,
    83, 82,
    84, 3,
    84, 8,
    84, 53,
    84, 55,
    84, 56,
    84, 57,
    84, 58,
    85, 3,
    85, 8,
    85, 52,
    85, 53,
    85, 55,
    85, 58,
    85, 72,
    86, 3,
    86, 8,
    86, 53,
    86, 55,
    86, 56,
    86, 58,
    87, 13,
    87, 15,
    87, 34,
    87, 43,
    87, 53,
    87, 55,
    87, 56,
    87, 57,
    87, 58,
    87, 59,
    87, 66,
    87, 72,
    88, 13,
    88, 15,
    88, 34,
    88, 43,
    88, 53,
    88, 55,
    88, 56,
    88, 57,
    88, 58,
    88, 59,
    88, 66,
    88, 72,
    89, 53,
    89, 55,
    89, 56,
    89, 58,
    89, 68,
    89, 69,
    89, 70,
    89, 80,
    89, 82,
    90, 13,
    90, 15,
    90, 34,
    90, 43,
    90, 53,
    90, 55,
    90, 56,
    90, 57,
    90, 58,
    90, 59,
    90, 66,
    90, 72,
    91, 53,
    91, 55,
    91, 56,
    91, 58,
    91, 68,
    91, 69,
    91, 70,
    91, 72,
    91, 80,
    91, 82
};

/* Kerning between the respective left and right glyphs
 * 4.4 format which needs to scaled with `kern_scale`*/
static const int8_t kern_pair_values[] =
{
    -67, -7, -7, -35, -7, -7, -14, -25,
    -25, -25, -35, -25, -25, -14, -14, -67,
    -7, -7, -35, -7, -7, -14, -25, -25,
    -25, -35, -25, -25, -14, -11, -7, -3,
    -7, -3, -3, -3, -7, -3, -3, -3,
    -3, -3, -7, -3, -7, -3, -57, -7,
    -46, -39, -70, -7, -7, -7, -7, -7,
    -11, -17, -7, -11, -18, -29, -3, -7,
    -18, -3, -7, -3, -3, -3, -7, -3,
    -3, -3, -3, -3, -7, -3, -7, -3,
    -57, -7, -46, -39, -70, -7, -7, -7,
    -7, -7, -11, -17, -7, -11, -7, -7,
    -7, -7, -11, -21, -21, -21, -21, -21,
    -12, -3, -7, -14, -7, -7, -18, -7,
    -3, -3, -11, -5, -3, -35, -16, -3,
    -14, -67, -7, -11, -46, -67, -7, -11,
    -46, -67, -67, -5, -5, -5, -3, -44,
    -3, -42, -29, -43, -17, -12, -7, -17,
    -15, -16, -16, -7, -7, -1, -25, -27,
    -2, -22, -7, -7, -7, -3, -3, -3,
    -2, -11, -11, -7, -7, -3, -5, -3,
    -3, -3, -7, -7, -3, -14, -4, -4,
    -4, -4, -4, -4, -4, -3, -3, -67,
    -67, -14, -14, -39, -32, -2, -20, -15,
    -15, -15, -9, -15, -15, -17, -11, -12,
    -14, -11, -11, -15, -7, -1, -13, -29,
    -29, -11, -19, -19, -19, -12, -7, -1,
    -5, -14, -14, -14, -4, -14, -14, -4,
    -7, -2, -3, -14, -29, -31, -31, -46,
    -18, -14, -3, -6, -6, -6, -9, -3,
    -83, -10, -78, -52, -95, -35, -3, -3,
    -3, -14, -3, -3, -3, -3, -11, -35,
    -50, -5, -9, -3, -3, -11, -11, -7,
    -7, -3, -5, -3, -3, -3, -7, -7,
    -3, -14, -110, -93, -118, -57, -29, -3,
    -48, -22, -3, -11, -29, -11, -27, -21,
    -21, -21, -18, -7, -7, -21, -1, -7,
    -11, -7, -11, -11, -7, -7, -3, -5,
    -3, -3, -3, -7, -7, -3, -14, -3,
    -3, -3, -3, -2, -15, -2, -3, -5,
    -16, -11, -11, -10, -10, -10, -10, -10,
    -7, -3, -7, -7, -3, -3, -7, -3,
    -3, -3, -14, -3, -57, -18, -57, -21,
    -67, -67, -44, -3, -3, -25, -9, -3,
    -3, -69, -67, -67, -67, -35, -69, -14,
    -61, -61, -67, -61, -1, -61, -69, -18,
    -51, -67, -53, -64, -57, -7, -7, -11,
    -3, -50, -29, -50, -7, -11, -11, -42,
    -5, -5, -21, -3, -5, -5, -2, -64,
    -43, -43, -43, -52, -21, -21, -43, -32,
    -35, -21, -43, -11, -30, -21, -21, -21,
    -32, -44, -39, -3, -39, -14, -11, -11,
    -29, -1, -1, -1, -1, -2, -7, -41,
    -30, -30, -30, -3, -25, -14, -14, -30,
    -11, -1, -14, -15, -11, -12, -11, -9,
    -11, -7, -3, -7, -7, -7, -7, -6,
    -7, -11, -11, -11, -11, -21, -11, -11,
    -11, -21, -21, -21, -32, -32, -70, -18,
    -70, -18, -7, -11, -3, -3, -50, -50,
    -43, -7, -7, -21, -3, -7, -7, -3,
    -75, -64, -64, -64, -29, -62, -50, -50,
    -64, -44, -16, -50, -50, -47, -37, -43,
    -32, -29, -3, -3, -3, -3, -2, -3,
    -3, -3, -3, -3, -3, -7, -7, -7,
    -7, -11, -21, -11, -21, -18, -21, -29,
    -29, -62, -51, -32, -74, -1, -3, -4,
    -2, -25, -25, -7, -7, -67, -43, -29,
    -64, -1, -3, -1, -14, -18, -18, -1,
    -1, -51, -2, -45, -5, -5, -5, -3,
    -5, -5, 32, 11, 11, 21, -7, -7,
    -67, -32, -9, -58, -3, -1, -9, -14,
    -3, -3, -3, -12, -21, -21, -21, -35,
    -10, -10, -21, -21, -11, -39, -11, -21,
    -11, -7, -5, -5, -5, -12, 11, -5,
    -5, 3, -1, 3, 5, -32, -32, -61,
    -31, -14, -50, -7, -7, -35, -3, -29,
    -6, -6, -6, -3, -6, -6, -3, -32,
    -32, -61, -31, -14, -50, -32, -32, -61,
    -31, -14, -50, -25, -25, -7, -7, -67,
    -43, -29, -64, -1, -3, -1, -14, -25,
    -25, -7, -7, -67, -43, -29, -64, -1,
    -3, -1, -14, -7, -7, -53, -25, -37,
    -78, -78, -30, -11, -57, -21, -18, -21,
    -10, -3, -3, -3, -6, -3, -12, -14,
    -14, -65, -43, -7, -11, -62, -14, -14,
    -2, -29, -11, -11, -3, -11, -11, -59,
    -21, -3, -47, -18, -20, -18, -11, -75,
    -21, -11, -21, -35, -21, -5, -4, -16,
    -20, -14, -32, -67, -21, -11, -32, -35,
    -7, -6, -3, -53, -21, -11, -43, -14,
    -14, -14, -14, -14, -31, -31, -18, -11,
    -75, -21, -11, -21, -35, -21, -5, -4,
    -54, -15, -7, -29, -9, -9, -9, -3,
    -9, -9
};

/*Collect the kern pair's data in one place*/
static const lv_font_fmt_txt_kern_pair_t kern_pairs =
{
    .glyph_ids = kern_pair_glyph_ids,
    .values = kern_pair_values,
    .pair_cnt = 746,
    .glyph_ids_size = 0
};

/*--------------------
 *  ALL CUSTOM DATA
 *--------------------*/

#if LVGL_VERSION_MAJOR == 8
/*Store all the custom data of the font*/
static  lv_font_fmt_txt_glyph_cache_t cache;
#endif

#if LVGL_VERSION_MAJOR >= 8
static const lv_font_fmt_txt_dsc_t font_dsc = {
#else
static lv_font_fmt_txt_dsc_t font_dsc = {
#endif
    .glyph_bitmap = glyph_bitmap,
    .glyph_dsc = glyph_dsc,
    .cmaps = cmaps,
    .kern_dsc = &kern_pairs,
    .kern_scale = 24,
    .cmap_num = 1,
    .bpp = 2,
    .kern_classes = 0,
    .bitmap_format = 0,
#if LVGL_VERSION_MAJOR == 8
    .cache = &cache
#endif
};



/*-----------------
 *  PUBLIC FONT
 *----------------*/

/*Initialize a public general font descriptor*/
#if LVGL_VERSION_MAJOR >= 8
const lv_font_t ui_font_OswaldRegular100p2 = {
#else
lv_font_t ui_font_OswaldRegular100p2 = {
#endif
    .get_glyph_dsc = lv_font_get_glyph_dsc_fmt_txt,    /*Function pointer to get glyph's data*/
    .get_glyph_bitmap = lv_font_get_bitmap_fmt_txt,    /*Function pointer to get glyph's bitmap*/
    .line_height = 110,          /*The maximum line height required by the font*/
    .base_line = 20,             /*Baseline measured from the bottom of the line*/
#if !(LVGL_VERSION_MAJOR == 6 && LVGL_VERSION_MINOR == 0)
    .subpx = LV_FONT_SUBPX_NONE,
#endif
#if LV_VERSION_CHECK(7, 4, 0) || LVGL_VERSION_MAJOR >= 8
    .underline_position = -10,
    .underline_thickness = 5,
#endif
    .dsc = &font_dsc,          /*The custom font data. Will be accessed by `get_glyph_bitmap/dsc` */
#if LV_VERSION_CHECK(8, 2, 0) || LVGL_VERSION_MAJOR >= 9
    .fallback = NULL,
#endif
    .user_data = NULL,
};



#endif /*#if UI_FONT_OSWALDREGULAR100P2*/

