/*******************************************************************************
 * Size: 84 px
 * Bpp: 1
 * Opts: --bpp 1 --size 84 --font /Users/aivo/Dropbox/gt31/squareline_proj_2_13_01/assets/OpenSans-Bold.ttf -o ./ui_font_OpenSansBold84p1.c --format lvgl -r 0x20-0x7f --no-compress --no-prefilter
 ******************************************************************************/

#ifdef __has_include
    #if __has_include("lvgl.h")
        #ifndef LV_LVGL_H_INCLUDE_SIMPLE
            #define LV_LVGL_H_INCLUDE_SIMPLE
        #endif
    #endif
#endif

#if defined(LV_LVGL_H_INCLUDE_SIMPLE)
    #include "lvgl.h"
#else
    #include "lvgl/lvgl.h"
#endif

#ifndef UI_FONT_OPENSANSBOLD84P1
#define UI_FONT_OPENSANSBOLD84P1 1
#endif

#if UI_FONT_OPENSANSBOLD84P1

/*-----------------
 *    BITMAPS
 *----------------*/

/*Store the image of the glyphs*/
static LV_ATTRIBUTE_LARGE_CONST const uint8_t glyph_bitmap[] = {
    /* U+0020 " " */
    0x0,

    /* U+0021 "!" */
    0xff, 0xff, 0xff, 0xff, 0xff, 0xff, 0xff, 0xff,
    0xff, 0xff, 0xff, 0xff, 0xdf, 0xff, 0x7f, 0xfd,
    0xff, 0xf7, 0xff, 0x9f, 0xfe, 0x7f, 0xf9, 0xff,
    0xe7, 0xff, 0x9f, 0xfe, 0x7f, 0xf9, 0xff, 0xe7,
    0xff, 0x9f, 0xfe, 0x7f, 0xf9, 0xff, 0xe7, 0xff,
    0x9f, 0xfe, 0x7f, 0xf9, 0xff, 0xe3, 0xff, 0x8f,
    0xfe, 0x3f, 0xf8, 0xff, 0xe3, 0xff, 0xf, 0xfc,
    0x3f, 0xf0, 0xff, 0xc3, 0xff, 0xf, 0xfc, 0x3f,
    0xf0, 0xff, 0xc3, 0xff, 0xf, 0xfc, 0x0, 0x0,
    0x0, 0x0, 0x0, 0x0, 0x0, 0x0, 0x0, 0x0,
    0x0, 0x0, 0x3, 0xf0, 0x3f, 0xf1, 0xff, 0xe7,
    0xff, 0xbf, 0xff, 0xff, 0xff, 0xff, 0xff, 0xff,
    0xff, 0xff, 0xff, 0xfd, 0xff, 0xe7, 0xff, 0x8f,
    0xfc, 0xf, 0xc0,

    /* U+0022 "\"" */
    0xff, 0xf0, 0x3f, 0xfb, 0xff, 0x81, 0xff, 0xdf,
    0xfc, 0xf, 0xfe, 0xff, 0xe0, 0x7f, 0xf7, 0xff,
    0x3, 0xff, 0xbf, 0xf8, 0x1f, 0xfd, 0xff, 0x80,
    0xff, 0xef, 0xfc, 0x7, 0xff, 0x7f, 0xe0, 0x3f,
    0xfb, 0xff, 0x0, 0xff, 0xdf, 0xf8, 0x7, 0xfc,
    0xff, 0xc0, 0x3f, 0xe7, 0xfe, 0x1, 0xff, 0x3f,
    0xf0, 0xf, 0xf8, 0xff, 0x80, 0x7f, 0xc7, 0xfc,
    0x3, 0xfe, 0x3f, 0xe0, 0x1f, 0xf1, 0xff, 0x0,
    0xff, 0x8f, 0xf8, 0x7, 0xfc, 0x7f, 0x80, 0x3f,
    0xe3, 0xfc, 0x1, 0xff, 0x1f, 0xe0, 0xf, 0xf8,

    /* U+0023 "#" */
    0x0, 0x0, 0x3f, 0xe0, 0x1f, 0xf0, 0x0, 0x0,
    0x7, 0xfc, 0x3, 0xfe, 0x0, 0x0, 0x0, 0xff,
    0x80, 0x7f, 0xc0, 0x0, 0x0, 0x1f, 0xf0, 0xf,
    0xf8, 0x0, 0x0, 0x7, 0xfc, 0x1, 0xfe, 0x0,
    0x0, 0x0, 0xff, 0x80, 0x7f, 0xc0, 0x0, 0x0,
    0x1f, 0xf0, 0xf, 0xf8, 0x0, 0x0, 0x3, 0xfe,
    0x1, 0xff, 0x0, 0x0, 0x0, 0x7f, 0xc0, 0x3f,
    0xe0, 0x0, 0x0, 0x1f, 0xf0, 0x7, 0xf8, 0x0,
    0x0, 0x3, 0xfe, 0x1, 0xff, 0x0, 0x0, 0x0,
    0x7f, 0xc0, 0x3f, 0xe0, 0x0, 0x0, 0xf, 0xf8,
    0x7, 0xfc, 0x0, 0x0, 0x1, 0xff, 0x0, 0xff,
    0x80, 0x0, 0x0, 0x3f, 0xe0, 0x1f, 0xf0, 0x0,
    0x0, 0xf, 0xf8, 0x3, 0xfc, 0x0, 0x0, 0x1,
    0xff, 0x0, 0xff, 0x80, 0x0, 0x0, 0x3f, 0xe0,
    0x1f, 0xf0, 0x0, 0x7f, 0xff, 0xff, 0xff, 0xff,
    0xff, 0x8f, 0xff, 0xff, 0xff, 0xff, 0xff, 0xf1,
    0xff, 0xff, 0xff, 0xff, 0xff, 0xfe, 0x3f, 0xff,
    0xff, 0xff, 0xff, 0xff, 0xc7, 0xff, 0xff, 0xff,
    0xff, 0xff, 0xf8, 0xff, 0xff, 0xff, 0xff, 0xff,
    0xff, 0x1f, 0xff, 0xff, 0xff, 0xff, 0xff, 0xe3,
    0xff, 0xff, 0xff, 0xff, 0xff, 0xfc, 0x0, 0x1f,
    0xf0, 0xf, 0xf8, 0x0, 0x0, 0x3, 0xfe, 0x1,
    0xff, 0x0, 0x0, 0x0, 0x7f, 0xc0, 0x3f, 0xe0,
    0x0, 0x0, 0xf, 0xf8, 0x7, 0xfc, 0x0, 0x0,
    0x3, 0xfe, 0x1, 0xff, 0x0, 0x0, 0x0, 0x7f,
    0xc0, 0x3f, 0xe0, 0x0, 0x0, 0xf, 0xf8, 0x7,
    0xfc, 0x0, 0x0, 0x1, 0xff, 0x0, 0xff, 0x80,
    0x0, 0x0, 0x3f, 0xe0, 0x1f, 0xf0, 0x0, 0x0,
    0x7, 0xf8, 0x3, 0xfc, 0x0, 0xf, 0xff, 0xff,
    0xff, 0xff, 0xff, 0xf1, 0xff, 0xff, 0xff, 0xff,
    0xff, 0xfe, 0x3f, 0xff, 0xff, 0xff, 0xff, 0xff,
    0xc7, 0xff, 0xff, 0xff, 0xff, 0xff, 0xf8, 0xff,
    0xff, 0xff, 0xff, 0xff, 0xff, 0x1f, 0xff, 0xff,
    0xff, 0xff, 0xff, 0xe3, 0xff, 0xff, 0xff, 0xff,
    0xff, 0xfc, 0x7f, 0xff, 0xff, 0xff, 0xff, 0xff,
    0x80, 0x3, 0xfe, 0x1, 0xff, 0x0, 0x0, 0x0,
    0x7f, 0x80, 0x7f, 0xc0, 0x0, 0x0, 0x1f, 0xf0,
    0xf, 0xf8, 0x0, 0x0, 0x3, 0xfe, 0x1, 0xff,
    0x0, 0x0, 0x0, 0x7f, 0xc0, 0x3f, 0xe0, 0x0,
    0x0, 0xf, 0xf8, 0x7, 0xfc, 0x0, 0x0, 0x1,
    0xff, 0x1, 0xff, 0x80, 0x0, 0x0, 0x7f, 0xc0,
    0x3f, 0xe0, 0x0, 0x0, 0xf, 0xf8, 0x7, 0xfc,
    0x0, 0x0, 0x1, 0xff, 0x0, 0xff, 0x80, 0x0,
    0x0, 0x3f, 0xe0, 0x1f, 0xf0, 0x0, 0x0, 0x7,
    0xfc, 0x3, 0xfe, 0x0, 0x0, 0x0, 0xff, 0x0,
    0xff, 0x80, 0x0, 0x0, 0x3f, 0xe0, 0x1f, 0xf0,
    0x0, 0x0, 0x7, 0xfc, 0x3, 0xfe, 0x0, 0x0,
    0x0, 0xff, 0x80, 0x7f, 0xc0, 0x0, 0x0, 0x1f,
    0xf0, 0xf, 0xf8, 0x0, 0x0,

    /* U+0024 "$" */
    0x0, 0x0, 0x7e, 0x0, 0x0, 0x0, 0x0, 0x3f,
    0x0, 0x0, 0x0, 0x0, 0x1f, 0x80, 0x0, 0x0,
    0x0, 0xf, 0xc0, 0x0, 0x0, 0x0, 0x7, 0xe0,
    0x0, 0x0, 0x0, 0x3, 0xf0, 0x0, 0x0, 0x0,
    0x3, 0xff, 0xc0, 0x0, 0x0, 0x3f, 0xff, 0xff,
    0x0, 0x0, 0xff, 0xff, 0xff, 0xf0, 0x0, 0xff,
    0xff, 0xff, 0xff, 0x1, 0xff, 0xff, 0xff, 0xff,
    0xc1, 0xff, 0xff, 0xff, 0xff, 0xc1, 0xff, 0xff,
    0xff, 0xff, 0xe1, 0xff, 0xff, 0xff, 0xff, 0xf0,
    0xff, 0xff, 0xff, 0xff, 0xf0, 0xff, 0xff, 0xff,
    0xff, 0xf8, 0x7f, 0xff, 0xfe, 0xff, 0xf8, 0x7f,
    0xff, 0x3f, 0x3, 0xfc, 0x3f, 0xff, 0x1f, 0x80,
    0x1c, 0x1f, 0xff, 0xf, 0xc0, 0x0, 0xf, 0xff,
    0x87, 0xe0, 0x0, 0x7, 0xff, 0xc3, 0xf0, 0x0,
    0x3, 0xff, 0xe1, 0xf8, 0x0, 0x1, 0xff, 0xf8,
    0xfc, 0x0, 0x0, 0xff, 0xfe, 0x7e, 0x0, 0x0,
    0x3f, 0xff, 0xbf, 0x0, 0x0, 0x1f, 0xff, 0xff,
    0x80, 0x0, 0xf, 0xff, 0xff, 0xc0, 0x0, 0x3,
    0xff, 0xff, 0xe0, 0x0, 0x0, 0xff, 0xff, 0xfc,
    0x0, 0x0, 0x7f, 0xff, 0xff, 0xc0, 0x0, 0xf,
    0xff, 0xff, 0xf8, 0x0, 0x3, 0xff, 0xff, 0xff,
    0x0, 0x0, 0xff, 0xff, 0xff, 0xe0, 0x0, 0x1f,
    0xff, 0xff, 0xf8, 0x0, 0x3, 0xff, 0xff, 0xff,
    0x0, 0x0, 0x7f, 0xff, 0xff, 0xc0, 0x0, 0xf,
    0xff, 0xff, 0xf0, 0x0, 0x1, 0xff, 0xff, 0xf8,
    0x0, 0x0, 0xff, 0xff, 0xfe, 0x0, 0x0, 0x7f,
    0xff, 0xff, 0x0, 0x0, 0x3f, 0x3f, 0xff, 0xc0,
    0x0, 0x1f, 0x8f, 0xff, 0xe0, 0x0, 0xf, 0xc3,
    0xff, 0xf0, 0x0, 0x7, 0xe0, 0xff, 0xf8, 0x0,
    0x3, 0xf0, 0x7f, 0xfc, 0x0, 0x1, 0xf8, 0x3f,
    0xff, 0x80, 0x0, 0xfc, 0x1f, 0xff, 0xf8, 0x0,
    0x7e, 0x1f, 0xff, 0xff, 0x80, 0x3f, 0x1f, 0xff,
    0xbf, 0xfc, 0x1f, 0xbf, 0xff, 0xdf, 0xff, 0xff,
    0xff, 0xff, 0xef, 0xff, 0xff, 0xff, 0xff, 0xe7,
    0xff, 0xff, 0xff, 0xff, 0xf3, 0xff, 0xff, 0xff,
    0xff, 0xf1, 0xff, 0xff, 0xff, 0xff, 0xf0, 0xff,
    0xff, 0xff, 0xff, 0xf0, 0x7f, 0xff, 0xff, 0xff,
    0xe0, 0xf, 0xff, 0xff, 0xff, 0xe0, 0x0, 0xff,
    0xff, 0xff, 0x80, 0x0, 0x3, 0xff, 0xfc, 0x0,
    0x0, 0x0, 0x3, 0xf0, 0x0, 0x0, 0x0, 0x1,
    0xf8, 0x0, 0x0, 0x0, 0x0, 0xfc, 0x0, 0x0,
    0x0, 0x0, 0x7e, 0x0, 0x0, 0x0, 0x0, 0x3f,
    0x0, 0x0, 0x0, 0x0, 0x1f, 0x80, 0x0, 0x0,
    0x0, 0xf, 0xc0, 0x0, 0x0, 0x0, 0x7, 0xe0,
    0x0, 0x0,

    /* U+0025 "%" */
    0x0, 0x3f, 0xc0, 0x0, 0x0, 0x0, 0x0, 0x0,
    0x0, 0x7, 0xff, 0xe0, 0x0, 0x0, 0xf, 0xfc,
    0x0, 0x0, 0x3f, 0xff, 0xc0, 0x0, 0x0, 0x3f,
    0xf0, 0x0, 0x3, 0xff, 0xff, 0x80, 0x0, 0x1,
    0xff, 0x80, 0x0, 0xf, 0xff, 0xff, 0x0, 0x0,
    0x7, 0xfc, 0x0, 0x0, 0x7f, 0xff, 0xfe, 0x0,
    0x0, 0x3f, 0xf0, 0x0, 0x3, 0xff, 0xff, 0xf8,
    0x0, 0x0, 0xff, 0x80, 0x0, 0xf, 0xff, 0xff,
    0xf0, 0x0, 0x7, 0xfe, 0x0, 0x0, 0x3f, 0xf1,
    0xff, 0xc0, 0x0, 0x3f, 0xf0, 0x0, 0x1, 0xff,
    0xc3, 0xff, 0x80, 0x0, 0xff, 0xc0, 0x0, 0x7,
    0xfe, 0x7, 0xfe, 0x0, 0x7, 0xfe, 0x0, 0x0,
    0x1f, 0xf8, 0x1f, 0xf8, 0x0, 0x1f, 0xf8, 0x0,
    0x0, 0xff, 0xc0, 0x7f, 0xe0, 0x0, 0xff, 0xc0,
    0x0, 0x3, 0xff, 0x0, 0xff, 0xc0, 0x3, 0xfe,
    0x0, 0x0, 0xf, 0xfc, 0x3, 0xff, 0x0, 0x1f,
    0xf8, 0x0, 0x0, 0x3f, 0xf0, 0xf, 0xfc, 0x0,
    0x7f, 0xc0, 0x0, 0x0, 0xff, 0xc0, 0x3f, 0xf0,
    0x3, 0xff, 0x0, 0x0, 0x3, 0xff, 0x0, 0xff,
    0xc0, 0x1f, 0xf8, 0x0, 0x0, 0xf, 0xfc, 0x3,
    0xff, 0x0, 0x7f, 0xe0, 0x0, 0x0, 0x3f, 0xf0,
    0xf, 0xfc, 0x3, 0xff, 0x0, 0x0, 0x0, 0xff,
    0xc0, 0x3f, 0xf0, 0xf, 0xfc, 0x0, 0x0, 0x3,
    0xff, 0x0, 0xff, 0xc0, 0x7f, 0xe0, 0x0, 0x0,
    0xf, 0xfc, 0x3, 0xff, 0x1, 0xff, 0x80, 0x0,
    0x0, 0x3f, 0xf0, 0xf, 0xfc, 0xf, 0xfc, 0x0,
    0x0, 0x0, 0xff, 0xc0, 0x3f, 0xf0, 0x3f, 0xe0,
    0xf, 0xf0, 0x1, 0xff, 0x81, 0xff, 0x81, 0xff,
    0x81, 0xff, 0xf8, 0x7, 0xfe, 0x7, 0xfe, 0x7,
    0xfc, 0xf, 0xff, 0xf0, 0x1f, 0xf8, 0x1f, 0xf8,
    0x3f, 0xf0, 0xff, 0xff, 0xe0, 0x7f, 0xf0, 0xff,
    0xe1, 0xff, 0x83, 0xff, 0xff, 0xc0, 0xff, 0xc3,
    0xff, 0x7, 0xfe, 0x1f, 0xff, 0xff, 0x83, 0xff,
    0xff, 0xfc, 0x3f, 0xf0, 0xff, 0xff, 0xfe, 0x7,
    0xff, 0xff, 0xe0, 0xff, 0xc3, 0xff, 0xff, 0xfc,
    0x1f, 0xff, 0xff, 0x87, 0xfe, 0xf, 0xfc, 0x7f,
    0xf0, 0x3f, 0xff, 0xfc, 0x1f, 0xf0, 0x7f, 0xf0,
    0xff, 0xe0, 0x7f, 0xff, 0xe0, 0xff, 0xc1, 0xff,
    0x81, 0xff, 0x80, 0xff, 0xff, 0x3, 0xfe, 0x7,
    0xfe, 0x7, 0xfe, 0x1, 0xff, 0xf8, 0x1f, 0xf8,
    0x3f, 0xf0, 0x1f, 0xf8, 0x0, 0xff, 0x0, 0xff,
    0xc0, 0xff, 0xc0, 0x3f, 0xf0, 0x0, 0x0, 0x3,
    0xff, 0x3, 0xff, 0x0, 0xff, 0xc0, 0x0, 0x0,
    0x1f, 0xf8, 0xf, 0xfc, 0x3, 0xff, 0x0, 0x0,
    0x0, 0x7f, 0xe0, 0x3f, 0xf0, 0xf, 0xfc, 0x0,
    0x0, 0x3, 0xff, 0x0, 0xff, 0xc0, 0x3f, 0xf0,
    0x0, 0x0, 0xf, 0xfc, 0x3, 0xff, 0x0, 0xff,
    0xc0, 0x0, 0x0, 0x7f, 0xe0, 0xf, 0xfc, 0x3,
    0xff, 0x0, 0x0, 0x1, 0xff, 0x0, 0x3f, 0xf0,
    0xf, 0xfc, 0x0, 0x0, 0xf, 0xfc, 0x0, 0xff,
    0xc0, 0x3f, 0xf0, 0x0, 0x0, 0x7f, 0xe0, 0x3,
    0xff, 0x0, 0xff, 0xc0, 0x0, 0x1, 0xff, 0x80,
    0xf, 0xfc, 0x3, 0xff, 0x0, 0x0, 0xf, 0xfc,
    0x0, 0x3f, 0xf0, 0xf, 0xfc, 0x0, 0x0, 0x3f,
    0xf0, 0x0, 0x7f, 0xc0, 0x7f, 0xe0, 0x0, 0x1,
    0xff, 0x80, 0x1, 0xff, 0x81, 0xff, 0x80, 0x0,
    0x7, 0xfe, 0x0, 0x7, 0xfe, 0x7, 0xfe, 0x0,
    0x0, 0x3f, 0xf0, 0x0, 0x1f, 0xfc, 0x3f, 0xf8,
    0x0, 0x0, 0xff, 0x80, 0x0, 0x3f, 0xf0, 0xff,
    0xc0, 0x0, 0x7, 0xfe, 0x0, 0x0, 0xff, 0xff,
    0xff, 0x0, 0x0, 0x1f, 0xf0, 0x0, 0x1, 0xff,
    0xff, 0xf8, 0x0, 0x0, 0xff, 0xc0, 0x0, 0x7,
    0xff, 0xff, 0xe0, 0x0, 0x7, 0xfe, 0x0, 0x0,
    0xf, 0xff, 0xff, 0x0, 0x0, 0x1f, 0xf8, 0x0,
    0x0, 0x1f, 0xff, 0xf8, 0x0, 0x0, 0xff, 0xc0,
    0x0, 0x0, 0x3f, 0xff, 0xc0, 0x0, 0x3, 0xff,
    0x0, 0x0, 0x0, 0x7f, 0xfe, 0x0, 0x0, 0x0,
    0x0, 0x0, 0x0, 0x0, 0x3f, 0xc0, 0x0,

    /* U+0026 "&" */
    0x0, 0x0, 0x3f, 0xf0, 0x0, 0x0, 0x0, 0x0,
    0x0, 0x3f, 0xff, 0xf0, 0x0, 0x0, 0x0, 0x0,
    0xf, 0xff, 0xff, 0xc0, 0x0, 0x0, 0x0, 0x3,
    0xff, 0xff, 0xfe, 0x0, 0x0, 0x0, 0x0, 0x7f,
    0xff, 0xff, 0xf0, 0x0, 0x0, 0x0, 0xf, 0xff,
    0xff, 0xff, 0x80, 0x0, 0x0, 0x1, 0xff, 0xff,
    0xff, 0xfc, 0x0, 0x0, 0x0, 0x1f, 0xff, 0xff,
    0xff, 0xe0, 0x0, 0x0, 0x3, 0xff, 0xff, 0xff,
    0xfe, 0x0, 0x0, 0x0, 0x3f, 0xff, 0xff, 0xff,
    0xf0, 0x0, 0x0, 0x7, 0xff, 0xf0, 0x7f, 0xff,
    0x0, 0x0, 0x0, 0x7f, 0xfc, 0x1, 0xff, 0xf0,
    0x0, 0x0, 0x7, 0xff, 0xc0, 0xf, 0xff, 0x0,
    0x0, 0x0, 0x7f, 0xf8, 0x0, 0xff, 0xf0, 0x0,
    0x0, 0x7, 0xff, 0x80, 0xf, 0xff, 0x0, 0x0,
    0x0, 0x7f, 0xf8, 0x0, 0xff, 0xf0, 0x0, 0x0,
    0x7, 0xff, 0x80, 0xf, 0xff, 0x0, 0x0, 0x0,
    0x7f, 0xf8, 0x1, 0xff, 0xe0, 0x0, 0x0, 0x7,
    0xff, 0xc0, 0x1f, 0xfe, 0x0, 0x0, 0x0, 0x3f,
    0xfc, 0x3, 0xff, 0xe0, 0x0, 0x0, 0x3, 0xff,
    0xe0, 0x7f, 0xfc, 0x0, 0x0, 0x0, 0x1f, 0xff,
    0x1f, 0xff, 0xc0, 0x0, 0x0, 0x1, 0xff, 0xf3,
    0xff, 0xf8, 0x0, 0x0, 0x0, 0xf, 0xff, 0xff,
    0xff, 0x0, 0x0, 0x0, 0x0, 0xff, 0xff, 0xff,
    0xe0, 0x0, 0x0, 0x0, 0x7, 0xff, 0xff, 0xfc,
    0x0, 0x0, 0x0, 0x0, 0x3f, 0xff, 0xff, 0x80,
    0x0, 0x0, 0x0, 0x3, 0xff, 0xff, 0xe0, 0x0,
    0x0, 0x0, 0x0, 0x3f, 0xff, 0xfc, 0x0, 0x0,
    0x0, 0x0, 0xf, 0xff, 0xff, 0x80, 0x0, 0x7f,
    0xfc, 0x1, 0xff, 0xff, 0xf0, 0x0, 0xf, 0xff,
    0x80, 0x3f, 0xff, 0xff, 0x80, 0x0, 0xff, 0xf8,
    0x7, 0xff, 0xff, 0xfc, 0x0, 0xf, 0xff, 0x80,
    0xff, 0xff, 0xff, 0xe0, 0x1, 0xff, 0xf0, 0x1f,
    0xff, 0xff, 0xff, 0x0, 0x1f, 0xff, 0x3, 0xff,
    0xff, 0xff, 0xf8, 0x1, 0xff, 0xf0, 0x3f, 0xff,
    0x9f, 0xff, 0xc0, 0x3f, 0xfe, 0x7, 0xff, 0xf0,
    0xff, 0xfe, 0x3, 0xff, 0xe0, 0x7f, 0xfe, 0x7,
    0xff, 0xf0, 0x7f, 0xfc, 0x7, 0xff, 0xe0, 0x3f,
    0xff, 0x87, 0xff, 0xc0, 0xff, 0xfc, 0x1, 0xff,
    0xfc, 0xff, 0xf8, 0xf, 0xff, 0x80, 0xf, 0xff,
    0xff, 0xff, 0x80, 0xff, 0xf8, 0x0, 0x7f, 0xff,
    0xff, 0xf0, 0xf, 0xff, 0x80, 0x3, 0xff, 0xff,
    0xff, 0x0, 0xff, 0xf8, 0x0, 0x1f, 0xff, 0xff,
    0xe0, 0xf, 0xff, 0x80, 0x0, 0xff, 0xff, 0xfe,
    0x0, 0xff, 0xf8, 0x0, 0x7, 0xff, 0xff, 0xc0,
    0xf, 0xff, 0xc0, 0x0, 0x3f, 0xff, 0xf8, 0x0,
    0xff, 0xfc, 0x0, 0x1, 0xff, 0xff, 0x80, 0x7,
    0xff, 0xe0, 0x0, 0xf, 0xff, 0xf0, 0x0, 0x7f,
    0xff, 0x80, 0x3, 0xff, 0xff, 0x80, 0x7, 0xff,
    0xfe, 0x1, 0xff, 0xff, 0xfc, 0x0, 0x3f, 0xff,
    0xff, 0xff, 0xff, 0xff, 0xe0, 0x3, 0xff, 0xff,
    0xff, 0xff, 0xff, 0xff, 0x0, 0x1f, 0xff, 0xff,
    0xff, 0xff, 0xff, 0xf8, 0x0, 0xff, 0xff, 0xff,
    0xff, 0xff, 0xff, 0xc0, 0x7, 0xff, 0xff, 0xff,
    0xff, 0xff, 0xfe, 0x0, 0x3f, 0xff, 0xff, 0xff,
    0xe7, 0xff, 0xf0, 0x0, 0xff, 0xff, 0xff, 0xf8,
    0x3f, 0xff, 0x80, 0x7, 0xff, 0xff, 0xfe, 0x1,
    0xff, 0xfe, 0x0, 0xf, 0xff, 0xff, 0x0, 0xf,
    0xff, 0xf0, 0x0, 0xf, 0xff, 0x0, 0x0, 0x0,
    0x0,

    /* U+0027 "'" */
    0xff, 0xf7, 0xff, 0x7f, 0xf7, 0xff, 0x7f, 0xf7,
    0xff, 0x7f, 0xe7, 0xfe, 0x7f, 0xe7, 0xfe, 0x7f,
    0xe7, 0xfe, 0x7f, 0xe7, 0xfe, 0x3f, 0xe3, 0xfe,
    0x3f, 0xe3, 0xfe, 0x3f, 0xe3, 0xfc, 0x3f, 0xc3,
    0xfc,

    /* U+0028 "(" */
    0x0, 0xf, 0xfc, 0x0, 0x3f, 0xf8, 0x0, 0xff,
    0xe0, 0x1, 0xff, 0x80, 0x7, 0xff, 0x0, 0x1f,
    0xfc, 0x0, 0x3f, 0xf8, 0x0, 0xff, 0xe0, 0x1,
    0xff, 0xc0, 0x7, 0xff, 0x0, 0xf, 0xfe, 0x0,
    0x3f, 0xf8, 0x0, 0x7f, 0xf0, 0x1, 0xff, 0xc0,
    0x3, 0xff, 0x80, 0x7, 0xff, 0x0, 0x1f, 0xfc,
    0x0, 0x3f, 0xf8, 0x0, 0x7f, 0xf0, 0x1, 0xff,
    0xc0, 0x3, 0xff, 0x80, 0x7, 0xff, 0x0, 0x1f,
    0xfe, 0x0, 0x3f, 0xf8, 0x0, 0x7f, 0xf0, 0x0,
    0xff, 0xe0, 0x1, 0xff, 0xc0, 0x3, 0xff, 0x80,
    0xf, 0xff, 0x0, 0x1f, 0xfc, 0x0, 0x3f, 0xf8,
    0x0, 0x7f, 0xf0, 0x0, 0xff, 0xe0, 0x1, 0xff,
    0xc0, 0x3, 0xff, 0x80, 0x7, 0xff, 0x0, 0xf,
    0xfe, 0x0, 0x1f, 0xfc, 0x0, 0x3f, 0xf8, 0x0,
    0x7f, 0xf0, 0x0, 0xff, 0xe0, 0x1, 0xff, 0xc0,
    0x3, 0xff, 0x80, 0x7, 0xff, 0x0, 0xf, 0xfe,
    0x0, 0xf, 0xfe, 0x0, 0x1f, 0xfc, 0x0, 0x3f,
    0xf8, 0x0, 0x7f, 0xf0, 0x0, 0xff, 0xe0, 0x1,
    0xff, 0xc0, 0x1, 0xff, 0xc0, 0x3, 0xff, 0x80,
    0x7, 0xff, 0x0, 0xf, 0xff, 0x0, 0xf, 0xfe,
    0x0, 0x1f, 0xfc, 0x0, 0x3f, 0xf8, 0x0, 0x3f,
    0xf8, 0x0, 0x7f, 0xf0, 0x0, 0x7f, 0xf0, 0x0,
    0xff, 0xe0, 0x0, 0xff, 0xc0, 0x1, 0xff, 0xc0,
    0x1, 0xff, 0x80, 0x3, 0xff, 0x80, 0x3, 0xff,
    0x0, 0x7, 0xff, 0x0, 0x7, 0xff, 0x0, 0x7,
    0xfe, 0x0, 0xf, 0xfe, 0x0, 0xf, 0xfe, 0x0,
    0xf, 0xfc,

    /* U+0029 ")" */
    0x7f, 0xe0, 0x0, 0xff, 0xe0, 0x0, 0xff, 0xe0,
    0x0, 0xff, 0xc0, 0x1, 0xff, 0xc0, 0x1, 0xff,
    0xc0, 0x3, 0xff, 0x80, 0x3, 0xff, 0x80, 0x7,
    0xff, 0x0, 0x7, 0xff, 0x0, 0xf, 0xfe, 0x0,
    0xf, 0xfe, 0x0, 0x1f, 0xfc, 0x0, 0x1f, 0xfc,
    0x0, 0x3f, 0xf8, 0x0, 0x7f, 0xf0, 0x0, 0x7f,
    0xf0, 0x0, 0xff, 0xe0, 0x1, 0xff, 0xc0, 0x1,
    0xff, 0xc0, 0x3, 0xff, 0x80, 0x7, 0xff, 0x0,
    0xf, 0xfe, 0x0, 0xf, 0xfe, 0x0, 0x1f, 0xfc,
    0x0, 0x3f, 0xf8, 0x0, 0x7f, 0xf0, 0x0, 0xff,
    0xe0, 0x1, 0xff, 0xc0, 0x1, 0xff, 0xc0, 0x3,
    0xff, 0x80, 0x7, 0xff, 0x0, 0xf, 0xfe, 0x0,
    0x1f, 0xfc, 0x0, 0x3f, 0xf8, 0x0, 0x7f, 0xf0,
    0x0, 0xff, 0xe0, 0x1, 0xff, 0xc0, 0x3, 0xff,
    0x80, 0x7, 0xff, 0x0, 0xf, 0xfe, 0x0, 0x1f,
    0xfc, 0x0, 0x3f, 0xf8, 0x0, 0x7f, 0xf0, 0x1,
    0xff, 0xe0, 0x3, 0xff, 0x80, 0x7, 0xff, 0x0,
    0xf, 0xfe, 0x0, 0x1f, 0xfc, 0x0, 0x3f, 0xf8,
    0x0, 0xff, 0xf0, 0x1, 0xff, 0xc0, 0x3, 0xff,
    0x80, 0x7, 0xff, 0x0, 0x1f, 0xfe, 0x0, 0x3f,
    0xf8, 0x0, 0x7f, 0xf0, 0x1, 0xff, 0xe0, 0x3,
    0xff, 0x80, 0x7, 0xff, 0x0, 0x1f, 0xfc, 0x0,
    0x3f, 0xf8, 0x0, 0x7f, 0xf0, 0x1, 0xff, 0xc0,
    0x3, 0xff, 0x0, 0xf, 0xfe, 0x0, 0x1f, 0xf8,
    0x0, 0x7f, 0xf0, 0x1, 0xff, 0xc0, 0x3, 0xff,
    0x0, 0xf, 0xfe, 0x0, 0x3f, 0xf8, 0x0, 0x7f,
    0xe0, 0x0,

    /* U+002A "*" */
    0x0, 0x1, 0xff, 0x80, 0x0, 0x0, 0x1, 0xff,
    0x80, 0x0, 0x0, 0x1, 0xff, 0x80, 0x0, 0x0,
    0x1, 0xff, 0x80, 0x0, 0x0, 0x1, 0xff, 0x80,
    0x0, 0x0, 0x1, 0xff, 0x80, 0x0, 0x0, 0x1,
    0xff, 0x80, 0x0, 0x0, 0x1, 0xff, 0x0, 0x0,
    0x0, 0x1, 0xff, 0x0, 0x0, 0x0, 0x0, 0xff,
    0x0, 0x0, 0x0, 0x0, 0xff, 0x0, 0x0, 0x60,
    0x0, 0xff, 0x0, 0x6, 0x7c, 0x0, 0xff, 0x0,
    0x3e, 0x7f, 0xc0, 0xff, 0x3, 0xfe, 0x7f, 0xf8,
    0xff, 0x3f, 0xfe, 0xff, 0xff, 0xff, 0xff, 0xfe,
    0xff, 0xff, 0xff, 0xff, 0xff, 0xff, 0xff, 0xff,
    0xff, 0xff, 0xff, 0xff, 0xff, 0xff, 0xff, 0xff,
    0xff, 0xff, 0xff, 0xff, 0xff, 0xff, 0xff, 0xff,
    0xff, 0xff, 0xff, 0xff, 0xff, 0xff, 0x0, 0x7,
    0xff, 0xe0, 0x0, 0x0, 0x7, 0xff, 0xe0, 0x0,
    0x0, 0xf, 0xff, 0xf0, 0x0, 0x0, 0x1f, 0xff,
    0xf8, 0x0, 0x0, 0x3f, 0xff, 0xf8, 0x0, 0x0,
    0x3f, 0xef, 0xfc, 0x0, 0x0, 0x7f, 0xe7, 0xfe,
    0x0, 0x0, 0xff, 0xe7, 0xff, 0x0, 0x0, 0xff,
    0xc7, 0xff, 0x0, 0x1, 0xff, 0xc3, 0xff, 0x80,
    0x3, 0xff, 0x83, 0xff, 0xc0, 0x7, 0xff, 0x81,
    0xff, 0xe0, 0x7, 0xff, 0x1, 0xff, 0xe0, 0x3,
    0xff, 0x0, 0xff, 0xc0, 0x0, 0xfe, 0x0, 0xff,
    0x0, 0x0, 0x3e, 0x0, 0x7c, 0x0, 0x0, 0xe,
    0x0, 0x70, 0x0, 0x0, 0x0, 0x0, 0x20, 0x0,

    /* U+002B "+" */
    0x0, 0x0, 0xff, 0x80, 0x0, 0x0, 0x0, 0x7f,
    0xc0, 0x0, 0x0, 0x0, 0x3f, 0xe0, 0x0, 0x0,
    0x0, 0x1f, 0xf0, 0x0, 0x0, 0x0, 0xf, 0xf8,
    0x0, 0x0, 0x0, 0x7, 0xfc, 0x0, 0x0, 0x0,
    0x3, 0xfe, 0x0, 0x0, 0x0, 0x1, 0xff, 0x0,
    0x0, 0x0, 0x0, 0xff, 0x80, 0x0, 0x0, 0x0,
    0x7f, 0xc0, 0x0, 0x0, 0x0, 0x3f, 0xe0, 0x0,
    0x0, 0x0, 0x1f, 0xf0, 0x0, 0x0, 0x0, 0xf,
    0xf8, 0x0, 0x0, 0x0, 0x7, 0xfc, 0x0, 0x0,
    0x0, 0x3, 0xfe, 0x0, 0x0, 0x0, 0x1, 0xff,
    0x0, 0x0, 0xff, 0xff, 0xff, 0xff, 0xff, 0xff,
    0xff, 0xff, 0xff, 0xff, 0xff, 0xff, 0xff, 0xff,
    0xff, 0xff, 0xff, 0xff, 0xff, 0xff, 0xff, 0xff,
    0xff, 0xff, 0xff, 0xff, 0xff, 0xff, 0xff, 0xff,
    0xff, 0xff, 0xff, 0xff, 0xff, 0xff, 0xff, 0xff,
    0xff, 0xff, 0xff, 0xff, 0xff, 0xff, 0xff, 0xff,
    0x80, 0x0, 0x7f, 0xc0, 0x0, 0x0, 0x0, 0x3f,
    0xe0, 0x0, 0x0, 0x0, 0x1f, 0xf0, 0x0, 0x0,
    0x0, 0xf, 0xf8, 0x0, 0x0, 0x0, 0x7, 0xfc,
    0x0, 0x0, 0x0, 0x3, 0xfe, 0x0, 0x0, 0x0,
    0x1, 0xff, 0x0, 0x0, 0x0, 0x0, 0xff, 0x80,
    0x0, 0x0, 0x0, 0x7f, 0xc0, 0x0, 0x0, 0x0,
    0x3f, 0xe0, 0x0, 0x0, 0x0, 0x1f, 0xf0, 0x0,
    0x0, 0x0, 0xf, 0xf8, 0x0, 0x0, 0x0, 0x7,
    0xfc, 0x0, 0x0, 0x0, 0x3, 0xfe, 0x0, 0x0,
    0x0, 0x1, 0xff, 0x0, 0x0, 0x0, 0x0, 0xff,
    0x80, 0x0, 0x0,

    /* U+002C "," */
    0xf, 0xff, 0x1f, 0xff, 0x1f, 0xfe, 0x1f, 0xfe,
    0x1f, 0xfe, 0x1f, 0xfc, 0x1f, 0xfc, 0x3f, 0xfc,
    0x3f, 0xf8, 0x3f, 0xf8, 0x3f, 0xf8, 0x3f, 0xf0,
    0x7f, 0xf0, 0x7f, 0xe0, 0x7f, 0xe0, 0x7f, 0xe0,
    0xff, 0xc0, 0xff, 0xc0, 0xff, 0x80, 0xff, 0x80,

    /* U+002D "-" */
    0xff, 0xff, 0xff, 0xff, 0xff, 0xff, 0xff, 0xff,
    0xff, 0xff, 0xff, 0xff, 0xff, 0xff, 0xff, 0xff,
    0xff, 0xff, 0xff, 0xff, 0xff, 0xff, 0xff, 0xff,
    0xff, 0xff, 0xff, 0xf0,

    /* U+002E "." */
    0xf, 0xc0, 0xff, 0xc7, 0xff, 0x9f, 0xfe, 0xff,
    0xff, 0xff, 0xff, 0xff, 0xff, 0xff, 0xff, 0xff,
    0xff, 0xf7, 0xff, 0x9f, 0xfe, 0x3f, 0xf0, 0x3f,
    0x0,

    /* U+002F "/" */
    0x0, 0x0, 0x3, 0xff, 0x80, 0x0, 0x1, 0xff,
    0xc0, 0x0, 0x1, 0xff, 0xe0, 0x0, 0x0, 0xff,
    0xe0, 0x0, 0x0, 0xff, 0xf0, 0x0, 0x0, 0x7f,
    0xf0, 0x0, 0x0, 0x3f, 0xf8, 0x0, 0x0, 0x3f,
    0xfc, 0x0, 0x0, 0x1f, 0xfc, 0x0, 0x0, 0xf,
    0xfe, 0x0, 0x0, 0xf, 0xff, 0x0, 0x0, 0x7,
    0xff, 0x0, 0x0, 0x7, 0xff, 0x80, 0x0, 0x3,
    0xff, 0xc0, 0x0, 0x1, 0xff, 0xc0, 0x0, 0x1,
    0xff, 0xe0, 0x0, 0x0, 0xff, 0xe0, 0x0, 0x0,
    0x7f, 0xf0, 0x0, 0x0, 0x7f, 0xf8, 0x0, 0x0,
    0x3f, 0xf8, 0x0, 0x0, 0x1f, 0xfc, 0x0, 0x0,
    0x1f, 0xfe, 0x0, 0x0, 0xf, 0xfe, 0x0, 0x0,
    0xf, 0xff, 0x0, 0x0, 0x7, 0xff, 0x0, 0x0,
    0x3, 0xff, 0x80, 0x0, 0x3, 0xff, 0xc0, 0x0,
    0x1, 0xff, 0xc0, 0x0, 0x0, 0xff, 0xe0, 0x0,
    0x0, 0xff, 0xf0, 0x0, 0x0, 0x7f, 0xf0, 0x0,
    0x0, 0x7f, 0xf8, 0x0, 0x0, 0x3f, 0xf8, 0x0,
    0x0, 0x1f, 0xfc, 0x0, 0x0, 0x1f, 0xfe, 0x0,
    0x0, 0xf, 0xfe, 0x0, 0x0, 0x7, 0xff, 0x0,
    0x0, 0x7, 0xff, 0x80, 0x0, 0x3, 0xff, 0x80,
    0x0, 0x1, 0xff, 0xc0, 0x0, 0x1, 0xff, 0xe0,
    0x0, 0x0, 0xff, 0xe0, 0x0, 0x0, 0xff, 0xf0,
    0x0, 0x0, 0x7f, 0xf0, 0x0, 0x0, 0x3f, 0xf8,
    0x0, 0x0, 0x3f, 0xfc, 0x0, 0x0, 0x1f, 0xfc,
    0x0, 0x0, 0xf, 0xfe, 0x0, 0x0, 0xf, 0xff,
    0x0, 0x0, 0x7, 0xff, 0x0, 0x0, 0x7, 0xff,
    0x80, 0x0, 0x3, 0xff, 0x80, 0x0, 0x1, 0xff,
    0xc0, 0x0, 0x1, 0xff, 0xe0, 0x0, 0x0, 0xff,
    0xe0, 0x0, 0x0, 0x7f, 0xf0, 0x0, 0x0, 0x7f,
    0xf8, 0x0, 0x0, 0x3f, 0xf8, 0x0, 0x0, 0x3f,
    0xfc, 0x0, 0x0, 0x1f, 0xfe, 0x0, 0x0, 0xf,
    0xfe, 0x0, 0x0, 0x0,

    /* U+0030 "0" */
    0x0, 0x0, 0xff, 0xc0, 0x0, 0x0, 0x3, 0xff,
    0xfe, 0x0, 0x0, 0x3, 0xff, 0xff, 0xe0, 0x0,
    0x1, 0xff, 0xff, 0xfe, 0x0, 0x0, 0xff, 0xff,
    0xff, 0xc0, 0x0, 0x7f, 0xff, 0xff, 0xf8, 0x0,
    0x3f, 0xff, 0xff, 0xff, 0x0, 0x1f, 0xff, 0xff,
    0xff, 0xc0, 0x7, 0xff, 0xff, 0xff, 0xf8, 0x3,
    0xff, 0xff, 0xff, 0xff, 0x1, 0xff, 0xfc, 0x1f,
    0xff, 0xc0, 0x7f, 0xfe, 0x1, 0xff, 0xf8, 0x1f,
    0xff, 0x0, 0x3f, 0xfe, 0xf, 0xff, 0x80, 0xf,
    0xff, 0x83, 0xff, 0xe0, 0x1, 0xff, 0xf0, 0xff,
    0xf8, 0x0, 0x7f, 0xfc, 0x7f, 0xfc, 0x0, 0xf,
    0xff, 0x1f, 0xff, 0x0, 0x3, 0xff, 0xe7, 0xff,
    0xc0, 0x0, 0xff, 0xf9, 0xff, 0xf0, 0x0, 0x3f,
    0xfe, 0x7f, 0xfc, 0x0, 0xf, 0xff, 0x9f, 0xfe,
    0x0, 0x1, 0xff, 0xef, 0xff, 0x80, 0x0, 0x7f,
    0xfb, 0xff, 0xe0, 0x0, 0x1f, 0xff, 0xff, 0xf8,
    0x0, 0x7, 0xff, 0xff, 0xfe, 0x0, 0x1, 0xff,
    0xff, 0xff, 0x80, 0x0, 0x7f, 0xff, 0xff, 0xe0,
    0x0, 0x1f, 0xff, 0xff, 0xf8, 0x0, 0x7, 0xff,
    0xff, 0xfe, 0x0, 0x1, 0xff, 0xff, 0xff, 0x80,
    0x0, 0x7f, 0xff, 0xff, 0xe0, 0x0, 0x1f, 0xff,
    0xff, 0xf8, 0x0, 0x7, 0xff, 0xff, 0xfe, 0x0,
    0x1, 0xff, 0xff, 0xff, 0x80, 0x0, 0x7f, 0xff,
    0xff, 0xe0, 0x0, 0x1f, 0xff, 0xff, 0xf8, 0x0,
    0x7, 0xff, 0xff, 0xfe, 0x0, 0x1, 0xff, 0xff,
    0xff, 0x80, 0x0, 0x7f, 0xff, 0xff, 0xe0, 0x0,
    0x1f, 0xff, 0x7f, 0xf8, 0x0, 0x7, 0xff, 0x9f,
    0xff, 0x0, 0x3, 0xff, 0xe7, 0xff, 0xc0, 0x0,
    0xff, 0xf9, 0xff, 0xf0, 0x0, 0x3f, 0xfe, 0x7f,
    0xfc, 0x0, 0xf, 0xff, 0x8f, 0xff, 0x0, 0x3,
    0xff, 0xe3, 0xff, 0xe0, 0x1, 0xff, 0xf0, 0xff,
    0xf8, 0x0, 0x7f, 0xfc, 0x3f, 0xfe, 0x0, 0x3f,
    0xff, 0x7, 0xff, 0xc0, 0xf, 0xff, 0x81, 0xff,
    0xf8, 0x7, 0xff, 0xe0, 0x3f, 0xff, 0x87, 0xff,
    0xf8, 0xf, 0xff, 0xff, 0xff, 0xfc, 0x1, 0xff,
    0xff, 0xff, 0xfe, 0x0, 0x7f, 0xff, 0xff, 0xff,
    0x80, 0xf, 0xff, 0xff, 0xff, 0xc0, 0x1, 0xff,
    0xff, 0xff, 0xe0, 0x0, 0x3f, 0xff, 0xff, 0xf0,
    0x0, 0x7, 0xff, 0xff, 0xf8, 0x0, 0x0, 0x7f,
    0xff, 0xf8, 0x0, 0x0, 0x7, 0xff, 0xf8, 0x0,
    0x0, 0x0, 0x3f, 0xf0, 0x0, 0x0,

    /* U+0031 "1" */
    0x0, 0x0, 0x1f, 0xfc, 0x0, 0x1, 0xff, 0xf0,
    0x0, 0xf, 0xff, 0xc0, 0x0, 0x7f, 0xff, 0x0,
    0x7, 0xff, 0xfc, 0x0, 0x3f, 0xff, 0xf0, 0x1,
    0xff, 0xff, 0xc0, 0xf, 0xff, 0xff, 0x0, 0xff,
    0xff, 0xfc, 0x7, 0xff, 0xff, 0xf0, 0x3f, 0xff,
    0xff, 0xc1, 0xff, 0xff, 0xff, 0x1f, 0xff, 0xff,
    0xfc, 0xff, 0xff, 0xff, 0xf7, 0xff, 0xf7, 0xff,
    0xff, 0xff, 0x9f, 0xff, 0x7f, 0xfc, 0x7f, 0xfd,
    0xff, 0xe1, 0xff, 0xf3, 0xfe, 0x7, 0xff, 0xc7,
    0xf0, 0x1f, 0xff, 0xf, 0x80, 0x7f, 0xfc, 0x1c,
    0x1, 0xff, 0xf0, 0x60, 0x7, 0xff, 0xc0, 0x0,
    0x1f, 0xff, 0x0, 0x0, 0x7f, 0xfc, 0x0, 0x1,
    0xff, 0xf0, 0x0, 0x7, 0xff, 0xc0, 0x0, 0x1f,
    0xff, 0x0, 0x0, 0x7f, 0xfc, 0x0, 0x1, 0xff,
    0xf0, 0x0, 0x7, 0xff, 0xc0, 0x0, 0x1f, 0xff,
    0x0, 0x0, 0x7f, 0xfc, 0x0, 0x1, 0xff, 0xf0,
    0x0, 0x7, 0xff, 0xc0, 0x0, 0x1f, 0xff, 0x0,
    0x0, 0x7f, 0xfc, 0x0, 0x1, 0xff, 0xf0, 0x0,
    0x7, 0xff, 0xc0, 0x0, 0x1f, 0xff, 0x0, 0x0,
    0x7f, 0xfc, 0x0, 0x1, 0xff, 0xf0, 0x0, 0x7,
    0xff, 0xc0, 0x0, 0x1f, 0xff, 0x0, 0x0, 0x7f,
    0xfc, 0x0, 0x1, 0xff, 0xf0, 0x0, 0x7, 0xff,
    0xc0, 0x0, 0x1f, 0xff, 0x0, 0x0, 0x7f, 0xfc,
    0x0, 0x1, 0xff, 0xf0, 0x0, 0x7, 0xff, 0xc0,
    0x0, 0x1f, 0xff, 0x0, 0x0, 0x7f, 0xfc, 0x0,
    0x1, 0xff, 0xf0, 0x0, 0x7, 0xff, 0xc0, 0x0,
    0x1f, 0xff, 0x0, 0x0, 0x7f, 0xfc, 0x0, 0x1,
    0xff, 0xf0, 0x0, 0x7, 0xff, 0xc0, 0x0, 0x1f,
    0xff,

    /* U+0032 "2" */
    0x0, 0x1, 0xff, 0xc0, 0x0, 0x0, 0x7, 0xff,
    0xff, 0x0, 0x0, 0xf, 0xff, 0xff, 0xf0, 0x0,
    0xf, 0xff, 0xff, 0xfe, 0x0, 0x7, 0xff, 0xff,
    0xff, 0xe0, 0x7, 0xff, 0xff, 0xff, 0xfc, 0x3,
    0xff, 0xff, 0xff, 0xff, 0x81, 0xff, 0xff, 0xff,
    0xff, 0xe0, 0xff, 0xff, 0xff, 0xff, 0xfc, 0x1f,
    0xff, 0xff, 0xff, 0xff, 0x83, 0xff, 0xf0, 0x1f,
    0xff, 0xe0, 0x7f, 0xf0, 0x1, 0xff, 0xf8, 0x1f,
    0xf0, 0x0, 0x3f, 0xff, 0x3, 0xf0, 0x0, 0xf,
    0xff, 0xc0, 0x78, 0x0, 0x1, 0xff, 0xf0, 0x8,
    0x0, 0x0, 0x7f, 0xfc, 0x0, 0x0, 0x0, 0x1f,
    0xff, 0x0, 0x0, 0x0, 0x7, 0xff, 0xc0, 0x0,
    0x0, 0x1, 0xff, 0xf0, 0x0, 0x0, 0x0, 0x7f,
    0xfc, 0x0, 0x0, 0x0, 0x1f, 0xff, 0x0, 0x0,
    0x0, 0xf, 0xff, 0x80, 0x0, 0x0, 0x3, 0xff,
    0xe0, 0x0, 0x0, 0x1, 0xff, 0xf8, 0x0, 0x0,
    0x0, 0x7f, 0xfc, 0x0, 0x0, 0x0, 0x3f, 0xff,
    0x0, 0x0, 0x0, 0xf, 0xff, 0xc0, 0x0, 0x0,
    0x7, 0xff, 0xe0, 0x0, 0x0, 0x3, 0xff, 0xf0,
    0x0, 0x0, 0x1, 0xff, 0xfc, 0x0, 0x0, 0x0,
    0xff, 0xfe, 0x0, 0x0, 0x0, 0x7f, 0xff, 0x0,
    0x0, 0x0, 0x1f, 0xff, 0x80, 0x0, 0x0, 0xf,
    0xff, 0xc0, 0x0, 0x0, 0x7, 0xff, 0xf0, 0x0,
    0x0, 0x3, 0xff, 0xf8, 0x0, 0x0, 0x1, 0xff,
    0xfc, 0x0, 0x0, 0x0, 0xff, 0xfe, 0x0, 0x0,
    0x0, 0x7f, 0xff, 0x0, 0x0, 0x0, 0x3f, 0xff,
    0x80, 0x0, 0x0, 0x1f, 0xff, 0x80, 0x0, 0x0,
    0xf, 0xff, 0xc0, 0x0, 0x0, 0x7, 0xff, 0xe0,
    0x0, 0x0, 0x3, 0xff, 0xf0, 0x0, 0x0, 0x1,
    0xff, 0xf8, 0x0, 0x0, 0x0, 0xff, 0xfc, 0x0,
    0x0, 0x0, 0x7f, 0xfe, 0x0, 0x0, 0x0, 0x3f,
    0xff, 0x0, 0x0, 0x0, 0x1f, 0xff, 0x80, 0x0,
    0x0, 0xf, 0xff, 0xc0, 0x0, 0x0, 0x3, 0xff,
    0xff, 0xff, 0xff, 0xfd, 0xff, 0xff, 0xff, 0xff,
    0xff, 0xff, 0xff, 0xff, 0xff, 0xff, 0xff, 0xff,
    0xff, 0xff, 0xff, 0xff, 0xff, 0xff, 0xff, 0xff,
    0xff, 0xff, 0xff, 0xff, 0xff, 0xff, 0xff, 0xff,
    0xff, 0xff, 0xff, 0xff, 0xff, 0xff, 0xff, 0xff,
    0xff, 0xff, 0xff, 0xff, 0xff, 0xff, 0xff, 0xff,
    0xff, 0xff, 0xff, 0xff, 0xff, 0xff, 0xff, 0xff,
    0xc0,

    /* U+0033 "3" */
    0x0, 0x3, 0xff, 0xe0, 0x0, 0x0, 0x1f, 0xff,
    0xff, 0x80, 0x0, 0x1f, 0xff, 0xff, 0xf8, 0x0,
    0x3f, 0xff, 0xff, 0xff, 0x80, 0x1f, 0xff, 0xff,
    0xff, 0xf8, 0x1f, 0xff, 0xff, 0xff, 0xff, 0x7,
    0xff, 0xff, 0xff, 0xff, 0xc0, 0xff, 0xff, 0xff,
    0xff, 0xf8, 0x3f, 0xff, 0xff, 0xff, 0xff, 0x7,
    0xff, 0xff, 0xff, 0xff, 0xc0, 0xff, 0xe0, 0x1f,
    0xff, 0xf0, 0x3f, 0xc0, 0x0, 0xff, 0xfe, 0x7,
    0xc0, 0x0, 0x1f, 0xff, 0x80, 0xc0, 0x0, 0x7,
    0xff, 0xe0, 0x0, 0x0, 0x0, 0xff, 0xf8, 0x0,
    0x0, 0x0, 0x3f, 0xfe, 0x0, 0x0, 0x0, 0xf,
    0xff, 0x80, 0x0, 0x0, 0x3, 0xff, 0xe0, 0x0,
    0x0, 0x0, 0xff, 0xf0, 0x0, 0x0, 0x0, 0x3f,
    0xfc, 0x0, 0x0, 0x0, 0x1f, 0xff, 0x0, 0x0,
    0x0, 0x7, 0xff, 0x80, 0x0, 0x0, 0x3, 0xff,
    0xc0, 0x0, 0x0, 0x3, 0xff, 0xf0, 0x0, 0x0,
    0x7, 0xff, 0xf8, 0x0, 0xf, 0xff, 0xff, 0xfc,
    0x0, 0x3, 0xff, 0xff, 0xfc, 0x0, 0x0, 0xff,
    0xff, 0xfc, 0x0, 0x0, 0x3f, 0xff, 0xfc, 0x0,
    0x0, 0xf, 0xff, 0xfc, 0x0, 0x0, 0x3, 0xff,
    0xff, 0xf0, 0x0, 0x0, 0xff, 0xff, 0xff, 0x80,
    0x0, 0x3f, 0xff, 0xff, 0xf8, 0x0, 0xf, 0xff,
    0xff, 0xff, 0x0, 0x3, 0xff, 0xff, 0xff, 0xe0,
    0x0, 0x0, 0x1f, 0xff, 0xfc, 0x0, 0x0, 0x0,
    0x7f, 0xff, 0x0, 0x0, 0x0, 0x7, 0xff, 0xe0,
    0x0, 0x0, 0x0, 0xff, 0xf8, 0x0, 0x0, 0x0,
    0x3f, 0xff, 0x0, 0x0, 0x0, 0x7, 0xff, 0xc0,
    0x0, 0x0, 0x1, 0xff, 0xf0, 0x0, 0x0, 0x0,
    0x7f, 0xfc, 0x0, 0x0, 0x0, 0x1f, 0xff, 0x0,
    0x0, 0x0, 0x7, 0xff, 0xc0, 0x0, 0x0, 0x1,
    0xff, 0xf0, 0x0, 0x0, 0x0, 0xff, 0xfc, 0x0,
    0x0, 0x0, 0x3f, 0xff, 0xc0, 0x0, 0x0, 0x1f,
    0xff, 0xbc, 0x0, 0x0, 0xf, 0xff, 0xef, 0xe0,
    0x0, 0x7, 0xff, 0xfb, 0xff, 0x80, 0xf, 0xff,
    0xfc, 0xff, 0xff, 0xff, 0xff, 0xff, 0x3f, 0xff,
    0xff, 0xff, 0xff, 0x8f, 0xff, 0xff, 0xff, 0xff,
    0xc3, 0xff, 0xff, 0xff, 0xff, 0xe0, 0xff, 0xff,
    0xff, 0xff, 0xf0, 0x3f, 0xff, 0xff, 0xff, 0xf8,
    0xf, 0xff, 0xff, 0xff, 0xfc, 0x0, 0xff, 0xff,
    0xff, 0xfc, 0x0, 0x7, 0xff, 0xff, 0xf8, 0x0,
    0x0, 0xf, 0xff, 0xe0, 0x0, 0x0,

    /* U+0034 "4" */
    0x0, 0x0, 0x0, 0x3f, 0xfc, 0x0, 0x0, 0x0,
    0x3, 0xff, 0xe0, 0x0, 0x0, 0x0, 0x1f, 0xff,
    0x0, 0x0, 0x0, 0x1, 0xff, 0xf8, 0x0, 0x0,
    0x0, 0x1f, 0xff, 0xc0, 0x0, 0x0, 0x0, 0xff,
    0xfe, 0x0, 0x0, 0x0, 0xf, 0xff, 0xf0, 0x0,
    0x0, 0x0, 0xff, 0xff, 0x80, 0x0, 0x0, 0x7,
    0xff, 0xfc, 0x0, 0x0, 0x0, 0x7f, 0xff, 0xe0,
    0x0, 0x0, 0x7, 0xff, 0xff, 0x0, 0x0, 0x0,
    0x3f, 0xff, 0xf8, 0x0, 0x0, 0x3, 0xff, 0xff,
    0xc0, 0x0, 0x0, 0x3f, 0xff, 0xfe, 0x0, 0x0,
    0x1, 0xff, 0xff, 0xf0, 0x0, 0x0, 0x1f, 0xf7,
    0xff, 0x80, 0x0, 0x1, 0xff, 0xbf, 0xfc, 0x0,
    0x0, 0xf, 0xf9, 0xff, 0xe0, 0x0, 0x0, 0xff,
    0xcf, 0xff, 0x0, 0x0, 0xf, 0xfc, 0x7f, 0xf8,
    0x0, 0x0, 0x7f, 0xe3, 0xff, 0xc0, 0x0, 0x7,
    0xfe, 0x1f, 0xfe, 0x0, 0x0, 0x7f, 0xe0, 0xff,
    0xf0, 0x0, 0x3, 0xff, 0x7, 0xff, 0x80, 0x0,
    0x3f, 0xf0, 0x3f, 0xfc, 0x0, 0x3, 0xff, 0x1,
    0xff, 0xe0, 0x0, 0x3f, 0xf8, 0xf, 0xff, 0x0,
    0x1, 0xff, 0x80, 0x7f, 0xf8, 0x0, 0x1f, 0xf8,
    0x3, 0xff, 0xc0, 0x1, 0xff, 0xc0, 0x1f, 0xfe,
    0x0, 0xf, 0xfc, 0x0, 0xff, 0xf0, 0x0, 0xff,
    0xc0, 0x7, 0xff, 0x80, 0xf, 0xfe, 0x0, 0x3f,
    0xfc, 0x0, 0x7f, 0xe0, 0x1, 0xff, 0xe0, 0x7,
    0xfe, 0x0, 0xf, 0xff, 0x0, 0x7f, 0xf0, 0x0,
    0x7f, 0xf8, 0x3, 0xff, 0x0, 0x3, 0xff, 0xc0,
    0x3f, 0xf0, 0x0, 0x1f, 0xfe, 0x3, 0xff, 0xff,
    0xff, 0xff, 0xff, 0xff, 0xff, 0xff, 0xff, 0xff,
    0xff, 0xff, 0xff, 0xff, 0xff, 0xff, 0xff, 0xff,
    0xff, 0xff, 0xff, 0xff, 0xff, 0xff, 0xff, 0xff,
    0xff, 0xff, 0xff, 0xff, 0xff, 0xff, 0xff, 0xff,
    0xff, 0xff, 0xff, 0xff, 0xff, 0xff, 0xff, 0xff,
    0xff, 0xff, 0xff, 0xff, 0xff, 0xff, 0xff, 0xff,
    0xff, 0xff, 0xff, 0xff, 0xff, 0xff, 0x0, 0x0,
    0x0, 0x7f, 0xfc, 0x0, 0x0, 0x0, 0x3, 0xff,
    0xe0, 0x0, 0x0, 0x0, 0x1f, 0xff, 0x0, 0x0,
    0x0, 0x0, 0xff, 0xf8, 0x0, 0x0, 0x0, 0x7,
    0xff, 0xc0, 0x0, 0x0, 0x0, 0x3f, 0xfe, 0x0,
    0x0, 0x0, 0x1, 0xff, 0xf0, 0x0, 0x0, 0x0,
    0xf, 0xff, 0x80, 0x0, 0x0, 0x0, 0x7f, 0xfc,
    0x0, 0x0, 0x0, 0x3, 0xff, 0xe0, 0x0, 0x0,
    0x0, 0x1f, 0xff, 0x0, 0x0, 0x0, 0x0, 0xff,
    0xf8, 0x0,

    /* U+0035 "5" */
    0xf, 0xff, 0xff, 0xff, 0xf8, 0x7, 0xff, 0xff,
    0xff, 0xfc, 0x3, 0xff, 0xff, 0xff, 0xfe, 0x1,
    0xff, 0xff, 0xff, 0xff, 0x0, 0xff, 0xff, 0xff,
    0xff, 0x80, 0x7f, 0xff, 0xff, 0xff, 0xc0, 0x7f,
    0xff, 0xff, 0xff, 0xe0, 0x3f, 0xff, 0xff, 0xff,
    0xf0, 0x1f, 0xff, 0xff, 0xff, 0xf8, 0xf, 0xff,
    0xff, 0xff, 0xfc, 0x7, 0xff, 0xff, 0xff, 0xfe,
    0x3, 0xff, 0xc0, 0x0, 0x0, 0x1, 0xff, 0xe0,
    0x0, 0x0, 0x0, 0xff, 0xf0, 0x0, 0x0, 0x0,
    0x7f, 0xf8, 0x0, 0x0, 0x0, 0x3f, 0xfc, 0x0,
    0x0, 0x0, 0x1f, 0xfe, 0x0, 0x0, 0x0, 0xf,
    0xff, 0x0, 0x0, 0x0, 0x7, 0xff, 0x0, 0x0,
    0x0, 0x3, 0xff, 0x80, 0x0, 0x0, 0x3, 0xff,
    0xc0, 0x0, 0x0, 0x1, 0xff, 0xe0, 0x0, 0x0,
    0x0, 0xff, 0xf3, 0xff, 0x80, 0x0, 0x7f, 0xff,
    0xff, 0xf8, 0x0, 0x3f, 0xff, 0xff, 0xff, 0x0,
    0x1f, 0xff, 0xff, 0xff, 0xe0, 0xf, 0xff, 0xff,
    0xff, 0xf8, 0x7, 0xff, 0xff, 0xff, 0xfe, 0x3,
    0xff, 0xff, 0xff, 0xff, 0x81, 0xff, 0xff, 0xff,
    0xff, 0xe0, 0xff, 0xff, 0xff, 0xff, 0xf8, 0x3f,
    0xff, 0xff, 0xff, 0xfc, 0x7, 0xe0, 0x7, 0xff,
    0xff, 0x0, 0x0, 0x0, 0x7f, 0xff, 0x80, 0x0,
    0x0, 0x1f, 0xff, 0xc0, 0x0, 0x0, 0x7, 0xff,
    0xf0, 0x0, 0x0, 0x1, 0xff, 0xf8, 0x0, 0x0,
    0x0, 0xff, 0xfc, 0x0, 0x0, 0x0, 0x3f, 0xfe,
    0x0, 0x0, 0x0, 0x1f, 0xff, 0x0, 0x0, 0x0,
    0xf, 0xff, 0x80, 0x0, 0x0, 0x7, 0xff, 0xc0,
    0x0, 0x0, 0x3, 0xff, 0xe0, 0x0, 0x0, 0x1,
    0xff, 0xf0, 0x0, 0x0, 0x0, 0xff, 0xf8, 0x0,
    0x0, 0x0, 0xff, 0xf8, 0x0, 0x0, 0x0, 0x7f,
    0xfd, 0x0, 0x0, 0x0, 0x7f, 0xfe, 0xf0, 0x0,
    0x0, 0x7f, 0xff, 0x7f, 0x0, 0x0, 0x7f, 0xff,
    0x3f, 0xf8, 0x1, 0xff, 0xff, 0x9f, 0xff, 0xff,
    0xff, 0xff, 0x8f, 0xff, 0xff, 0xff, 0xff, 0xc7,
    0xff, 0xff, 0xff, 0xff, 0xc3, 0xff, 0xff, 0xff,
    0xff, 0xc1, 0xff, 0xff, 0xff, 0xff, 0xc0, 0xff,
    0xff, 0xff, 0xff, 0xc0, 0x7f, 0xff, 0xff, 0xff,
    0x80, 0xf, 0xff, 0xff, 0xff, 0x0, 0x0, 0xff,
    0xff, 0xfe, 0x0, 0x0, 0x7, 0xff, 0xe0, 0x0,
    0x0,

    /* U+0036 "6" */
    0x0, 0x0, 0x0, 0xff, 0xfe, 0x0, 0x0, 0x3,
    0xff, 0xff, 0xc0, 0x0, 0x3, 0xff, 0xff, 0xf8,
    0x0, 0x1, 0xff, 0xff, 0xff, 0x0, 0x0, 0x7f,
    0xff, 0xff, 0xe0, 0x0, 0x3f, 0xff, 0xff, 0xfc,
    0x0, 0xf, 0xff, 0xff, 0xff, 0x80, 0x3, 0xff,
    0xff, 0xff, 0xf0, 0x0, 0xff, 0xff, 0xff, 0xfe,
    0x0, 0x3f, 0xff, 0xff, 0xff, 0xc0, 0xf, 0xff,
    0xfe, 0x0, 0x18, 0x1, 0xff, 0xfe, 0x0, 0x0,
    0x0, 0x7f, 0xff, 0x0, 0x0, 0x0, 0x1f, 0xff,
    0x80, 0x0, 0x0, 0x3, 0xff, 0xe0, 0x0, 0x0,
    0x0, 0xff, 0xf8, 0x0, 0x0, 0x0, 0x1f, 0xfe,
    0x0, 0x0, 0x0, 0x3, 0xff, 0xc0, 0x0, 0x0,
    0x0, 0xff, 0xf0, 0x0, 0x0, 0x0, 0x1f, 0xfe,
    0x0, 0x0, 0x0, 0x3, 0xff, 0x80, 0x0, 0x0,
    0x0, 0xff, 0xf0, 0x0, 0x0, 0x0, 0x1f, 0xfe,
    0x1, 0xff, 0x0, 0x3, 0xff, 0xc0, 0xff, 0xfc,
    0x0, 0x7f, 0xf0, 0x7f, 0xff, 0xe0, 0xf, 0xfe,
    0x1f, 0xff, 0xff, 0x1, 0xff, 0xc7, 0xff, 0xff,
    0xf0, 0x7f, 0xf9, 0xff, 0xff, 0xff, 0xf, 0xff,
    0x7f, 0xff, 0xff, 0xf1, 0xff, 0xff, 0xff, 0xff,
    0xfe, 0x3f, 0xff, 0xff, 0xff, 0xff, 0xe7, 0xff,
    0xff, 0xff, 0xff, 0xfc, 0xff, 0xff, 0xe0, 0x7f,
    0xff, 0xdf, 0xff, 0xf0, 0x3, 0xff, 0xfb, 0xff,
    0xfc, 0x0, 0x3f, 0xff, 0x7f, 0xff, 0x0, 0x3,
    0xff, 0xef, 0xff, 0xc0, 0x0, 0x7f, 0xff, 0xff,
    0xf8, 0x0, 0xf, 0xff, 0xff, 0xfe, 0x0, 0x0,
    0xff, 0xff, 0xff, 0xc0, 0x0, 0x1f, 0xff, 0xff,
    0xf8, 0x0, 0x3, 0xff, 0xff, 0xff, 0x0, 0x0,
    0x7f, 0xfd, 0xff, 0xe0, 0x0, 0xf, 0xff, 0xbf,
    0xfc, 0x0, 0x1, 0xff, 0xf7, 0xff, 0xc0, 0x0,
    0x3f, 0xfe, 0xff, 0xf8, 0x0, 0x7, 0xff, 0xdf,
    0xff, 0x0, 0x1, 0xff, 0xf9, 0xff, 0xf0, 0x0,
    0x3f, 0xfe, 0x3f, 0xfe, 0x0, 0xf, 0xff, 0xc3,
    0xff, 0xe0, 0x1, 0xff, 0xf8, 0x7f, 0xfe, 0x0,
    0x7f, 0xfe, 0x7, 0xff, 0xf0, 0x3f, 0xff, 0xc0,
    0xff, 0xff, 0xff, 0xff, 0xf0, 0xf, 0xff, 0xff,
    0xff, 0xfe, 0x0, 0xff, 0xff, 0xff, 0xff, 0x80,
    0x1f, 0xff, 0xff, 0xff, 0xe0, 0x1, 0xff, 0xff,
    0xff, 0xf8, 0x0, 0x1f, 0xff, 0xff, 0xfe, 0x0,
    0x0, 0xff, 0xff, 0xff, 0x80, 0x0, 0x7, 0xff,
    0xff, 0xc0, 0x0, 0x0, 0x3f, 0xff, 0xe0, 0x0,
    0x0, 0x0, 0xff, 0xc0, 0x0, 0x0,

    /* U+0037 "7" */
    0xff, 0xff, 0xff, 0xff, 0xff, 0xff, 0xff, 0xff,
    0xff, 0xff, 0xff, 0xff, 0xff, 0xff, 0xff, 0xff,
    0xff, 0xff, 0xff, 0xff, 0xff, 0xff, 0xff, 0xff,
    0xff, 0xff, 0xff, 0xff, 0xff, 0xff, 0xff, 0xff,
    0xff, 0xff, 0xff, 0xff, 0xff, 0xff, 0xff, 0xff,
    0xff, 0xff, 0xff, 0xff, 0xff, 0xff, 0xff, 0xff,
    0xff, 0xff, 0xff, 0xff, 0xff, 0xf8, 0x0, 0x0,
    0x0, 0x1f, 0xff, 0x0, 0x0, 0x0, 0x3, 0xff,
    0xc0, 0x0, 0x0, 0x0, 0xff, 0xf8, 0x0, 0x0,
    0x0, 0x1f, 0xfe, 0x0, 0x0, 0x0, 0x3, 0xff,
    0xc0, 0x0, 0x0, 0x0, 0xff, 0xf8, 0x0, 0x0,
    0x0, 0x1f, 0xfe, 0x0, 0x0, 0x0, 0x7, 0xff,
    0xc0, 0x0, 0x0, 0x0, 0xff, 0xf0, 0x0, 0x0,
    0x0, 0x3f, 0xfe, 0x0, 0x0, 0x0, 0x7, 0xff,
    0x80, 0x0, 0x0, 0x1, 0xff, 0xf0, 0x0, 0x0,
    0x0, 0x3f, 0xfc, 0x0, 0x0, 0x0, 0xf, 0xff,
    0x80, 0x0, 0x0, 0x1, 0xff, 0xf0, 0x0, 0x0,
    0x0, 0x7f, 0xfc, 0x0, 0x0, 0x0, 0xf, 0xff,
    0x80, 0x0, 0x0, 0x1, 0xff, 0xe0, 0x0, 0x0,
    0x0, 0x7f, 0xfc, 0x0, 0x0, 0x0, 0xf, 0xff,
    0x0, 0x0, 0x0, 0x3, 0xff, 0xe0, 0x0, 0x0,
    0x0, 0x7f, 0xfc, 0x0, 0x0, 0x0, 0x1f, 0xff,
    0x0, 0x0, 0x0, 0x3, 0xff, 0xe0, 0x0, 0x0,
    0x0, 0xff, 0xf8, 0x0, 0x0, 0x0, 0x1f, 0xff,
    0x0, 0x0, 0x0, 0x7, 0xff, 0xc0, 0x0, 0x0,
    0x0, 0xff, 0xf8, 0x0, 0x0, 0x0, 0x1f, 0xfe,
    0x0, 0x0, 0x0, 0x7, 0xff, 0xc0, 0x0, 0x0,
    0x0, 0xff, 0xf8, 0x0, 0x0, 0x0, 0x3f, 0xfe,
    0x0, 0x0, 0x0, 0x7, 0xff, 0xc0, 0x0, 0x0,
    0x1, 0xff, 0xf0, 0x0, 0x0, 0x0, 0x3f, 0xfe,
    0x0, 0x0, 0x0, 0xf, 0xff, 0x80, 0x0, 0x0,
    0x1, 0xff, 0xf0, 0x0, 0x0, 0x0, 0x7f, 0xfe,
    0x0, 0x0, 0x0, 0xf, 0xff, 0x80, 0x0, 0x0,
    0x1, 0xff, 0xf0, 0x0, 0x0, 0x0, 0x7f, 0xfc,
    0x0, 0x0, 0x0, 0xf, 0xff, 0x80, 0x0, 0x0,
    0x3, 0xff, 0xe0, 0x0, 0x0, 0x0, 0x7f, 0xfc,
    0x0, 0x0, 0x0, 0x1f, 0xff, 0x80, 0x0, 0x0,
    0x3, 0xff, 0xe0, 0x0, 0x0, 0x0, 0xff, 0xfc,
    0x0, 0x0, 0x0, 0x1f, 0xff, 0x0, 0x0, 0x0,
    0x7, 0xff, 0xe0, 0x0, 0x0, 0x0, 0xff, 0xf8,
    0x0, 0x0, 0x0,

    /* U+0038 "8" */
    0x0, 0x0, 0xff, 0xc0, 0x0, 0x0, 0x3, 0xff,
    0xff, 0x0, 0x0, 0x3, 0xff, 0xff, 0xf0, 0x0,
    0x3, 0xff, 0xff, 0xff, 0x0, 0x1, 0xff, 0xff,
    0xff, 0xe0, 0x0, 0xff, 0xff, 0xff, 0xfe, 0x0,
    0x7f, 0xff, 0xff, 0xff, 0x80, 0x3f, 0xff, 0xff,
    0xff, 0xf0, 0x1f, 0xff, 0xff, 0xff, 0xfe, 0x7,
    0xff, 0xff, 0xff, 0xff, 0x81, 0xff, 0xfc, 0xf,
    0xff, 0xe0, 0xff, 0xfc, 0x0, 0xff, 0xfc, 0x3f,
    0xfe, 0x0, 0x1f, 0xff, 0xf, 0xff, 0x0, 0x3,
    0xff, 0xc3, 0xff, 0xc0, 0x0, 0xff, 0xf0, 0xff,
    0xf0, 0x0, 0x3f, 0xfc, 0x3f, 0xfc, 0x0, 0xf,
    0xff, 0xf, 0xff, 0x0, 0x3, 0xff, 0xc3, 0xff,
    0xc0, 0x0, 0xff, 0xf0, 0x7f, 0xf8, 0x0, 0x7f,
    0xf8, 0x1f, 0xff, 0x0, 0x3f, 0xfe, 0x3, 0xff,
    0xe0, 0x1f, 0xff, 0x0, 0xff, 0xfc, 0xf, 0xff,
    0xc0, 0x1f, 0xff, 0xcf, 0xff, 0xe0, 0x3, 0xff,
    0xff, 0xff, 0xf0, 0x0, 0xff, 0xff, 0xff, 0xf8,
    0x0, 0x1f, 0xff, 0xff, 0xfc, 0x0, 0x1, 0xff,
    0xff, 0xfc, 0x0, 0x0, 0x3f, 0xff, 0xfe, 0x0,
    0x0, 0x7, 0xff, 0xfe, 0x0, 0x0, 0x3, 0xff,
    0xff, 0xe0, 0x0, 0x3, 0xff, 0xff, 0xfe, 0x0,
    0x1, 0xff, 0xff, 0xff, 0xc0, 0x0, 0xff, 0xff,
    0xff, 0xfc, 0x0, 0x7f, 0xff, 0xff, 0xff, 0x80,
    0x3f, 0xff, 0x8f, 0xff, 0xf0, 0x1f, 0xff, 0x81,
    0xff, 0xfe, 0xf, 0xff, 0xc0, 0x1f, 0xff, 0x83,
    0xff, 0xe0, 0x3, 0xff, 0xf1, 0xff, 0xf0, 0x0,
    0x7f, 0xfe, 0x7f, 0xf8, 0x0, 0xf, 0xff, 0xbf,
    0xfe, 0x0, 0x1, 0xff, 0xef, 0xff, 0x0, 0x0,
    0x3f, 0xff, 0xff, 0xc0, 0x0, 0xf, 0xff, 0xff,
    0xf0, 0x0, 0x3, 0xff, 0xff, 0xfc, 0x0, 0x0,
    0xff, 0xff, 0xff, 0x0, 0x0, 0x3f, 0xff, 0xff,
    0xe0, 0x0, 0x1f, 0xff, 0xff, 0xf8, 0x0, 0x7,
    0xff, 0xff, 0xff, 0x0, 0x3, 0xff, 0xf7, 0xff,
    0xe0, 0x1, 0xff, 0xf9, 0xff, 0xfe, 0x1, 0xff,
    0xfe, 0x7f, 0xff, 0xff, 0xff, 0xff, 0xf, 0xff,
    0xff, 0xff, 0xff, 0xc3, 0xff, 0xff, 0xff, 0xff,
    0xe0, 0x7f, 0xff, 0xff, 0xff, 0xf0, 0xf, 0xff,
    0xff, 0xff, 0xf8, 0x1, 0xff, 0xff, 0xff, 0xfc,
    0x0, 0x1f, 0xff, 0xff, 0xfe, 0x0, 0x3, 0xff,
    0xff, 0xfe, 0x0, 0x0, 0x1f, 0xff, 0xfe, 0x0,
    0x0, 0x0, 0x7f, 0xf8, 0x0, 0x0,

    /* U+0039 "9" */
    0x0, 0x1, 0xff, 0xc0, 0x0, 0x0, 0x1, 0xff,
    0xff, 0x0, 0x0, 0x0, 0xff, 0xff, 0xf8, 0x0,
    0x0, 0x7f, 0xff, 0xff, 0xc0, 0x0, 0x1f, 0xff,
    0xff, 0xfc, 0x0, 0x7, 0xff, 0xff, 0xff, 0xe0,
    0x1, 0xff, 0xff, 0xff, 0xfe, 0x0, 0x7f, 0xff,
    0xff, 0xff, 0xc0, 0x1f, 0xff, 0xff, 0xff, 0xfc,
    0x3, 0xff, 0xff, 0xff, 0xff, 0xc0, 0xff, 0xff,
    0x3, 0xff, 0xf8, 0x1f, 0xff, 0x80, 0x1f, 0xff,
    0x87, 0xff, 0xe0, 0x1, 0xff, 0xf0, 0xff, 0xfc,
    0x0, 0x1f, 0xff, 0x1f, 0xff, 0x0, 0x3, 0xff,
    0xe7, 0xff, 0xe0, 0x0, 0x3f, 0xfe, 0xff, 0xf8,
    0x0, 0x7, 0xff, 0xdf, 0xff, 0x0, 0x0, 0xff,
    0xfb, 0xff, 0xe0, 0x0, 0xf, 0xff, 0x7f, 0xfc,
    0x0, 0x1, 0xff, 0xef, 0xff, 0x80, 0x0, 0x3f,
    0xff, 0xff, 0xf0, 0x0, 0x7, 0xff, 0xff, 0xfe,
    0x0, 0x0, 0xff, 0xff, 0xff, 0xc0, 0x0, 0x1f,
    0xff, 0xff, 0xfc, 0x0, 0x7, 0xff, 0xff, 0xff,
    0x80, 0x0, 0xff, 0xfd, 0xff, 0xf0, 0x0, 0x3f,
    0xff, 0xbf, 0xff, 0x0, 0xf, 0xff, 0xf7, 0xff,
    0xf0, 0x3, 0xff, 0xfe, 0xff, 0xff, 0x81, 0xff,
    0xff, 0xcf, 0xff, 0xff, 0xff, 0xff, 0xf9, 0xff,
    0xff, 0xff, 0xff, 0xff, 0x1f, 0xff, 0xff, 0xff,
    0xff, 0xe3, 0xff, 0xff, 0xff, 0xbf, 0xfc, 0x3f,
    0xff, 0xff, 0xe7, 0xff, 0x83, 0xff, 0xff, 0xf8,
    0xff, 0xe0, 0x3f, 0xff, 0xfe, 0x1f, 0xfc, 0x1,
    0xff, 0xff, 0x87, 0xff, 0x80, 0x1f, 0xff, 0xe0,
    0xff, 0xf0, 0x0, 0x7f, 0xe0, 0x1f, 0xfe, 0x0,
    0x0, 0x0, 0x3, 0xff, 0xc0, 0x0, 0x0, 0x0,
    0x7f, 0xf0, 0x0, 0x0, 0x0, 0x1f, 0xfe, 0x0,
    0x0, 0x0, 0x3, 0xff, 0xc0, 0x0, 0x0, 0x0,
    0xff, 0xf0, 0x0, 0x0, 0x0, 0x1f, 0xfe, 0x0,
    0x0, 0x0, 0x7, 0xff, 0xc0, 0x0, 0x0, 0x1,
    0xff, 0xf0, 0x0, 0x0, 0x0, 0x7f, 0xfe, 0x0,
    0x0, 0x0, 0x3f, 0xff, 0x80, 0x0, 0x0, 0x1f,
    0xff, 0xe0, 0x6, 0x0, 0x1f, 0xff, 0xfc, 0x0,
    0xff, 0xff, 0xff, 0xff, 0x0, 0x1f, 0xff, 0xff,
    0xff, 0xc0, 0x3, 0xff, 0xff, 0xff, 0xf0, 0x0,
    0x7f, 0xff, 0xff, 0xfc, 0x0, 0xf, 0xff, 0xff,
    0xff, 0x0, 0x1, 0xff, 0xff, 0xff, 0xc0, 0x0,
    0x3f, 0xff, 0xff, 0xe0, 0x0, 0x7, 0xff, 0xff,
    0xf0, 0x0, 0x0, 0xff, 0xff, 0xf0, 0x0, 0x0,
    0x1f, 0xff, 0xe0, 0x0, 0x0, 0x0,

    /* U+003A ":" */
    0xf, 0xc0, 0xff, 0xc7, 0xff, 0x9f, 0xfe, 0xff,
    0xff, 0xff, 0xff, 0xff, 0xff, 0xff, 0xff, 0xff,
    0xff, 0xf7, 0xff, 0x9f, 0xfe, 0x3f, 0xf0, 0x3f,
    0x0, 0x0, 0x0, 0x0, 0x0, 0x0, 0x0, 0x0,
    0x0, 0x0, 0x0, 0x0, 0x0, 0x0, 0x0, 0x0,
    0x0, 0x0, 0x0, 0x0, 0x0, 0x0, 0x0, 0x0,
    0x0, 0x0, 0x0, 0x0, 0x0, 0x0, 0x0, 0x0,
    0x0, 0x0, 0x0, 0x0, 0xfc, 0xf, 0xfc, 0x7f,
    0xf9, 0xff, 0xef, 0xff, 0xff, 0xff, 0xff, 0xff,
    0xff, 0xff, 0xff, 0xff, 0xff, 0x7f, 0xf9, 0xff,
    0xe3, 0xff, 0x3, 0xf0,

    /* U+003B ";" */
    0x3, 0xf0, 0xf, 0xfc, 0x1f, 0xfe, 0x1f, 0xfe,
    0x3f, 0xff, 0x3f, 0xff, 0x3f, 0xff, 0x3f, 0xff,
    0x3f, 0xff, 0x3f, 0xff, 0x1f, 0xfe, 0x1f, 0xfe,
    0xf, 0xfc, 0x3, 0xf0, 0x0, 0x0, 0x0, 0x0,
    0x0, 0x0, 0x0, 0x0, 0x0, 0x0, 0x0, 0x0,
    0x0, 0x0, 0x0, 0x0, 0x0, 0x0, 0x0, 0x0,
    0x0, 0x0, 0x0, 0x0, 0x0, 0x0, 0x0, 0x0,
    0x0, 0x0, 0x0, 0x0, 0x0, 0x0, 0x0, 0x0,
    0x0, 0x0, 0x0, 0x0, 0x0, 0x0, 0x0, 0x0,
    0x0, 0x0, 0x0, 0x0, 0xf, 0xfe, 0xf, 0xff,
    0x1f, 0xfe, 0x1f, 0xfe, 0x1f, 0xfe, 0x1f, 0xfc,
    0x1f, 0xfc, 0x1f, 0xfc, 0x3f, 0xf8, 0x3f, 0xf8,
    0x3f, 0xf8, 0x3f, 0xf0, 0x3f, 0xf0, 0x7f, 0xe0,
    0x7f, 0xe0, 0x7f, 0xe0, 0x7f, 0xc0, 0xff, 0xc0,
    0xff, 0x80, 0xff, 0x80,

    /* U+003C "<" */
    0x0, 0x0, 0x0, 0x0, 0x0, 0x80, 0x0, 0x0,
    0x0, 0x1, 0xc0, 0x0, 0x0, 0x0, 0x3, 0xe0,
    0x0, 0x0, 0x0, 0x7, 0xf0, 0x0, 0x0, 0x0,
    0xf, 0xf8, 0x0, 0x0, 0x0, 0x1f, 0xfc, 0x0,
    0x0, 0x0, 0x3f, 0xfe, 0x0, 0x0, 0x0, 0x7f,
    0xff, 0x0, 0x0, 0x0, 0xff, 0xff, 0x80, 0x0,
    0x1, 0xff, 0xff, 0xc0, 0x0, 0x3, 0xff, 0xff,
    0xc0, 0x0, 0x7, 0xff, 0xff, 0x80, 0x0, 0xf,
    0xff, 0xfe, 0x0, 0x0, 0x1f, 0xff, 0xfc, 0x0,
    0x0, 0x3f, 0xff, 0xf8, 0x0, 0x0, 0x7f, 0xff,
    0xf0, 0x0, 0x0, 0xff, 0xff, 0xe0, 0x0, 0x1,
    0xff, 0xff, 0xc0, 0x0, 0x3, 0xff, 0xff, 0x80,
    0x0, 0x7, 0xff, 0xfe, 0x0, 0x0, 0xf, 0xff,
    0xfc, 0x0, 0x0, 0x7, 0xff, 0xf8, 0x0, 0x0,
    0x3, 0xff, 0xf0, 0x0, 0x0, 0x1, 0xff, 0xf0,
    0x0, 0x0, 0x0, 0xff, 0xff, 0x0, 0x0, 0x0,
    0x7f, 0xff, 0xe0, 0x0, 0x0, 0x3f, 0xff, 0xfe,
    0x0, 0x0, 0x7, 0xff, 0xff, 0xc0, 0x0, 0x0,
    0xff, 0xff, 0xf8, 0x0, 0x0, 0xf, 0xff, 0xff,
    0x80, 0x0, 0x1, 0xff, 0xff, 0xf0, 0x0, 0x0,
    0x3f, 0xff, 0xff, 0x0, 0x0, 0x7, 0xff, 0xff,
    0xe0, 0x0, 0x0, 0x7f, 0xff, 0xfc, 0x0, 0x0,
    0xf, 0xff, 0xff, 0xc0, 0x0, 0x1, 0xff, 0xff,
    0xf0, 0x0, 0x0, 0x3f, 0xff, 0xf8, 0x0, 0x0,
    0x3, 0xff, 0xfc, 0x0, 0x0, 0x0, 0x7f, 0xfe,
    0x0, 0x0, 0x0, 0xf, 0xff, 0x0, 0x0, 0x0,
    0x1, 0xff, 0x80, 0x0, 0x0, 0x0, 0x3f, 0xc0,
    0x0, 0x0, 0x0, 0x3, 0xe0, 0x0, 0x0, 0x0,
    0x0, 0x70, 0x0, 0x0, 0x0, 0x0, 0x8,

    /* U+003D "=" */
    0xff, 0xff, 0xff, 0xff, 0xff, 0xff, 0xff, 0xff,
    0xff, 0xff, 0xff, 0xff, 0xff, 0xff, 0xff, 0xff,
    0xff, 0xff, 0xff, 0xff, 0xff, 0xff, 0xff, 0xff,
    0xff, 0xff, 0xff, 0xff, 0xff, 0xff, 0xff, 0xff,
    0xff, 0xff, 0xff, 0xff, 0xff, 0xff, 0xff, 0xff,
    0xff, 0xff, 0xff, 0xff, 0xff, 0xff, 0x80, 0x0,
    0x0, 0x0, 0x0, 0x0, 0x0, 0x0, 0x0, 0x0,
    0x0, 0x0, 0x0, 0x0, 0x0, 0x0, 0x0, 0x0,
    0x0, 0x0, 0x0, 0x0, 0x0, 0x0, 0x0, 0x0,
    0x0, 0x0, 0x0, 0x0, 0x0, 0x0, 0x0, 0x0,
    0x0, 0x0, 0xff, 0xff, 0xff, 0xff, 0xff, 0xff,
    0xff, 0xff, 0xff, 0xff, 0xff, 0xff, 0xff, 0xff,
    0xff, 0xff, 0xff, 0xff, 0xff, 0xff, 0xff, 0xff,
    0xff, 0xff, 0xff, 0xff, 0xff, 0xff, 0xff, 0xff,
    0xff, 0xff, 0xff, 0xff, 0xff, 0xff, 0xff, 0xff,
    0xff, 0xff, 0xff, 0xff, 0xff, 0xff, 0xff, 0xff,
    0x80,

    /* U+003E ">" */
    0x80, 0x0, 0x0, 0x0, 0x0, 0x70, 0x0, 0x0,
    0x0, 0x0, 0x3e, 0x0, 0x0, 0x0, 0x0, 0x1f,
    0xc0, 0x0, 0x0, 0x0, 0xf, 0xf8, 0x0, 0x0,
    0x0, 0x7, 0xff, 0x0, 0x0, 0x0, 0x3, 0xff,
    0xe0, 0x0, 0x0, 0x1, 0xff, 0xfc, 0x0, 0x0,
    0x0, 0xff, 0xff, 0x0, 0x0, 0x0, 0x7f, 0xff,
    0xe0, 0x0, 0x0, 0x1f, 0xff, 0xfc, 0x0, 0x0,
    0x3, 0xff, 0xff, 0x80, 0x0, 0x0, 0x7f, 0xff,
    0xf0, 0x0, 0x0, 0xf, 0xff, 0xfe, 0x0, 0x0,
    0x1, 0xff, 0xff, 0xc0, 0x0, 0x0, 0x1f, 0xff,
    0xf8, 0x0, 0x0, 0x3, 0xff, 0xff, 0x0, 0x0,
    0x0, 0x7f, 0xff, 0xe0, 0x0, 0x0, 0xf, 0xff,
    0xfc, 0x0, 0x0, 0x1, 0xff, 0xff, 0x80, 0x0,
    0x0, 0x3f, 0xff, 0xf0, 0x0, 0x0, 0x7, 0xff,
    0xfc, 0x0, 0x0, 0x0, 0xff, 0xfe, 0x0, 0x0,
    0x0, 0x3f, 0xff, 0x0, 0x0, 0x0, 0x7f, 0xff,
    0x80, 0x0, 0x1, 0xff, 0xff, 0xc0, 0x0, 0x3,
    0xff, 0xff, 0xe0, 0x0, 0xf, 0xff, 0xff, 0x80,
    0x0, 0x1f, 0xff, 0xff, 0x0, 0x0, 0x3f, 0xff,
    0xfe, 0x0, 0x0, 0xff, 0xff, 0xfc, 0x0, 0x1,
    0xff, 0xff, 0xf0, 0x0, 0x7, 0xff, 0xff, 0xe0,
    0x0, 0xf, 0xff, 0xff, 0xc0, 0x0, 0x1f, 0xff,
    0xff, 0x80, 0x0, 0x1f, 0xff, 0xfe, 0x0, 0x0,
    0xf, 0xff, 0xfc, 0x0, 0x0, 0x7, 0xff, 0xf8,
    0x0, 0x0, 0x3, 0xff, 0xf0, 0x0, 0x0, 0x1,
    0xff, 0xc0, 0x0, 0x0, 0x0, 0xff, 0x80, 0x0,
    0x0, 0x0, 0x7f, 0x0, 0x0, 0x0, 0x0, 0x3e,
    0x0, 0x0, 0x0, 0x0, 0x1c, 0x0, 0x0, 0x0,
    0x0, 0x0, 0x0, 0x0, 0x0, 0x0, 0x0,

    /* U+003F "?" */
    0x0, 0x7, 0xff, 0x80, 0x0, 0x1, 0xff, 0xff,
    0xe0, 0x0, 0x3f, 0xff, 0xff, 0xe0, 0x7, 0xff,
    0xff, 0xff, 0xc0, 0x7f, 0xff, 0xff, 0xff, 0xc3,
    0xff, 0xff, 0xff, 0xff, 0x87, 0xff, 0xff, 0xff,
    0xfe, 0x1f, 0xff, 0xff, 0xff, 0xfc, 0x3f, 0xff,
    0xff, 0xff, 0xf8, 0xff, 0xff, 0xff, 0xff, 0xe1,
    0xff, 0xc0, 0x3f, 0xff, 0x87, 0xf8, 0x0, 0x3f,
    0xff, 0xf, 0x0, 0x0, 0x7f, 0xfc, 0x30, 0x0,
    0x0, 0xff, 0xf0, 0x0, 0x0, 0x3, 0xff, 0xc0,
    0x0, 0x0, 0xf, 0xff, 0x0, 0x0, 0x0, 0x3f,
    0xfc, 0x0, 0x0, 0x0, 0xff, 0xf0, 0x0, 0x0,
    0x7, 0xff, 0xc0, 0x0, 0x0, 0x1f, 0xfe, 0x0,
    0x0, 0x0, 0xff, 0xf8, 0x0, 0x0, 0x7, 0xff,
    0xe0, 0x0, 0x0, 0x3f, 0xff, 0x0, 0x0, 0x1,
    0xff, 0xf8, 0x0, 0x0, 0x1f, 0xff, 0xe0, 0x0,
    0x0, 0xff, 0xff, 0x0, 0x0, 0x7, 0xff, 0xf8,
    0x0, 0x0, 0x3f, 0xff, 0x80, 0x0, 0x1, 0xff,
    0xfc, 0x0, 0x0, 0xf, 0xff, 0xe0, 0x0, 0x0,
    0x7f, 0xff, 0x0, 0x0, 0x3, 0xff, 0xf0, 0x0,
    0x0, 0xf, 0xff, 0x80, 0x0, 0x0, 0x3f, 0xfc,
    0x0, 0x0, 0x1, 0xff, 0xe0, 0x0, 0x0, 0x7,
    0xff, 0x80, 0x0, 0x0, 0x1f, 0xfc, 0x0, 0x0,
    0x0, 0x7f, 0xf0, 0x0, 0x0, 0x1, 0xff, 0xc0,
    0x0, 0x0, 0x7, 0xff, 0x0, 0x0, 0x0, 0x1f,
    0xfc, 0x0, 0x0, 0x0, 0x0, 0x0, 0x0, 0x0,
    0x0, 0x0, 0x0, 0x0, 0x0, 0x0, 0x0, 0x0,
    0x0, 0x0, 0x0, 0x0, 0x0, 0x0, 0x0, 0x0,
    0x0, 0x0, 0x0, 0x0, 0x0, 0x0, 0x0, 0x0,
    0x0, 0x0, 0x0, 0x0, 0x0, 0x3, 0xf0, 0x0,
    0x0, 0x0, 0x3f, 0xf0, 0x0, 0x0, 0x1, 0xff,
    0xe0, 0x0, 0x0, 0x7, 0xff, 0x80, 0x0, 0x0,
    0x3f, 0xff, 0x0, 0x0, 0x0, 0xff, 0xfc, 0x0,
    0x0, 0x3, 0xff, 0xf0, 0x0, 0x0, 0xf, 0xff,
    0xc0, 0x0, 0x0, 0x3f, 0xff, 0x0, 0x0, 0x0,
    0xff, 0xfc, 0x0, 0x0, 0x1, 0xff, 0xe0, 0x0,
    0x0, 0x7, 0xff, 0x80, 0x0, 0x0, 0xf, 0xfc,
    0x0, 0x0, 0x0, 0xf, 0xc0, 0x0, 0x0,

    /* U+0040 "@" */
    0x0, 0x0, 0x0, 0x7, 0xff, 0xe0, 0x0, 0x0,
    0x0, 0x0, 0x0, 0xf, 0xff, 0xff, 0xc0, 0x0,
    0x0, 0x0, 0x0, 0xf, 0xff, 0xff, 0xfe, 0x0,
    0x0, 0x0, 0x0, 0x7, 0xff, 0xff, 0xff, 0xf8,
    0x0, 0x0, 0x0, 0x3, 0xff, 0xff, 0xff, 0xff,
    0x80, 0x0, 0x0, 0x1, 0xff, 0xff, 0xff, 0xff,
    0xfc, 0x0, 0x0, 0x0, 0xff, 0xff, 0xff, 0xff,
    0xff, 0xc0, 0x0, 0x0, 0x3f, 0xff, 0xff, 0xff,
    0xff, 0xfe, 0x0, 0x0, 0xf, 0xff, 0xfc, 0x0,
    0x7f, 0xff, 0xe0, 0x0, 0x3, 0xff, 0xf8, 0x0,
    0x0, 0xff, 0xfe, 0x0, 0x0, 0xff, 0xf8, 0x0,
    0x0, 0x7, 0xff, 0xc0, 0x0, 0x3f, 0xfe, 0x0,
    0x0, 0x0, 0x3f, 0xfc, 0x0, 0xf, 0xff, 0x0,
    0x0, 0x0, 0x3, 0xff, 0xc0, 0x3, 0xff, 0xc0,
    0x0, 0x0, 0x0, 0x3f, 0xfc, 0x0, 0x7f, 0xe0,
    0x0, 0x0, 0x0, 0x3, 0xff, 0x80, 0x1f, 0xf8,
    0x0, 0x0, 0x0, 0x0, 0x3f, 0xf8, 0x7, 0xfe,
    0x0, 0x0, 0x0, 0x0, 0x3, 0xff, 0x0, 0xff,
    0xc0, 0x0, 0x7f, 0xf8, 0x0, 0x3f, 0xf0, 0x3f,
    0xf0, 0x0, 0xff, 0xff, 0xfc, 0x7, 0xfe, 0x7,
    0xfc, 0x0, 0x7f, 0xff, 0xff, 0xe0, 0x7f, 0xc1,
    0xff, 0x80, 0x1f, 0xff, 0xff, 0xfc, 0xf, 0xfc,
    0x3f, 0xe0, 0xf, 0xff, 0xff, 0xff, 0x80, 0xff,
    0x8f, 0xfc, 0x3, 0xff, 0xff, 0xff, 0xf0, 0x1f,
    0xf1, 0xff, 0x0, 0xff, 0xff, 0xff, 0xfe, 0x3,
    0xfe, 0x3f, 0xe0, 0x3f, 0xff, 0x0, 0xff, 0xc0,
    0x7f, 0xef, 0xfc, 0x7, 0xff, 0x80, 0x1f, 0xf8,
    0x7, 0xfd, 0xff, 0x1, 0xff, 0xe0, 0x3, 0xff,
    0x0, 0xff, 0xbf, 0xe0, 0x3f, 0xf8, 0x0, 0x7f,
    0xe0, 0x1f, 0xf7, 0xfc, 0xf, 0xfe, 0x0, 0xf,
    0xfc, 0x3, 0xfe, 0xff, 0x81, 0xff, 0x80, 0x1,
    0xff, 0x80, 0x7f, 0xff, 0xe0, 0x3f, 0xf0, 0x0,
    0x3f, 0xf0, 0xf, 0xff, 0xfc, 0xf, 0xfe, 0x0,
    0x7, 0xfe, 0x1, 0xff, 0xff, 0x81, 0xff, 0x80,
    0x0, 0xff, 0xc0, 0x3f, 0xff, 0xf0, 0x3f, 0xf0,
    0x0, 0x1f, 0xf8, 0x7, 0xff, 0xfe, 0x7, 0xfe,
    0x0, 0x3, 0xff, 0x0, 0xff, 0xff, 0xc0, 0xff,
    0xc0, 0x0, 0x7f, 0xe0, 0x1f, 0xff, 0xf8, 0x1f,
    0xf8, 0x0, 0xf, 0xfc, 0x3, 0xfd, 0xff, 0x3,
    0xff, 0x0, 0x1, 0xff, 0x80, 0xff, 0xbf, 0xe0,
    0x7f, 0xe0, 0x0, 0x7f, 0xe0, 0x1f, 0xf7, 0xfc,
    0xf, 0xfc, 0x0, 0xf, 0xfc, 0x3, 0xfe, 0xff,
    0x81, 0xff, 0xc0, 0x1, 0xff, 0x80, 0x7f, 0x9f,
    0xf0, 0x1f, 0xf8, 0x0, 0x7f, 0xf8, 0x1f, 0xf3,
    0xfe, 0x3, 0xff, 0x80, 0xf, 0xff, 0x3, 0xfe,
    0x3f, 0xe0, 0x7f, 0xf8, 0x3, 0xff, 0xe0, 0xff,
    0x87, 0xfc, 0x7, 0xff, 0x81, 0xff, 0xfe, 0x3f,
    0xf0, 0xff, 0x80, 0xff, 0xff, 0xff, 0xff, 0xff,
    0xfc, 0x1f, 0xf8, 0xf, 0xff, 0xff, 0xff, 0xff,
    0xff, 0x3, 0xff, 0x0, 0xff, 0xff, 0xfe, 0xff,
    0xff, 0xe0, 0x3f, 0xe0, 0xf, 0xff, 0xff, 0x8f,
    0xff, 0xf8, 0x7, 0xfe, 0x0, 0xff, 0xff, 0xe0,
    0xff, 0xfc, 0x0, 0xff, 0xc0, 0x7, 0xff, 0xf0,
    0xf, 0xff, 0x0, 0xf, 0xfc, 0x0, 0x1f, 0xf0,
    0x0, 0x7f, 0x80, 0x1, 0xff, 0xc0, 0x0, 0x0,
    0x0, 0x0, 0x0, 0x0, 0x1f, 0xfc, 0x0, 0x0,
    0x0, 0x0, 0x0, 0x0, 0x1, 0xff, 0xc0, 0x0,
    0x0, 0x0, 0x0, 0x0, 0x0, 0x3f, 0xfc, 0x0,
    0x0, 0x0, 0x0, 0x0, 0x0, 0x3, 0xff, 0xc0,
    0x0, 0x0, 0x0, 0x8, 0x0, 0x0, 0x3f, 0xfe,
    0x0, 0x0, 0x0, 0xf, 0x0, 0x0, 0x3, 0xff,
    0xf8, 0x0, 0x0, 0x1f, 0xe0, 0x0, 0x0, 0x7f,
    0xff, 0xf0, 0x0, 0x7f, 0xfc, 0x0, 0x0, 0x3,
    0xff, 0xff, 0xff, 0xff, 0xff, 0x80, 0x0, 0x0,
    0x3f, 0xff, 0xff, 0xff, 0xff, 0xf0, 0x0, 0x0,
    0x3, 0xff, 0xff, 0xff, 0xff, 0xfe, 0x0, 0x0,
    0x0, 0x1f, 0xff, 0xff, 0xff, 0xff, 0xc0, 0x0,
    0x0, 0x0, 0xff, 0xff, 0xff, 0xff, 0xf0, 0x0,
    0x0, 0x0, 0x7, 0xff, 0xff, 0xff, 0xf0, 0x0,
    0x0, 0x0, 0x0, 0x1f, 0xff, 0xff, 0xf0, 0x0,
    0x0, 0x0, 0x0, 0x0, 0x1f, 0xff, 0x80, 0x0,
    0x0, 0x0,

    /* U+0041 "A" */
    0x0, 0x0, 0x7, 0xff, 0xf8, 0x0, 0x0, 0x0,
    0x0, 0x1, 0xff, 0xfe, 0x0, 0x0, 0x0, 0x0,
    0x0, 0xff, 0xff, 0xc0, 0x0, 0x0, 0x0, 0x0,
    0x3f, 0xff, 0xf0, 0x0, 0x0, 0x0, 0x0, 0xf,
    0xff, 0xfc, 0x0, 0x0, 0x0, 0x0, 0x7, 0xff,
    0xff, 0x80, 0x0, 0x0, 0x0, 0x1, 0xff, 0xff,
    0xe0, 0x0, 0x0, 0x0, 0x0, 0x7f, 0xff, 0xf8,
    0x0, 0x0, 0x0, 0x0, 0x3f, 0xff, 0xff, 0x0,
    0x0, 0x0, 0x0, 0xf, 0xff, 0xff, 0xc0, 0x0,
    0x0, 0x0, 0x7, 0xff, 0xff, 0xf0, 0x0, 0x0,
    0x0, 0x1, 0xff, 0xff, 0xfe, 0x0, 0x0, 0x0,
    0x0, 0x7f, 0xf3, 0xff, 0x80, 0x0, 0x0, 0x0,
    0x3f, 0xfc, 0xff, 0xe0, 0x0, 0x0, 0x0, 0xf,
    0xff, 0x3f, 0xfc, 0x0, 0x0, 0x0, 0x3, 0xff,
    0x87, 0xff, 0x0, 0x0, 0x0, 0x1, 0xff, 0xe1,
    0xff, 0xe0, 0x0, 0x0, 0x0, 0x7f, 0xf8, 0x7f,
    0xf8, 0x0, 0x0, 0x0, 0x1f, 0xfe, 0xf, 0xfe,
    0x0, 0x0, 0x0, 0xf, 0xff, 0x3, 0xff, 0xc0,
    0x0, 0x0, 0x3, 0xff, 0xc0, 0xff, 0xf0, 0x0,
    0x0, 0x0, 0xff, 0xf0, 0x3f, 0xfc, 0x0, 0x0,
    0x0, 0x7f, 0xf8, 0x7, 0xff, 0x80, 0x0, 0x0,
    0x1f, 0xfe, 0x1, 0xff, 0xe0, 0x0, 0x0, 0x7,
    0xff, 0x80, 0x7f, 0xf8, 0x0, 0x0, 0x3, 0xff,
    0xc0, 0xf, 0xff, 0x0, 0x0, 0x0, 0xff, 0xf0,
    0x3, 0xff, 0xc0, 0x0, 0x0, 0x3f, 0xfc, 0x0,
    0xff, 0xf0, 0x0, 0x0, 0x1f, 0xff, 0x0, 0x1f,
    0xfe, 0x0, 0x0, 0x7, 0xff, 0x80, 0x7, 0xff,
    0x80, 0x0, 0x3, 0xff, 0xe0, 0x1, 0xff, 0xe0,
    0x0, 0x0, 0xff, 0xf8, 0x0, 0x7f, 0xfc, 0x0,
    0x0, 0x3f, 0xfc, 0x0, 0xf, 0xff, 0x0, 0x0,
    0x1f, 0xff, 0x0, 0x3, 0xff, 0xc0, 0x0, 0x7,
    0xff, 0xc0, 0x0, 0xff, 0xf8, 0x0, 0x1, 0xff,
    0xe0, 0x0, 0x1f, 0xfe, 0x0, 0x0, 0xff, 0xff,
    0xff, 0xff, 0xff, 0xc0, 0x0, 0x3f, 0xff, 0xff,
    0xff, 0xff, 0xf0, 0x0, 0xf, 0xff, 0xff, 0xff,
    0xff, 0xfc, 0x0, 0x7, 0xff, 0xff, 0xff, 0xff,
    0xff, 0x80, 0x1, 0xff, 0xff, 0xff, 0xff, 0xff,
    0xe0, 0x0, 0x7f, 0xff, 0xff, 0xff, 0xff, 0xf8,
    0x0, 0x3f, 0xff, 0xff, 0xff, 0xff, 0xff, 0x0,
    0xf, 0xff, 0xff, 0xff, 0xff, 0xff, 0xc0, 0x3,
    0xff, 0xff, 0xff, 0xff, 0xff, 0xf0, 0x1, 0xff,
    0xff, 0xff, 0xff, 0xff, 0xfe, 0x0, 0x7f, 0xfc,
    0x0, 0x0, 0xf, 0xff, 0x80, 0x1f, 0xff, 0x0,
    0x0, 0x3, 0xff, 0xe0, 0xf, 0xff, 0x80, 0x0,
    0x0, 0x7f, 0xfc, 0x3, 0xff, 0xe0, 0x0, 0x0,
    0x1f, 0xff, 0x1, 0xff, 0xf8, 0x0, 0x0, 0x7,
    0xff, 0xc0, 0x7f, 0xfc, 0x0, 0x0, 0x0, 0xff,
    0xf8, 0x1f, 0xff, 0x0, 0x0, 0x0, 0x3f, 0xfe,
    0xf, 0xff, 0xc0, 0x0, 0x0, 0xf, 0xff, 0xc3,
    0xff, 0xf0, 0x0, 0x0, 0x3, 0xff, 0xf0, 0xff,
    0xf8, 0x0, 0x0, 0x0, 0x7f, 0xfc, 0x7f, 0xfe,
    0x0, 0x0, 0x0, 0x1f, 0xff, 0x9f, 0xff, 0x80,
    0x0, 0x0, 0x7, 0xff, 0xe7, 0xff, 0xc0, 0x0,
    0x0, 0x0, 0xff, 0xfb, 0xff, 0xf0, 0x0, 0x0,
    0x0, 0x3f, 0xff, 0xff, 0xfc, 0x0, 0x0, 0x0,
    0xf, 0xff, 0xc0,

    /* U+0042 "B" */
    0xff, 0xff, 0xff, 0xe0, 0x0, 0xf, 0xff, 0xff,
    0xff, 0xf0, 0x0, 0xff, 0xff, 0xff, 0xff, 0xe0,
    0xf, 0xff, 0xff, 0xff, 0xff, 0x80, 0xff, 0xff,
    0xff, 0xff, 0xfe, 0xf, 0xff, 0xff, 0xff, 0xff,
    0xf0, 0xff, 0xff, 0xff, 0xff, 0xff, 0xf, 0xff,
    0xff, 0xff, 0xff, 0xf8, 0xff, 0xff, 0xff, 0xff,
    0xff, 0xcf, 0xff, 0xff, 0xff, 0xff, 0xfc, 0xff,
    0xf8, 0x0, 0x7f, 0xff, 0xcf, 0xff, 0x80, 0x1,
    0xff, 0xfe, 0xff, 0xf8, 0x0, 0x7, 0xff, 0xef,
    0xff, 0x80, 0x0, 0x7f, 0xfe, 0xff, 0xf8, 0x0,
    0x3, 0xff, 0xef, 0xff, 0x80, 0x0, 0x3f, 0xfe,
    0xff, 0xf8, 0x0, 0x3, 0xff, 0xef, 0xff, 0x80,
    0x0, 0x3f, 0xfe, 0xff, 0xf8, 0x0, 0x3, 0xff,
    0xef, 0xff, 0x80, 0x0, 0x3f, 0xfe, 0xff, 0xf8,
    0x0, 0x7, 0xff, 0xcf, 0xff, 0x80, 0x0, 0x7f,
    0xfc, 0xff, 0xf8, 0x0, 0x1f, 0xff, 0x8f, 0xff,
    0x80, 0x7, 0xff, 0xf8, 0xff, 0xff, 0xff, 0xff,
    0xff, 0xf, 0xff, 0xff, 0xff, 0xff, 0xe0, 0xff,
    0xff, 0xff, 0xff, 0xfc, 0xf, 0xff, 0xff, 0xff,
    0xff, 0x0, 0xff, 0xff, 0xff, 0xff, 0xc0, 0xf,
    0xff, 0xff, 0xff, 0xff, 0x0, 0xff, 0xff, 0xff,
    0xff, 0xfc, 0xf, 0xff, 0xff, 0xff, 0xff, 0xf0,
    0xff, 0xff, 0xff, 0xff, 0xff, 0x8f, 0xff, 0xff,
    0xff, 0xff, 0xfc, 0xff, 0xf8, 0x0, 0x7f, 0xff,
    0xcf, 0xff, 0x80, 0x0, 0xff, 0xfe, 0xff, 0xf8,
    0x0, 0x7, 0xff, 0xef, 0xff, 0x80, 0x0, 0x3f,
    0xfe, 0xff, 0xf8, 0x0, 0x3, 0xff, 0xff, 0xff,
    0x80, 0x0, 0x1f, 0xff, 0xff, 0xf8, 0x0, 0x1,
    0xff, 0xff, 0xff, 0x80, 0x0, 0x1f, 0xff, 0xff,
    0xf8, 0x0, 0x1, 0xff, 0xff, 0xff, 0x80, 0x0,
    0x1f, 0xff, 0xff, 0xf8, 0x0, 0x1, 0xff, 0xff,
    0xff, 0x80, 0x0, 0x3f, 0xff, 0xff, 0xf8, 0x0,
    0x3, 0xff, 0xff, 0xff, 0x80, 0x0, 0x7f, 0xfe,
    0xff, 0xf8, 0x0, 0xf, 0xff, 0xef, 0xff, 0x80,
    0x7, 0xff, 0xfe, 0xff, 0xff, 0xff, 0xff, 0xff,
    0xcf, 0xff, 0xff, 0xff, 0xff, 0xfc, 0xff, 0xff,
    0xff, 0xff, 0xff, 0x8f, 0xff, 0xff, 0xff, 0xff,
    0xf0, 0xff, 0xff, 0xff, 0xff, 0xfe, 0xf, 0xff,
    0xff, 0xff, 0xff, 0xc0, 0xff, 0xff, 0xff, 0xff,
    0xf8, 0xf, 0xff, 0xff, 0xff, 0xfe, 0x0, 0xff,
    0xff, 0xff, 0xff, 0x0, 0xf, 0xff, 0xff, 0xff,
    0x0, 0x0,

    /* U+0043 "C" */
    0x0, 0x0, 0x3, 0xff, 0xc0, 0x0, 0x0, 0x0,
    0xff, 0xff, 0xf8, 0x0, 0x0, 0xf, 0xff, 0xff,
    0xfc, 0x0, 0x0, 0xff, 0xff, 0xff, 0xfe, 0x0,
    0xf, 0xff, 0xff, 0xff, 0xfc, 0x0, 0x7f, 0xff,
    0xff, 0xff, 0xe0, 0x7, 0xff, 0xff, 0xff, 0xff,
    0x80, 0x3f, 0xff, 0xff, 0xff, 0xfc, 0x1, 0xff,
    0xff, 0xff, 0xff, 0xf0, 0x7, 0xff, 0xff, 0xff,
    0xff, 0xc0, 0x3f, 0xff, 0xf0, 0xf, 0xfe, 0x1,
    0xff, 0xff, 0x0, 0x7, 0xf8, 0x7, 0xff, 0xf0,
    0x0, 0x3, 0xc0, 0x3f, 0xff, 0x80, 0x0, 0x3,
    0x1, 0xff, 0xfc, 0x0, 0x0, 0x0, 0x7, 0xff,
    0xe0, 0x0, 0x0, 0x0, 0x1f, 0xff, 0x0, 0x0,
    0x0, 0x0, 0xff, 0xfc, 0x0, 0x0, 0x0, 0x3,
    0xff, 0xe0, 0x0, 0x0, 0x0, 0xf, 0xff, 0x80,
    0x0, 0x0, 0x0, 0x7f, 0xfe, 0x0, 0x0, 0x0,
    0x1, 0xff, 0xf0, 0x0, 0x0, 0x0, 0x7, 0xff,
    0xc0, 0x0, 0x0, 0x0, 0x1f, 0xff, 0x0, 0x0,
    0x0, 0x0, 0xff, 0xfc, 0x0, 0x0, 0x0, 0x3,
    0xff, 0xe0, 0x0, 0x0, 0x0, 0xf, 0xff, 0x80,
    0x0, 0x0, 0x0, 0x3f, 0xfe, 0x0, 0x0, 0x0,
    0x0, 0xff, 0xf8, 0x0, 0x0, 0x0, 0x3, 0xff,
    0xe0, 0x0, 0x0, 0x0, 0xf, 0xff, 0x80, 0x0,
    0x0, 0x0, 0x3f, 0xfe, 0x0, 0x0, 0x0, 0x0,
    0xff, 0xf8, 0x0, 0x0, 0x0, 0x3, 0xff, 0xe0,
    0x0, 0x0, 0x0, 0xf, 0xff, 0x80, 0x0, 0x0,
    0x0, 0x3f, 0xfe, 0x0, 0x0, 0x0, 0x0, 0xff,
    0xf8, 0x0, 0x0, 0x0, 0x3, 0xff, 0xe0, 0x0,
    0x0, 0x0, 0xf, 0xff, 0xc0, 0x0, 0x0, 0x0,
    0x1f, 0xff, 0x0, 0x0, 0x0, 0x0, 0x7f, 0xfc,
    0x0, 0x0, 0x0, 0x1, 0xff, 0xf0, 0x0, 0x0,
    0x0, 0x7, 0xff, 0xe0, 0x0, 0x0, 0x0, 0xf,
    0xff, 0x80, 0x0, 0x0, 0x0, 0x3f, 0xfe, 0x0,
    0x0, 0x0, 0x0, 0xff, 0xfc, 0x0, 0x0, 0x0,
    0x1, 0xff, 0xf8, 0x0, 0x0, 0x0, 0x7, 0xff,
    0xe0, 0x0, 0x0, 0x0, 0x1f, 0xff, 0xc0, 0x0,
    0x0, 0x0, 0x3f, 0xff, 0x80, 0x0, 0x1, 0xc0,
    0xff, 0xff, 0x80, 0x0, 0x3f, 0x1, 0xff, 0xff,
    0xc0, 0xf, 0xfc, 0x3, 0xff, 0xff, 0xff, 0xff,
    0xf0, 0x7, 0xff, 0xff, 0xff, 0xff, 0xc0, 0x1f,
    0xff, 0xff, 0xff, 0xff, 0x0, 0x3f, 0xff, 0xff,
    0xff, 0xfc, 0x0, 0x7f, 0xff, 0xff, 0xff, 0xf0,
    0x0, 0x7f, 0xff, 0xff, 0xff, 0xc0, 0x0, 0xff,
    0xff, 0xff, 0xff, 0x0, 0x0, 0xff, 0xff, 0xff,
    0xf0, 0x0, 0x0, 0x7f, 0xff, 0xfe, 0x0, 0x0,
    0x0, 0x1f, 0xff, 0x0, 0x0,

    /* U+0044 "D" */
    0xff, 0xff, 0xff, 0xc0, 0x0, 0x0, 0x3f, 0xff,
    0xff, 0xff, 0x80, 0x0, 0xf, 0xff, 0xff, 0xff,
    0xf8, 0x0, 0x3, 0xff, 0xff, 0xff, 0xff, 0xc0,
    0x0, 0xff, 0xff, 0xff, 0xff, 0xfc, 0x0, 0x3f,
    0xff, 0xff, 0xff, 0xff, 0x80, 0xf, 0xff, 0xff,
    0xff, 0xff, 0xf0, 0x3, 0xff, 0xff, 0xff, 0xff,
    0xff, 0x0, 0xff, 0xff, 0xff, 0xff, 0xff, 0xe0,
    0x3f, 0xff, 0xff, 0xff, 0xff, 0xf8, 0xf, 0xff,
    0x80, 0x7, 0xff, 0xff, 0x3, 0xff, 0xe0, 0x0,
    0x3f, 0xff, 0xe0, 0xff, 0xf8, 0x0, 0x3, 0xff,
    0xfc, 0x3f, 0xfe, 0x0, 0x0, 0x7f, 0xff, 0xf,
    0xff, 0x80, 0x0, 0xf, 0xff, 0xe3, 0xff, 0xe0,
    0x0, 0x1, 0xff, 0xf8, 0xff, 0xf8, 0x0, 0x0,
    0x3f, 0xff, 0x3f, 0xfe, 0x0, 0x0, 0xf, 0xff,
    0xcf, 0xff, 0x80, 0x0, 0x1, 0xff, 0xf3, 0xff,
    0xe0, 0x0, 0x0, 0x7f, 0xfe, 0xff, 0xf8, 0x0,
    0x0, 0xf, 0xff, 0xbf, 0xfe, 0x0, 0x0, 0x3,
    0xff, 0xef, 0xff, 0x80, 0x0, 0x0, 0xff, 0xfb,
    0xff, 0xe0, 0x0, 0x0, 0x3f, 0xff, 0xff, 0xf8,
    0x0, 0x0, 0x7, 0xff, 0xff, 0xfe, 0x0, 0x0,
    0x1, 0xff, 0xff, 0xff, 0x80, 0x0, 0x0, 0x7f,
    0xff, 0xff, 0xe0, 0x0, 0x0, 0x1f, 0xff, 0xff,
    0xf8, 0x0, 0x0, 0x7, 0xff, 0xff, 0xfe, 0x0,
    0x0, 0x1, 0xff, 0xff, 0xff, 0x80, 0x0, 0x0,
    0x7f, 0xff, 0xff, 0xe0, 0x0, 0x0, 0x1f, 0xff,
    0xff, 0xf8, 0x0, 0x0, 0x7, 0xff, 0xff, 0xfe,
    0x0, 0x0, 0x1, 0xff, 0xff, 0xff, 0x80, 0x0,
    0x0, 0x7f, 0xff, 0xff, 0xe0, 0x0, 0x0, 0x1f,
    0xff, 0xff, 0xf8, 0x0, 0x0, 0xf, 0xff, 0xbf,
    0xfe, 0x0, 0x0, 0x3, 0xff, 0xef, 0xff, 0x80,
    0x0, 0x0, 0xff, 0xfb, 0xff, 0xe0, 0x0, 0x0,
    0x3f, 0xfe, 0xff, 0xf8, 0x0, 0x0, 0x1f, 0xff,
    0xbf, 0xfe, 0x0, 0x0, 0x7, 0xff, 0xcf, 0xff,
    0x80, 0x0, 0x3, 0xff, 0xf3, 0xff, 0xe0, 0x0,
    0x0, 0xff, 0xf8, 0xff, 0xf8, 0x0, 0x0, 0x7f,
    0xfe, 0x3f, 0xfe, 0x0, 0x0, 0x3f, 0xff, 0x8f,
    0xff, 0x80, 0x0, 0x1f, 0xff, 0xc3, 0xff, 0xe0,
    0x0, 0x1f, 0xff, 0xe0, 0xff, 0xf8, 0x0, 0x1f,
    0xff, 0xf8, 0x3f, 0xfe, 0x0, 0x3f, 0xff, 0xfc,
    0xf, 0xff, 0xff, 0xff, 0xff, 0xfe, 0x3, 0xff,
    0xff, 0xff, 0xff, 0xff, 0x0, 0xff, 0xff, 0xff,
    0xff, 0xff, 0x80, 0x3f, 0xff, 0xff, 0xff, 0xff,
    0xc0, 0xf, 0xff, 0xff, 0xff, 0xff, 0xe0, 0x3,
    0xff, 0xff, 0xff, 0xff, 0xe0, 0x0, 0xff, 0xff,
    0xff, 0xff, 0xe0, 0x0, 0x3f, 0xff, 0xff, 0xff,
    0xe0, 0x0, 0xf, 0xff, 0xff, 0xff, 0x80, 0x0,
    0x3, 0xff, 0xff, 0xfc, 0x0, 0x0, 0x0,

    /* U+0045 "E" */
    0xff, 0xff, 0xff, 0xff, 0xff, 0xff, 0xff, 0xff,
    0xff, 0xff, 0xff, 0xff, 0xff, 0xff, 0xff, 0xff,
    0xff, 0xff, 0xff, 0xff, 0xff, 0xff, 0xff, 0xff,
    0xff, 0xff, 0xff, 0xff, 0xff, 0xff, 0xff, 0xff,
    0xff, 0xff, 0xff, 0xff, 0xff, 0xff, 0xff, 0xff,
    0xff, 0xff, 0xff, 0xff, 0xff, 0xe0, 0x0, 0x0,
    0x7f, 0xfc, 0x0, 0x0, 0xf, 0xff, 0x80, 0x0,
    0x1, 0xff, 0xf0, 0x0, 0x0, 0x3f, 0xfe, 0x0,
    0x0, 0x7, 0xff, 0xc0, 0x0, 0x0, 0xff, 0xf8,
    0x0, 0x0, 0x1f, 0xff, 0x0, 0x0, 0x3, 0xff,
    0xe0, 0x0, 0x0, 0x7f, 0xfc, 0x0, 0x0, 0xf,
    0xff, 0x80, 0x0, 0x1, 0xff, 0xf0, 0x0, 0x0,
    0x3f, 0xfe, 0x0, 0x0, 0x7, 0xff, 0xc0, 0x0,
    0x0, 0xff, 0xff, 0xff, 0xff, 0x9f, 0xff, 0xff,
    0xff, 0xf3, 0xff, 0xff, 0xff, 0xfe, 0x7f, 0xff,
    0xff, 0xff, 0xcf, 0xff, 0xff, 0xff, 0xf9, 0xff,
    0xff, 0xff, 0xff, 0x3f, 0xff, 0xff, 0xff, 0xe7,
    0xff, 0xff, 0xff, 0xfc, 0xff, 0xff, 0xff, 0xff,
    0x9f, 0xff, 0xff, 0xff, 0xf3, 0xff, 0xe0, 0x0,
    0x0, 0x7f, 0xfc, 0x0, 0x0, 0xf, 0xff, 0x80,
    0x0, 0x1, 0xff, 0xf0, 0x0, 0x0, 0x3f, 0xfe,
    0x0, 0x0, 0x7, 0xff, 0xc0, 0x0, 0x0, 0xff,
    0xf8, 0x0, 0x0, 0x1f, 0xff, 0x0, 0x0, 0x3,
    0xff, 0xe0, 0x0, 0x0, 0x7f, 0xfc, 0x0, 0x0,
    0xf, 0xff, 0x80, 0x0, 0x1, 0xff, 0xf0, 0x0,
    0x0, 0x3f, 0xfe, 0x0, 0x0, 0x7, 0xff, 0xc0,
    0x0, 0x0, 0xff, 0xf8, 0x0, 0x0, 0x1f, 0xff,
    0x0, 0x0, 0x3, 0xff, 0xff, 0xff, 0xff, 0xff,
    0xff, 0xff, 0xff, 0xff, 0xff, 0xff, 0xff, 0xff,
    0xff, 0xff, 0xff, 0xff, 0xff, 0xff, 0xff, 0xff,
    0xff, 0xff, 0xff, 0xff, 0xff, 0xff, 0xff, 0xff,
    0xff, 0xff, 0xff, 0xff, 0xff, 0xff, 0xff, 0xff,
    0xff, 0xff, 0xff, 0xff, 0xff, 0xff, 0xf0,

    /* U+0046 "F" */
    0xff, 0xff, 0xff, 0xff, 0xff, 0xff, 0xff, 0xff,
    0xff, 0xff, 0xff, 0xff, 0xff, 0xff, 0xff, 0xff,
    0xff, 0xff, 0xff, 0xff, 0xff, 0xff, 0xff, 0xff,
    0xff, 0xff, 0xff, 0xff, 0xff, 0xff, 0xff, 0xff,
    0xff, 0xff, 0xff, 0xff, 0xff, 0xff, 0xff, 0xff,
    0xff, 0xff, 0xff, 0xff, 0xff, 0xe0, 0x0, 0x0,
    0x7f, 0xfc, 0x0, 0x0, 0xf, 0xff, 0x80, 0x0,
    0x1, 0xff, 0xf0, 0x0, 0x0, 0x3f, 0xfe, 0x0,
    0x0, 0x7, 0xff, 0xc0, 0x0, 0x0, 0xff, 0xf8,
    0x0, 0x0, 0x1f, 0xff, 0x0, 0x0, 0x3, 0xff,
    0xe0, 0x0, 0x0, 0x7f, 0xfc, 0x0, 0x0, 0xf,
    0xff, 0x80, 0x0, 0x1, 0xff, 0xf0, 0x0, 0x0,
    0x3f, 0xfe, 0x0, 0x0, 0x7, 0xff, 0xc0, 0x0,
    0x0, 0xff, 0xf8, 0x0, 0x0, 0x1f, 0xff, 0x0,
    0x0, 0x3, 0xff, 0xff, 0xff, 0xfe, 0x7f, 0xff,
    0xff, 0xff, 0xcf, 0xff, 0xff, 0xff, 0xf9, 0xff,
    0xff, 0xff, 0xff, 0x3f, 0xff, 0xff, 0xff, 0xe7,
    0xff, 0xff, 0xff, 0xfc, 0xff, 0xff, 0xff, 0xff,
    0x9f, 0xff, 0xff, 0xff, 0xf3, 0xff, 0xff, 0xff,
    0xfe, 0x7f, 0xff, 0xff, 0xff, 0xcf, 0xff, 0x80,
    0x0, 0x1, 0xff, 0xf0, 0x0, 0x0, 0x3f, 0xfe,
    0x0, 0x0, 0x7, 0xff, 0xc0, 0x0, 0x0, 0xff,
    0xf8, 0x0, 0x0, 0x1f, 0xff, 0x0, 0x0, 0x3,
    0xff, 0xe0, 0x0, 0x0, 0x7f, 0xfc, 0x0, 0x0,
    0xf, 0xff, 0x80, 0x0, 0x1, 0xff, 0xf0, 0x0,
    0x0, 0x3f, 0xfe, 0x0, 0x0, 0x7, 0xff, 0xc0,
    0x0, 0x0, 0xff, 0xf8, 0x0, 0x0, 0x1f, 0xff,
    0x0, 0x0, 0x3, 0xff, 0xe0, 0x0, 0x0, 0x7f,
    0xfc, 0x0, 0x0, 0xf, 0xff, 0x80, 0x0, 0x1,
    0xff, 0xf0, 0x0, 0x0, 0x3f, 0xfe, 0x0, 0x0,
    0x7, 0xff, 0xc0, 0x0, 0x0, 0xff, 0xf8, 0x0,
    0x0, 0x1f, 0xff, 0x0, 0x0, 0x3, 0xff, 0xe0,
    0x0, 0x0, 0x7f, 0xfc, 0x0, 0x0, 0x0,

    /* U+0047 "G" */
    0x0, 0x0, 0x0, 0xff, 0xfc, 0x0, 0x0, 0x0,
    0x7, 0xff, 0xff, 0xf0, 0x0, 0x0, 0x1f, 0xff,
    0xff, 0xff, 0x0, 0x0, 0x3f, 0xff, 0xff, 0xff,
    0xf0, 0x0, 0x7f, 0xff, 0xff, 0xff, 0xf0, 0x0,
    0xff, 0xff, 0xff, 0xff, 0xf8, 0x0, 0xff, 0xff,
    0xff, 0xff, 0xfc, 0x0, 0xff, 0xff, 0xff, 0xff,
    0xfc, 0x0, 0xff, 0xff, 0xff, 0xff, 0xfe, 0x0,
    0xff, 0xff, 0xff, 0xff, 0xfe, 0x0, 0xff, 0xff,
    0xf8, 0x3, 0xff, 0x0, 0xff, 0xff, 0xe0, 0x0,
    0x1f, 0x0, 0x7f, 0xff, 0xc0, 0x0, 0x3, 0x80,
    0x7f, 0xff, 0x80, 0x0, 0x0, 0x40, 0x3f, 0xff,
    0x80, 0x0, 0x0, 0x0, 0x3f, 0xff, 0x80, 0x0,
    0x0, 0x0, 0x1f, 0xff, 0x80, 0x0, 0x0, 0x0,
    0x1f, 0xff, 0xc0, 0x0, 0x0, 0x0, 0xf, 0xff,
    0xc0, 0x0, 0x0, 0x0, 0x7, 0xff, 0xc0, 0x0,
    0x0, 0x0, 0x7, 0xff, 0xe0, 0x0, 0x0, 0x0,
    0x3, 0xff, 0xf0, 0x0, 0x0, 0x0, 0x1, 0xff,
    0xf0, 0x0, 0x0, 0x0, 0x0, 0xff, 0xf8, 0x0,
    0x0, 0x0, 0x0, 0xff, 0xfc, 0x0, 0x0, 0x0,
    0x0, 0x7f, 0xfc, 0x0, 0x0, 0x0, 0x0, 0x3f,
    0xfe, 0x0, 0x0, 0x0, 0x0, 0x1f, 0xff, 0x0,
    0x0, 0x0, 0x0, 0xf, 0xff, 0x80, 0x7, 0xff,
    0xff, 0xff, 0xff, 0xc0, 0x3, 0xff, 0xff, 0xff,
    0xff, 0xe0, 0x1, 0xff, 0xff, 0xff, 0xff, 0xf0,
    0x0, 0xff, 0xff, 0xff, 0xff, 0xf8, 0x0, 0x7f,
    0xff, 0xff, 0xff, 0xfc, 0x0, 0x3f, 0xff, 0xff,
    0xff, 0xfe, 0x0, 0x1f, 0xff, 0xff, 0xff, 0xff,
    0x0, 0xf, 0xff, 0xff, 0xff, 0xff, 0x80, 0x7,
    0xff, 0xff, 0xff, 0xff, 0xc0, 0x3, 0xff, 0xff,
    0xff, 0xff, 0xf0, 0x0, 0x0, 0x3f, 0xfe, 0xff,
    0xf8, 0x0, 0x0, 0x1f, 0xff, 0x7f, 0xfc, 0x0,
    0x0, 0xf, 0xff, 0xbf, 0xfe, 0x0, 0x0, 0x7,
    0xff, 0xdf, 0xff, 0x80, 0x0, 0x3, 0xff, 0xe7,
    0xff, 0xc0, 0x0, 0x1, 0xff, 0xf3, 0xff, 0xf0,
    0x0, 0x0, 0xff, 0xf9, 0xff, 0xf8, 0x0, 0x0,
    0x7f, 0xfc, 0x7f, 0xfe, 0x0, 0x0, 0x3f, 0xfe,
    0x3f, 0xff, 0x80, 0x0, 0x1f, 0xff, 0x1f, 0xff,
    0xe0, 0x0, 0xf, 0xff, 0x87, 0xff, 0xf8, 0x0,
    0x7, 0xff, 0xc1, 0xff, 0xfe, 0x0, 0x3, 0xff,
    0xe0, 0xff, 0xff, 0xe0, 0x7, 0xff, 0xf0, 0x3f,
    0xff, 0xff, 0xff, 0xff, 0xf8, 0xf, 0xff, 0xff,
    0xff, 0xff, 0xfc, 0x3, 0xff, 0xff, 0xff, 0xff,
    0xfe, 0x0, 0xff, 0xff, 0xff, 0xff, 0xff, 0x0,
    0x3f, 0xff, 0xff, 0xff, 0xff, 0x80, 0xf, 0xff,
    0xff, 0xff, 0xff, 0xc0, 0x1, 0xff, 0xff, 0xff,
    0xff, 0xe0, 0x0, 0x3f, 0xff, 0xff, 0xff, 0xc0,
    0x0, 0x7, 0xff, 0xff, 0xfe, 0x0, 0x0, 0x0,
    0x3f, 0xff, 0xc0, 0x0,

    /* U+0048 "H" */
    0xff, 0xf8, 0x0, 0x0, 0xf, 0xff, 0xff, 0xfc,
    0x0, 0x0, 0x7, 0xff, 0xff, 0xfe, 0x0, 0x0,
    0x3, 0xff, 0xff, 0xff, 0x0, 0x0, 0x1, 0xff,
    0xff, 0xff, 0x80, 0x0, 0x0, 0xff, 0xff, 0xff,
    0xc0, 0x0, 0x0, 0x7f, 0xff, 0xff, 0xe0, 0x0,
    0x0, 0x3f, 0xff, 0xff, 0xf0, 0x0, 0x0, 0x1f,
    0xff, 0xff, 0xf8, 0x0, 0x0, 0xf, 0xff, 0xff,
    0xfc, 0x0, 0x0, 0x7, 0xff, 0xff, 0xfe, 0x0,
    0x0, 0x3, 0xff, 0xff, 0xff, 0x0, 0x0, 0x1,
    0xff, 0xff, 0xff, 0x80, 0x0, 0x0, 0xff, 0xff,
    0xff, 0xc0, 0x0, 0x0, 0x7f, 0xff, 0xff, 0xe0,
    0x0, 0x0, 0x3f, 0xff, 0xff, 0xf0, 0x0, 0x0,
    0x1f, 0xff, 0xff, 0xf8, 0x0, 0x0, 0xf, 0xff,
    0xff, 0xfc, 0x0, 0x0, 0x7, 0xff, 0xff, 0xfe,
    0x0, 0x0, 0x3, 0xff, 0xff, 0xff, 0x0, 0x0,
    0x1, 0xff, 0xff, 0xff, 0x80, 0x0, 0x0, 0xff,
    0xff, 0xff, 0xc0, 0x0, 0x0, 0x7f, 0xff, 0xff,
    0xe0, 0x0, 0x0, 0x3f, 0xff, 0xff, 0xf0, 0x0,
    0x0, 0x1f, 0xff, 0xff, 0xff, 0xff, 0xff, 0xff,
    0xff, 0xff, 0xff, 0xff, 0xff, 0xff, 0xff, 0xff,
    0xff, 0xff, 0xff, 0xff, 0xff, 0xff, 0xff, 0xff,
    0xff, 0xff, 0xff, 0xff, 0xff, 0xff, 0xff, 0xff,
    0xff, 0xff, 0xff, 0xff, 0xff, 0xff, 0xff, 0xff,
    0xff, 0xff, 0xff, 0xff, 0xff, 0xff, 0xff, 0xff,
    0xff, 0xff, 0xff, 0xff, 0xff, 0xff, 0xff, 0xff,
    0xff, 0xff, 0xff, 0xff, 0xff, 0xff, 0xff, 0xff,
    0xff, 0xfe, 0x0, 0x0, 0x3, 0xff, 0xff, 0xff,
    0x0, 0x0, 0x1, 0xff, 0xff, 0xff, 0x80, 0x0,
    0x0, 0xff, 0xff, 0xff, 0xc0, 0x0, 0x0, 0x7f,
    0xff, 0xff, 0xe0, 0x0, 0x0, 0x3f, 0xff, 0xff,
    0xf0, 0x0, 0x0, 0x1f, 0xff, 0xff, 0xf8, 0x0,
    0x0, 0xf, 0xff, 0xff, 0xfc, 0x0, 0x0, 0x7,
    0xff, 0xff, 0xfe, 0x0, 0x0, 0x3, 0xff, 0xff,
    0xff, 0x0, 0x0, 0x1, 0xff, 0xff, 0xff, 0x80,
    0x0, 0x0, 0xff, 0xff, 0xff, 0xc0, 0x0, 0x0,
    0x7f, 0xff, 0xff, 0xe0, 0x0, 0x0, 0x3f, 0xff,
    0xff, 0xf0, 0x0, 0x0, 0x1f, 0xff, 0xff, 0xf8,
    0x0, 0x0, 0xf, 0xff, 0xff, 0xfc, 0x0, 0x0,
    0x7, 0xff, 0xff, 0xfe, 0x0, 0x0, 0x3, 0xff,
    0xff, 0xff, 0x0, 0x0, 0x1, 0xff, 0xff, 0xff,
    0x80, 0x0, 0x0, 0xff, 0xff, 0xff, 0xc0, 0x0,
    0x0, 0x7f, 0xff, 0xff, 0xe0, 0x0, 0x0, 0x3f,
    0xff, 0xff, 0xf0, 0x0, 0x0, 0x1f, 0xff, 0xff,
    0xf8, 0x0, 0x0, 0xf, 0xff, 0xff, 0xfc, 0x0,
    0x0, 0x7, 0xff, 0xff, 0xfe, 0x0, 0x0, 0x3,
    0xff, 0xff, 0xff, 0x0, 0x0, 0x1, 0xff, 0xf0,

    /* U+0049 "I" */
    0xff, 0xff, 0xff, 0xff, 0xff, 0xff, 0xff, 0xff,
    0xff, 0xff, 0xff, 0xff, 0xff, 0xff, 0xff, 0xff,
    0xff, 0xff, 0xff, 0xff, 0xff, 0xff, 0xff, 0xff,
    0xff, 0xff, 0xff, 0xff, 0xff, 0xff, 0xff, 0xff,
    0xff, 0xff, 0xff, 0xff, 0xff, 0xff, 0xff, 0xff,
    0xff, 0xff, 0xff, 0xff, 0xff, 0xff, 0xff, 0xff,
    0xff, 0xff, 0xff, 0xff, 0xff, 0xff, 0xff, 0xff,
    0xff, 0xff, 0xff, 0xff, 0xff, 0xff, 0xff, 0xff,
    0xff, 0xff, 0xff, 0xff, 0xff, 0xff, 0xff, 0xff,
    0xff, 0xff, 0xff, 0xff, 0xff, 0xff, 0xff, 0xff,
    0xff, 0xff, 0xff, 0xff, 0xff, 0xff, 0xff, 0xff,
    0xff, 0xff, 0xff, 0xff, 0xff, 0xff, 0xff, 0xff,
    0xff, 0xf0,

    /* U+004A "J" */
    0x0, 0x3, 0xff, 0xe0, 0x0, 0x7f, 0xfc, 0x0,
    0xf, 0xff, 0x80, 0x1, 0xff, 0xf0, 0x0, 0x3f,
    0xfe, 0x0, 0x7, 0xff, 0xc0, 0x0, 0xff, 0xf8,
    0x0, 0x1f, 0xff, 0x0, 0x3, 0xff, 0xe0, 0x0,
    0x7f, 0xfc, 0x0, 0xf, 0xff, 0x80, 0x1, 0xff,
    0xf0, 0x0, 0x3f, 0xfe, 0x0, 0x7, 0xff, 0xc0,
    0x0, 0xff, 0xf8, 0x0, 0x1f, 0xff, 0x0, 0x3,
    0xff, 0xe0, 0x0, 0x7f, 0xfc, 0x0, 0xf, 0xff,
    0x80, 0x1, 0xff, 0xf0, 0x0, 0x3f, 0xfe, 0x0,
    0x7, 0xff, 0xc0, 0x0, 0xff, 0xf8, 0x0, 0x1f,
    0xff, 0x0, 0x3, 0xff, 0xe0, 0x0, 0x7f, 0xfc,
    0x0, 0xf, 0xff, 0x80, 0x1, 0xff, 0xf0, 0x0,
    0x3f, 0xfe, 0x0, 0x7, 0xff, 0xc0, 0x0, 0xff,
    0xf8, 0x0, 0x1f, 0xff, 0x0, 0x3, 0xff, 0xe0,
    0x0, 0x7f, 0xfc, 0x0, 0xf, 0xff, 0x80, 0x1,
    0xff, 0xf0, 0x0, 0x3f, 0xfe, 0x0, 0x7, 0xff,
    0xc0, 0x0, 0xff, 0xf8, 0x0, 0x1f, 0xff, 0x0,
    0x3, 0xff, 0xe0, 0x0, 0x7f, 0xfc, 0x0, 0xf,
    0xff, 0x80, 0x1, 0xff, 0xf0, 0x0, 0x3f, 0xfe,
    0x0, 0x7, 0xff, 0xc0, 0x0, 0xff, 0xf8, 0x0,
    0x1f, 0xff, 0x0, 0x3, 0xff, 0xe0, 0x0, 0x7f,
    0xfc, 0x0, 0xf, 0xff, 0x80, 0x1, 0xff, 0xf0,
    0x0, 0x3f, 0xfe, 0x0, 0x7, 0xff, 0xc0, 0x0,
    0xff, 0xf8, 0x0, 0x1f, 0xff, 0x0, 0x3, 0xff,
    0xe0, 0x0, 0x7f, 0xfc, 0x0, 0xf, 0xff, 0x80,
    0x1, 0xff, 0xf0, 0x0, 0x3f, 0xfe, 0x0, 0x7,
    0xff, 0xc0, 0x1, 0xff, 0xf8, 0x0, 0x3f, 0xfe,
    0x0, 0x7, 0xff, 0xc0, 0x1, 0xff, 0xf8, 0x0,
    0x7f, 0xff, 0x60, 0x3f, 0xff, 0xcf, 0xff, 0xff,
    0xf9, 0xff, 0xff, 0xfe, 0x3f, 0xff, 0xff, 0xc7,
    0xff, 0xff, 0xf0, 0xff, 0xff, 0xfc, 0x1f, 0xff,
    0xff, 0x3, 0xff, 0xff, 0xc0, 0x7f, 0xff, 0xe0,
    0xf, 0xff, 0xf0, 0x0, 0xff, 0xf0, 0x0, 0x0,

    /* U+004B "K" */
    0xff, 0xf8, 0x0, 0x0, 0x3f, 0xff, 0x7f, 0xfc,
    0x0, 0x0, 0x3f, 0xff, 0x3f, 0xfe, 0x0, 0x0,
    0x3f, 0xff, 0x1f, 0xff, 0x0, 0x0, 0x3f, 0xff,
    0x8f, 0xff, 0x80, 0x0, 0x1f, 0xff, 0x87, 0xff,
    0xc0, 0x0, 0x1f, 0xff, 0x83, 0xff, 0xe0, 0x0,
    0x1f, 0xff, 0x81, 0xff, 0xf0, 0x0, 0x1f, 0xff,
    0x80, 0xff, 0xf8, 0x0, 0x1f, 0xff, 0xc0, 0x7f,
    0xfc, 0x0, 0xf, 0xff, 0xc0, 0x3f, 0xfe, 0x0,
    0xf, 0xff, 0xc0, 0x1f, 0xff, 0x0, 0xf, 0xff,
    0xc0, 0xf, 0xff, 0x80, 0xf, 0xff, 0xe0, 0x7,
    0xff, 0xc0, 0xf, 0xff, 0xe0, 0x3, 0xff, 0xe0,
    0x7, 0xff, 0xe0, 0x1, 0xff, 0xf0, 0x7, 0xff,
    0xe0, 0x0, 0xff, 0xf8, 0x7, 0xff, 0xe0, 0x0,
    0x7f, 0xfc, 0x7, 0xff, 0xf0, 0x0, 0x3f, 0xfe,
    0x7, 0xff, 0xf0, 0x0, 0x1f, 0xff, 0x3, 0xff,
    0xf0, 0x0, 0xf, 0xff, 0x83, 0xff, 0xf0, 0x0,
    0x7, 0xff, 0xc3, 0xff, 0xf0, 0x0, 0x3, 0xff,
    0xe3, 0xff, 0xf8, 0x0, 0x1, 0xff, 0xf1, 0xff,
    0xf8, 0x0, 0x0, 0xff, 0xf9, 0xff, 0xf8, 0x0,
    0x0, 0x7f, 0xfd, 0xff, 0xf8, 0x0, 0x0, 0x3f,
    0xfe, 0xff, 0xf8, 0x0, 0x0, 0x1f, 0xff, 0xff,
    0xfe, 0x0, 0x0, 0xf, 0xff, 0xff, 0xff, 0x80,
    0x0, 0x7, 0xff, 0xff, 0xff, 0xc0, 0x0, 0x3,
    0xff, 0xff, 0xff, 0xf0, 0x0, 0x1, 0xff, 0xff,
    0xff, 0xfc, 0x0, 0x0, 0xff, 0xff, 0xff, 0xfe,
    0x0, 0x0, 0x7f, 0xff, 0xff, 0xff, 0x80, 0x0,
    0x3f, 0xff, 0xff, 0xff, 0xc0, 0x0, 0x1f, 0xff,
    0xf3, 0xff, 0xf0, 0x0, 0xf, 0xff, 0xf1, 0xff,
    0xfc, 0x0, 0x7, 0xff, 0xf0, 0x7f, 0xfe, 0x0,
    0x3, 0xff, 0xe0, 0x1f, 0xff, 0x80, 0x1, 0xff,
    0xf0, 0xf, 0xff, 0xe0, 0x0, 0xff, 0xf8, 0x3,
    0xff, 0xf0, 0x0, 0x7f, 0xfc, 0x0, 0xff, 0xfc,
    0x0, 0x3f, 0xfe, 0x0, 0x7f, 0xff, 0x0, 0x1f,
    0xff, 0x0, 0x1f, 0xff, 0x80, 0xf, 0xff, 0x80,
    0xf, 0xff, 0xe0, 0x7, 0xff, 0xc0, 0x3, 0xff,
    0xf0, 0x3, 0xff, 0xe0, 0x0, 0xff, 0xfc, 0x1,
    0xff, 0xf0, 0x0, 0x7f, 0xff, 0x0, 0xff, 0xf8,
    0x0, 0x1f, 0xff, 0x80, 0x7f, 0xfc, 0x0, 0x7,
    0xff, 0xe0, 0x3f, 0xfe, 0x0, 0x3, 0xff, 0xf8,
    0x1f, 0xff, 0x0, 0x0, 0xff, 0xfc, 0xf, 0xff,
    0x80, 0x0, 0x7f, 0xff, 0x7, 0xff, 0xc0, 0x0,
    0x1f, 0xff, 0x83, 0xff, 0xe0, 0x0, 0x7, 0xff,
    0xe1, 0xff, 0xf0, 0x0, 0x3, 0xff, 0xf8, 0xff,
    0xf8, 0x0, 0x0, 0xff, 0xfc, 0x7f, 0xfc, 0x0,
    0x0, 0x3f, 0xff, 0x3f, 0xfe, 0x0, 0x0, 0x1f,
    0xff, 0xdf, 0xff, 0x0, 0x0, 0x7, 0xff, 0xe0,

    /* U+004C "L" */
    0xff, 0xf8, 0x0, 0x0, 0x7, 0xff, 0xc0, 0x0,
    0x0, 0x3f, 0xfe, 0x0, 0x0, 0x1, 0xff, 0xf0,
    0x0, 0x0, 0xf, 0xff, 0x80, 0x0, 0x0, 0x7f,
    0xfc, 0x0, 0x0, 0x3, 0xff, 0xe0, 0x0, 0x0,
    0x1f, 0xff, 0x0, 0x0, 0x0, 0xff, 0xf8, 0x0,
    0x0, 0x7, 0xff, 0xc0, 0x0, 0x0, 0x3f, 0xfe,
    0x0, 0x0, 0x1, 0xff, 0xf0, 0x0, 0x0, 0xf,
    0xff, 0x80, 0x0, 0x0, 0x7f, 0xfc, 0x0, 0x0,
    0x3, 0xff, 0xe0, 0x0, 0x0, 0x1f, 0xff, 0x0,
    0x0, 0x0, 0xff, 0xf8, 0x0, 0x0, 0x7, 0xff,
    0xc0, 0x0, 0x0, 0x3f, 0xfe, 0x0, 0x0, 0x1,
    0xff, 0xf0, 0x0, 0x0, 0xf, 0xff, 0x80, 0x0,
    0x0, 0x7f, 0xfc, 0x0, 0x0, 0x3, 0xff, 0xe0,
    0x0, 0x0, 0x1f, 0xff, 0x0, 0x0, 0x0, 0xff,
    0xf8, 0x0, 0x0, 0x7, 0xff, 0xc0, 0x0, 0x0,
    0x3f, 0xfe, 0x0, 0x0, 0x1, 0xff, 0xf0, 0x0,
    0x0, 0xf, 0xff, 0x80, 0x0, 0x0, 0x7f, 0xfc,
    0x0, 0x0, 0x3, 0xff, 0xe0, 0x0, 0x0, 0x1f,
    0xff, 0x0, 0x0, 0x0, 0xff, 0xf8, 0x0, 0x0,
    0x7, 0xff, 0xc0, 0x0, 0x0, 0x3f, 0xfe, 0x0,
    0x0, 0x1, 0xff, 0xf0, 0x0, 0x0, 0xf, 0xff,
    0x80, 0x0, 0x0, 0x7f, 0xfc, 0x0, 0x0, 0x3,
    0xff, 0xe0, 0x0, 0x0, 0x1f, 0xff, 0x0, 0x0,
    0x0, 0xff, 0xf8, 0x0, 0x0, 0x7, 0xff, 0xc0,
    0x0, 0x0, 0x3f, 0xfe, 0x0, 0x0, 0x1, 0xff,
    0xf0, 0x0, 0x0, 0xf, 0xff, 0x80, 0x0, 0x0,
    0x7f, 0xfc, 0x0, 0x0, 0x3, 0xff, 0xe0, 0x0,
    0x0, 0x1f, 0xff, 0x0, 0x0, 0x0, 0xff, 0xf8,
    0x0, 0x0, 0x7, 0xff, 0xc0, 0x0, 0x0, 0x3f,
    0xfe, 0x0, 0x0, 0x1, 0xff, 0xff, 0xff, 0xff,
    0xff, 0xff, 0xff, 0xff, 0xff, 0xff, 0xff, 0xff,
    0xff, 0xff, 0xff, 0xff, 0xff, 0xff, 0xff, 0xff,
    0xff, 0xff, 0xff, 0xff, 0xff, 0xff, 0xff, 0xff,
    0xff, 0xff, 0xff, 0xff, 0xff, 0xff, 0xff, 0xff,
    0xff, 0xff, 0xff, 0xff, 0xff, 0xff, 0xff, 0xff,
    0xff, 0xff, 0x80,

    /* U+004D "M" */
    0xff, 0xff, 0x80, 0x0, 0x0, 0x3, 0xff, 0xff,
    0xff, 0xff, 0xc0, 0x0, 0x0, 0x3, 0xff, 0xff,
    0xff, 0xff, 0xc0, 0x0, 0x0, 0x3, 0xff, 0xff,
    0xff, 0xff, 0xc0, 0x0, 0x0, 0x7, 0xff, 0xff,
    0xff, 0xff, 0xe0, 0x0, 0x0, 0x7, 0xff, 0xff,
    0xff, 0xff, 0xe0, 0x0, 0x0, 0x7, 0xff, 0xff,
    0xff, 0xff, 0xe0, 0x0, 0x0, 0xf, 0xff, 0xff,
    0xff, 0xff, 0xf0, 0x0, 0x0, 0xf, 0xff, 0xff,
    0xff, 0xff, 0xf0, 0x0, 0x0, 0xf, 0xff, 0xff,
    0xff, 0xff, 0xf0, 0x0, 0x0, 0x1f, 0xff, 0xff,
    0xff, 0xff, 0xf0, 0x0, 0x0, 0x1f, 0xff, 0xff,
    0xff, 0xff, 0xf8, 0x0, 0x0, 0x1f, 0xff, 0xff,
    0xff, 0xff, 0xf8, 0x0, 0x0, 0x3f, 0xff, 0xff,
    0xff, 0xff, 0xf8, 0x0, 0x0, 0x3f, 0xef, 0xff,
    0xff, 0xff, 0xfc, 0x0, 0x0, 0x3f, 0xef, 0xff,
    0xff, 0xef, 0xfc, 0x0, 0x0, 0x7f, 0xef, 0xff,
    0xff, 0xef, 0xfc, 0x0, 0x0, 0x7f, 0xef, 0xff,
    0xff, 0xef, 0xfe, 0x0, 0x0, 0x7f, 0xcf, 0xff,
    0xff, 0xe7, 0xfe, 0x0, 0x0, 0xff, 0xcf, 0xff,
    0xff, 0xe7, 0xfe, 0x0, 0x0, 0xff, 0xcf, 0xff,
    0xff, 0xe7, 0xfe, 0x0, 0x0, 0xff, 0x8f, 0xff,
    0xff, 0xe3, 0xff, 0x0, 0x1, 0xff, 0x8f, 0xff,
    0xff, 0xe3, 0xff, 0x0, 0x1, 0xff, 0x8f, 0xff,
    0xff, 0xe3, 0xff, 0x0, 0x1, 0xff, 0xf, 0xff,
    0xff, 0xe3, 0xff, 0x80, 0x3, 0xff, 0xf, 0xff,
    0xff, 0xe1, 0xff, 0x80, 0x3, 0xff, 0xf, 0xff,
    0xff, 0xe1, 0xff, 0x80, 0x3, 0xfe, 0xf, 0xff,
    0xff, 0xe1, 0xff, 0xc0, 0x7, 0xfe, 0xf, 0xff,
    0xff, 0xe0, 0xff, 0xc0, 0x7, 0xfe, 0xf, 0xff,
    0xff, 0xe0, 0xff, 0xc0, 0x7, 0xfc, 0xf, 0xff,
    0xff, 0xe0, 0xff, 0xe0, 0xf, 0xfc, 0xf, 0xff,
    0xff, 0xe0, 0x7f, 0xe0, 0xf, 0xfc, 0xf, 0xff,
    0xff, 0xe0, 0x7f, 0xe0, 0xf, 0xf8, 0xf, 0xff,
    0xff, 0xe0, 0x7f, 0xe0, 0x1f, 0xf8, 0xf, 0xff,
    0xff, 0xe0, 0x7f, 0xf0, 0x1f, 0xf8, 0xf, 0xff,
    0xff, 0xe0, 0x3f, 0xf0, 0x1f, 0xf8, 0xf, 0xff,
    0xff, 0xe0, 0x3f, 0xf0, 0x1f, 0xf0, 0xf, 0xff,
    0xff, 0xe0, 0x3f, 0xf8, 0x3f, 0xf0, 0xf, 0xff,
    0xff, 0xe0, 0x1f, 0xf8, 0x3f, 0xf0, 0xf, 0xff,
    0xff, 0xe0, 0x1f, 0xf8, 0x3f, 0xe0, 0xf, 0xff,
    0xff, 0xe0, 0x1f, 0xfc, 0x7f, 0xe0, 0xf, 0xff,
    0xff, 0xe0, 0xf, 0xfc, 0x7f, 0xe0, 0xf, 0xff,
    0xff, 0xe0, 0xf, 0xfc, 0x7f, 0xc0, 0xf, 0xff,
    0xff, 0xe0, 0xf, 0xfe, 0xff, 0xc0, 0xf, 0xff,
    0xff, 0xe0, 0x7, 0xfe, 0xff, 0xc0, 0xf, 0xff,
    0xff, 0xe0, 0x7, 0xfe, 0xff, 0x80, 0xf, 0xff,
    0xff, 0xe0, 0x7, 0xff, 0xff, 0x80, 0xf, 0xff,
    0xff, 0xe0, 0x7, 0xff, 0xff, 0x80, 0xf, 0xff,
    0xff, 0xe0, 0x3, 0xff, 0xff, 0x0, 0xf, 0xff,
    0xff, 0xe0, 0x3, 0xff, 0xff, 0x0, 0xf, 0xff,
    0xff, 0xe0, 0x3, 0xff, 0xff, 0x0, 0xf, 0xff,
    0xff, 0xe0, 0x1, 0xff, 0xfe, 0x0, 0xf, 0xff,
    0xff, 0xe0, 0x1, 0xff, 0xfe, 0x0, 0xf, 0xff,
    0xff, 0xe0, 0x1, 0xff, 0xfe, 0x0, 0xf, 0xff,
    0xff, 0xe0, 0x0, 0xff, 0xfc, 0x0, 0xf, 0xff,
    0xff, 0xe0, 0x0, 0xff, 0xfc, 0x0, 0xf, 0xff,
    0xff, 0xe0, 0x0, 0xff, 0xfc, 0x0, 0xf, 0xff,
    0xff, 0xe0, 0x0, 0xff, 0xfc, 0x0, 0xf, 0xff,
    0xff, 0xe0, 0x0, 0x7f, 0xf8, 0x0, 0xf, 0xff,
    0xff, 0xe0, 0x0, 0x7f, 0xf8, 0x0, 0xf, 0xff,

    /* U+004E "N" */
    0xff, 0xff, 0x0, 0x0, 0x0, 0x3f, 0xff, 0xff,
    0xfc, 0x0, 0x0, 0x1, 0xff, 0xff, 0xff, 0xe0,
    0x0, 0x0, 0xf, 0xff, 0xff, 0xff, 0x80, 0x0,
    0x0, 0x7f, 0xff, 0xff, 0xfe, 0x0, 0x0, 0x3,
    0xff, 0xff, 0xff, 0xf0, 0x0, 0x0, 0x1f, 0xff,
    0xff, 0xff, 0xc0, 0x0, 0x0, 0xff, 0xff, 0xff,
    0xfe, 0x0, 0x0, 0x7, 0xff, 0xff, 0xff, 0xf8,
    0x0, 0x0, 0x3f, 0xff, 0xff, 0xff, 0xe0, 0x0,
    0x1, 0xff, 0xff, 0xff, 0xff, 0x0, 0x0, 0xf,
    0xff, 0xff, 0xff, 0xfc, 0x0, 0x0, 0x7f, 0xff,
    0xff, 0xff, 0xe0, 0x0, 0x3, 0xff, 0xff, 0xff,
    0xff, 0x80, 0x0, 0x1f, 0xff, 0xff, 0xff, 0xfc,
    0x0, 0x0, 0xff, 0xff, 0xff, 0xff, 0xf0, 0x0,
    0x7, 0xff, 0xff, 0xef, 0xff, 0xc0, 0x0, 0x3f,
    0xff, 0xff, 0x3f, 0xfe, 0x0, 0x1, 0xff, 0xff,
    0xf9, 0xff, 0xf8, 0x0, 0xf, 0xff, 0xff, 0xc7,
    0xff, 0xc0, 0x0, 0x7f, 0xff, 0xfe, 0x3f, 0xff,
    0x0, 0x3, 0xff, 0xff, 0xf0, 0xff, 0xf8, 0x0,
    0x1f, 0xff, 0xff, 0x87, 0xff, 0xe0, 0x0, 0xff,
    0xff, 0xfc, 0x1f, 0xff, 0x80, 0x7, 0xff, 0xff,
    0xe0, 0x7f, 0xfc, 0x0, 0x3f, 0xff, 0xff, 0x3,
    0xff, 0xf0, 0x1, 0xff, 0xff, 0xf8, 0xf, 0xff,
    0x80, 0xf, 0xff, 0xff, 0xc0, 0x7f, 0xfe, 0x0,
    0x7f, 0xff, 0xfe, 0x1, 0xff, 0xf8, 0x3, 0xff,
    0xff, 0xf0, 0xf, 0xff, 0xc0, 0x1f, 0xff, 0xff,
    0x80, 0x3f, 0xff, 0x0, 0xff, 0xff, 0xfc, 0x0,
    0xff, 0xf8, 0x7, 0xff, 0xff, 0xe0, 0x7, 0xff,
    0xe0, 0x3f, 0xff, 0xff, 0x0, 0x1f, 0xff, 0x1,
    0xff, 0xff, 0xf8, 0x0, 0xff, 0xfc, 0xf, 0xff,
    0xff, 0xc0, 0x3, 0xff, 0xf0, 0x7f, 0xff, 0xfe,
    0x0, 0xf, 0xff, 0x83, 0xff, 0xff, 0xf0, 0x0,
    0x7f, 0xfe, 0x1f, 0xff, 0xff, 0x80, 0x1, 0xff,
    0xf0, 0xff, 0xff, 0xfc, 0x0, 0xf, 0xff, 0xc7,
    0xff, 0xff, 0xe0, 0x0, 0x3f, 0xff, 0x3f, 0xff,
    0xff, 0x0, 0x1, 0xff, 0xf9, 0xff, 0xff, 0xf8,
    0x0, 0x7, 0xff, 0xef, 0xff, 0xff, 0xc0, 0x0,
    0x1f, 0xff, 0x7f, 0xff, 0xfe, 0x0, 0x0, 0xff,
    0xff, 0xff, 0xff, 0xf0, 0x0, 0x3, 0xff, 0xff,
    0xff, 0xff, 0x80, 0x0, 0x1f, 0xff, 0xff, 0xff,
    0xfc, 0x0, 0x0, 0x7f, 0xff, 0xff, 0xff, 0xe0,
    0x0, 0x3, 0xff, 0xff, 0xff, 0xff, 0x0, 0x0,
    0xf, 0xff, 0xff, 0xff, 0xf8, 0x0, 0x0, 0x3f,
    0xff, 0xff, 0xff, 0xc0, 0x0, 0x1, 0xff, 0xff,
    0xff, 0xfe, 0x0, 0x0, 0x7, 0xff, 0xff, 0xff,
    0xf0, 0x0, 0x0, 0x3f, 0xff, 0xff, 0xff, 0x80,
    0x0, 0x0, 0xff, 0xff, 0xff, 0xfc, 0x0, 0x0,
    0x7, 0xff, 0xff, 0xff, 0xe0, 0x0, 0x0, 0x1f,
    0xff, 0xff, 0xff, 0x0, 0x0, 0x0, 0x7f, 0xff,
    0xff, 0xf8, 0x0, 0x0, 0x3, 0xff, 0xff, 0xff,
    0xc0, 0x0, 0x0, 0xf, 0xff, 0xf0,

    /* U+004F "O" */
    0x0, 0x0, 0x3, 0xff, 0xe0, 0x0, 0x0, 0x0,
    0x0, 0x1f, 0xff, 0xff, 0x0, 0x0, 0x0, 0x0,
    0x7f, 0xff, 0xff, 0xf0, 0x0, 0x0, 0x0, 0xff,
    0xff, 0xff, 0xfe, 0x0, 0x0, 0x1, 0xff, 0xff,
    0xff, 0xff, 0xc0, 0x0, 0x1, 0xff, 0xff, 0xff,
    0xff, 0xf0, 0x0, 0x1, 0xff, 0xff, 0xff, 0xff,
    0xfc, 0x0, 0x1, 0xff, 0xff, 0xff, 0xff, 0xff,
    0x0, 0x1, 0xff, 0xff, 0xff, 0xff, 0xff, 0xc0,
    0x1, 0xff, 0xff, 0xff, 0xff, 0xff, 0xf0, 0x1,
    0xff, 0xff, 0xc0, 0x1f, 0xff, 0xfc, 0x0, 0xff,
    0xff, 0x0, 0x1, 0xff, 0xfe, 0x0, 0xff, 0xff,
    0x0, 0x0, 0x7f, 0xff, 0x80, 0x7f, 0xfe, 0x0,
    0x0, 0xf, 0xff, 0xc0, 0x7f, 0xff, 0x0, 0x0,
    0x3, 0xff, 0xf0, 0x3f, 0xff, 0x0, 0x0, 0x1,
    0xff, 0xf8, 0x3f, 0xff, 0x0, 0x0, 0x0, 0x7f,
    0xfe, 0x1f, 0xff, 0x80, 0x0, 0x0, 0x3f, 0xff,
    0xf, 0xff, 0x80, 0x0, 0x0, 0xf, 0xff, 0x8f,
    0xff, 0xc0, 0x0, 0x0, 0x7, 0xff, 0xe7, 0xff,
    0xc0, 0x0, 0x0, 0x1, 0xff, 0xf3, 0xff, 0xe0,
    0x0, 0x0, 0x0, 0xff, 0xf9, 0xff, 0xf0, 0x0,
    0x0, 0x0, 0x7f, 0xfd, 0xff, 0xf8, 0x0, 0x0,
    0x0, 0x3f, 0xfe, 0xff, 0xf8, 0x0, 0x0, 0x0,
    0xf, 0xff, 0xff, 0xfc, 0x0, 0x0, 0x0, 0x7,
    0xff, 0xff, 0xfe, 0x0, 0x0, 0x0, 0x3, 0xff,
    0xff, 0xff, 0x0, 0x0, 0x0, 0x1, 0xff, 0xff,
    0xff, 0x80, 0x0, 0x0, 0x0, 0xff, 0xff, 0xff,
    0xc0, 0x0, 0x0, 0x0, 0x7f, 0xff, 0xff, 0xe0,
    0x0, 0x0, 0x0, 0x3f, 0xff, 0xff, 0xf0, 0x0,
    0x0, 0x0, 0x1f, 0xff, 0xff, 0xf8, 0x0, 0x0,
    0x0, 0xf, 0xff, 0xff, 0xfc, 0x0, 0x0, 0x0,
    0x7, 0xff, 0xff, 0xfe, 0x0, 0x0, 0x0, 0x3,
    0xff, 0xff, 0xff, 0x0, 0x0, 0x0, 0x1, 0xff,
    0xff, 0xff, 0x80, 0x0, 0x0, 0x0, 0xff, 0xff,
    0xff, 0xc0, 0x0, 0x0, 0x0, 0x7f, 0xfd, 0xff,
    0xf0, 0x0, 0x0, 0x0, 0x7f, 0xfc, 0xff, 0xf8,
    0x0, 0x0, 0x0, 0x3f, 0xfe, 0x7f, 0xfc, 0x0,
    0x0, 0x0, 0x1f, 0xff, 0x3f, 0xfe, 0x0, 0x0,
    0x0, 0xf, 0xff, 0x9f, 0xff, 0x80, 0x0, 0x0,
    0xf, 0xff, 0xc7, 0xff, 0xc0, 0x0, 0x0, 0x7,
    0xff, 0xc3, 0xff, 0xf0, 0x0, 0x0, 0x7, 0xff,
    0xe1, 0xff, 0xf8, 0x0, 0x0, 0x3, 0xff, 0xf0,
    0x7f, 0xfe, 0x0, 0x0, 0x3, 0xff, 0xf0, 0x3f,
    0xff, 0x80, 0x0, 0x1, 0xff, 0xf8, 0xf, 0xff,
    0xc0, 0x0, 0x1, 0xff, 0xf8, 0x7, 0xff, 0xf8,
    0x0, 0x3, 0xff, 0xfc, 0x1, 0xff, 0xfe, 0x0,
    0x3, 0xff, 0xfc, 0x0, 0xff, 0xff, 0xe0, 0xf,
    0xff, 0xfe, 0x0, 0x3f, 0xff, 0xff, 0xff, 0xff,
    0xfe, 0x0, 0xf, 0xff, 0xff, 0xff, 0xff, 0xfe,
    0x0, 0x3, 0xff, 0xff, 0xff, 0xff, 0xfe, 0x0,
    0x0, 0xff, 0xff, 0xff, 0xff, 0xfe, 0x0, 0x0,
    0x3f, 0xff, 0xff, 0xff, 0xfe, 0x0, 0x0, 0xf,
    0xff, 0xff, 0xff, 0xfc, 0x0, 0x0, 0x1, 0xff,
    0xff, 0xff, 0xfc, 0x0, 0x0, 0x0, 0x3f, 0xff,
    0xff, 0xf8, 0x0, 0x0, 0x0, 0x3, 0xff, 0xff,
    0xe0, 0x0, 0x0, 0x0, 0x0, 0x1f, 0xff, 0x0,
    0x0, 0x0,

    /* U+0050 "P" */
    0xff, 0xff, 0xff, 0xc0, 0x0, 0x7f, 0xff, 0xff,
    0xfe, 0x0, 0x3f, 0xff, 0xff, 0xff, 0xc0, 0x1f,
    0xff, 0xff, 0xff, 0xf8, 0xf, 0xff, 0xff, 0xff,
    0xfe, 0x7, 0xff, 0xff, 0xff, 0xff, 0x83, 0xff,
    0xff, 0xff, 0xff, 0xe1, 0xff, 0xff, 0xff, 0xff,
    0xf8, 0xff, 0xff, 0xff, 0xff, 0xfc, 0x7f, 0xff,
    0xff, 0xff, 0xff, 0x3f, 0xfe, 0x0, 0xff, 0xff,
    0x9f, 0xff, 0x0, 0xf, 0xff, 0xef, 0xff, 0x80,
    0x3, 0xff, 0xf7, 0xff, 0xc0, 0x0, 0xff, 0xfb,
    0xff, 0xe0, 0x0, 0x7f, 0xff, 0xff, 0xf0, 0x0,
    0x3f, 0xff, 0xff, 0xf8, 0x0, 0xf, 0xff, 0xff,
    0xfc, 0x0, 0x7, 0xff, 0xff, 0xfe, 0x0, 0x3,
    0xff, 0xff, 0xff, 0x0, 0x1, 0xff, 0xff, 0xff,
    0x80, 0x0, 0xff, 0xff, 0xff, 0xc0, 0x0, 0x7f,
    0xff, 0xff, 0xe0, 0x0, 0x3f, 0xff, 0xff, 0xf0,
    0x0, 0x3f, 0xff, 0xff, 0xf8, 0x0, 0x1f, 0xff,
    0x7f, 0xfc, 0x0, 0x1f, 0xff, 0xbf, 0xfe, 0x0,
    0x1f, 0xff, 0xdf, 0xff, 0x0, 0x1f, 0xff, 0xef,
    0xff, 0x80, 0x7f, 0xff, 0xe7, 0xff, 0xff, 0xff,
    0xff, 0xf3, 0xff, 0xff, 0xff, 0xff, 0xf1, 0xff,
    0xff, 0xff, 0xff, 0xf0, 0xff, 0xff, 0xff, 0xff,
    0xf0, 0x7f, 0xff, 0xff, 0xff, 0xf0, 0x3f, 0xff,
    0xff, 0xff, 0xf0, 0x1f, 0xff, 0xff, 0xff, 0xf0,
    0xf, 0xff, 0xff, 0xff, 0xe0, 0x7, 0xff, 0xff,
    0xff, 0xc0, 0x3, 0xff, 0xff, 0xfe, 0x0, 0x1,
    0xff, 0xf0, 0x0, 0x0, 0x0, 0xff, 0xf8, 0x0,
    0x0, 0x0, 0x7f, 0xfc, 0x0, 0x0, 0x0, 0x3f,
    0xfe, 0x0, 0x0, 0x0, 0x1f, 0xff, 0x0, 0x0,
    0x0, 0xf, 0xff, 0x80, 0x0, 0x0, 0x7, 0xff,
    0xc0, 0x0, 0x0, 0x3, 0xff, 0xe0, 0x0, 0x0,
    0x1, 0xff, 0xf0, 0x0, 0x0, 0x0, 0xff, 0xf8,
    0x0, 0x0, 0x0, 0x7f, 0xfc, 0x0, 0x0, 0x0,
    0x3f, 0xfe, 0x0, 0x0, 0x0, 0x1f, 0xff, 0x0,
    0x0, 0x0, 0xf, 0xff, 0x80, 0x0, 0x0, 0x7,
    0xff, 0xc0, 0x0, 0x0, 0x3, 0xff, 0xe0, 0x0,
    0x0, 0x1, 0xff, 0xf0, 0x0, 0x0, 0x0, 0xff,
    0xf8, 0x0, 0x0, 0x0, 0x7f, 0xfc, 0x0, 0x0,
    0x0, 0x3f, 0xfe, 0x0, 0x0, 0x0, 0x1f, 0xff,
    0x0, 0x0, 0x0, 0xf, 0xff, 0x80, 0x0, 0x0,
    0x0,

    /* U+0051 "Q" */
    0x0, 0x0, 0x3, 0xff, 0xe0, 0x0, 0x0, 0x0,
    0x0, 0x1f, 0xff, 0xff, 0x0, 0x0, 0x0, 0x0,
    0x7f, 0xff, 0xff, 0xf0, 0x0, 0x0, 0x0, 0xff,
    0xff, 0xff, 0xfe, 0x0, 0x0, 0x1, 0xff, 0xff,
    0xff, 0xff, 0xc0, 0x0, 0x1, 0xff, 0xff, 0xff,
    0xff, 0xf0, 0x0, 0x1, 0xff, 0xff, 0xff, 0xff,
    0xfc, 0x0, 0x1, 0xff, 0xff, 0xff, 0xff, 0xff,
    0x0, 0x1, 0xff, 0xff, 0xff, 0xff, 0xff, 0xc0,
    0x1, 0xff, 0xff, 0xff, 0xff, 0xff, 0xf0, 0x1,
    0xff, 0xff, 0xc0, 0x1f, 0xff, 0xfc, 0x0, 0xff,
    0xff, 0x0, 0x1, 0xff, 0xfe, 0x0, 0xff, 0xff,
    0x0, 0x0, 0x7f, 0xff, 0x80, 0x7f, 0xfe, 0x0,
    0x0, 0xf, 0xff, 0xc0, 0x7f, 0xff, 0x0, 0x0,
    0x3, 0xff, 0xf0, 0x3f, 0xff, 0x0, 0x0, 0x1,
    0xff, 0xf8, 0x3f, 0xff, 0x0, 0x0, 0x0, 0x7f,
    0xfe, 0x1f, 0xff, 0x80, 0x0, 0x0, 0x3f, 0xff,
    0xf, 0xff, 0x80, 0x0, 0x0, 0xf, 0xff, 0x8f,
    0xff, 0xc0, 0x0, 0x0, 0x7, 0xff, 0xe7, 0xff,
    0xc0, 0x0, 0x0, 0x1, 0xff, 0xf3, 0xff, 0xe0,
    0x0, 0x0, 0x0, 0xff, 0xf9, 0xff, 0xf0, 0x0,
    0x0, 0x0, 0x7f, 0xfd, 0xff, 0xf8, 0x0, 0x0,
    0x0, 0x3f, 0xfe, 0xff, 0xf8, 0x0, 0x0, 0x0,
    0xf, 0xff, 0xff, 0xfc, 0x0, 0x0, 0x0, 0x7,
    0xff, 0xff, 0xfe, 0x0, 0x0, 0x0, 0x3, 0xff,
    0xff, 0xff, 0x0, 0x0, 0x0, 0x1, 0xff, 0xff,
    0xff, 0x80, 0x0, 0x0, 0x0, 0xff, 0xff, 0xff,
    0xc0, 0x0, 0x0, 0x0, 0x7f, 0xff, 0xff, 0xe0,
    0x0, 0x0, 0x0, 0x3f, 0xff, 0xff, 0xf0, 0x0,
    0x0, 0x0, 0x1f, 0xff, 0xff, 0xf8, 0x0, 0x0,
    0x0, 0xf, 0xff, 0xff, 0xfc, 0x0, 0x0, 0x0,
    0x7, 0xff, 0xff, 0xfe, 0x0, 0x0, 0x0, 0x3,
    0xff, 0xff, 0xff, 0x0, 0x0, 0x0, 0x1, 0xff,
    0xff, 0xff, 0x80, 0x0, 0x0, 0x0, 0xff, 0xff,
    0xff, 0xc0, 0x0, 0x0, 0x0, 0x7f, 0xfd, 0xff,
    0xf0, 0x0, 0x0, 0x0, 0x7f, 0xfc, 0xff, 0xf8,
    0x0, 0x0, 0x0, 0x3f, 0xfe, 0x7f, 0xfc, 0x0,
    0x0, 0x0, 0x1f, 0xff, 0x3f, 0xfe, 0x0, 0x0,
    0x0, 0xf, 0xff, 0x9f, 0xff, 0x80, 0x0, 0x0,
    0xf, 0xff, 0xc7, 0xff, 0xc0, 0x0, 0x0, 0x7,
    0xff, 0xc3, 0xff, 0xf0, 0x0, 0x0, 0x7, 0xff,
    0xe1, 0xff, 0xf8, 0x0, 0x0, 0x3, 0xff, 0xf0,
    0x7f, 0xfe, 0x0, 0x0, 0x3, 0xff, 0xf0, 0x3f,
    0xff, 0x80, 0x0, 0x1, 0xff, 0xf8, 0xf, 0xff,
    0xc0, 0x0, 0x1, 0xff, 0xfc, 0x7, 0xff, 0xf8,
    0x0, 0x3, 0xff, 0xfc, 0x1, 0xff, 0xfe, 0x0,
    0x3, 0xff, 0xfe, 0x0, 0xff, 0xff, 0xe0, 0xf,
    0xff, 0xfe, 0x0, 0x3f, 0xff, 0xff, 0xff, 0xff,
    0xfe, 0x0, 0xf, 0xff, 0xff, 0xff, 0xff, 0xfe,
    0x0, 0x3, 0xff, 0xff, 0xff, 0xff, 0xff, 0x0,
    0x0, 0xff, 0xff, 0xff, 0xff, 0xfe, 0x0, 0x0,
    0x3f, 0xff, 0xff, 0xff, 0xfe, 0x0, 0x0, 0xf,
    0xff, 0xff, 0xff, 0xfe, 0x0, 0x0, 0x1, 0xff,
    0xff, 0xff, 0xfc, 0x0, 0x0, 0x0, 0x3f, 0xff,
    0xff, 0xfc, 0x0, 0x0, 0x0, 0x3, 0xff, 0xff,
    0xfe, 0x0, 0x0, 0x0, 0x0, 0x1f, 0xff, 0xff,
    0x80, 0x0, 0x0, 0x0, 0x0, 0xf, 0xff, 0xe0,
    0x0, 0x0, 0x0, 0x0, 0x3, 0xff, 0xf8, 0x0,
    0x0, 0x0, 0x0, 0x0, 0xff, 0xfe, 0x0, 0x0,
    0x0, 0x0, 0x0, 0x7f, 0xff, 0x80, 0x0, 0x0,
    0x0, 0x0, 0x1f, 0xff, 0xe0, 0x0, 0x0, 0x0,
    0x0, 0x7, 0xff, 0xf8, 0x0, 0x0, 0x0, 0x0,
    0x1, 0xff, 0xfe, 0x0, 0x0, 0x0, 0x0, 0x0,
    0x7f, 0xff, 0x0, 0x0, 0x0, 0x0, 0x0, 0x3f,
    0xff, 0xc0, 0x0, 0x0, 0x0, 0x0, 0xf, 0xff,
    0xf0, 0x0, 0x0, 0x0, 0x0, 0x3, 0xff, 0xfc,
    0x0, 0x0, 0x0, 0x0, 0x0, 0xff, 0xff, 0x0,
    0x0, 0x0, 0x0, 0x0, 0x3f, 0xff, 0xc0, 0x0,
    0x0, 0x0, 0x0, 0xf, 0xff, 0xf0,

    /* U+0052 "R" */
    0xff, 0xff, 0xff, 0x80, 0x0, 0x1, 0xff, 0xff,
    0xff, 0xf0, 0x0, 0x3, 0xff, 0xff, 0xff, 0xfc,
    0x0, 0x7, 0xff, 0xff, 0xff, 0xfe, 0x0, 0xf,
    0xff, 0xff, 0xff, 0xfe, 0x0, 0x1f, 0xff, 0xff,
    0xff, 0xfe, 0x0, 0x3f, 0xff, 0xff, 0xff, 0xfe,
    0x0, 0x7f, 0xff, 0xff, 0xff, 0xfe, 0x0, 0xff,
    0xff, 0xff, 0xff, 0xfe, 0x1, 0xff, 0xff, 0xff,
    0xff, 0xfc, 0x3, 0xff, 0xe0, 0xf, 0xff, 0xfc,
    0x7, 0xff, 0xc0, 0x3, 0xff, 0xf8, 0xf, 0xff,
    0x80, 0x3, 0xff, 0xf0, 0x1f, 0xff, 0x0, 0x3,
    0xff, 0xf0, 0x3f, 0xfe, 0x0, 0x7, 0xff, 0xe0,
    0x7f, 0xfc, 0x0, 0x7, 0xff, 0xc0, 0xff, 0xf8,
    0x0, 0xf, 0xff, 0x81, 0xff, 0xf0, 0x0, 0x1f,
    0xff, 0x3, 0xff, 0xe0, 0x0, 0x3f, 0xfe, 0x7,
    0xff, 0xc0, 0x0, 0x7f, 0xfc, 0xf, 0xff, 0x80,
    0x0, 0xff, 0xf8, 0x1f, 0xff, 0x0, 0x1, 0xff,
    0xf0, 0x3f, 0xfe, 0x0, 0x7, 0xff, 0xc0, 0x7f,
    0xfc, 0x0, 0xf, 0xff, 0x80, 0xff, 0xf8, 0x0,
    0x3f, 0xff, 0x1, 0xff, 0xf0, 0x1, 0xff, 0xfc,
    0x3, 0xff, 0xe0, 0xf, 0xff, 0xf8, 0x7, 0xff,
    0xff, 0xff, 0xff, 0xe0, 0xf, 0xff, 0xff, 0xff,
    0xff, 0x80, 0x1f, 0xff, 0xff, 0xff, 0xfe, 0x0,
    0x3f, 0xff, 0xff, 0xff, 0xf8, 0x0, 0x7f, 0xff,
    0xff, 0xff, 0xe0, 0x0, 0xff, 0xff, 0xff, 0xff,
    0x0, 0x1, 0xff, 0xff, 0xff, 0xfc, 0x0, 0x3,
    0xff, 0xff, 0xff, 0xf0, 0x0, 0x7, 0xff, 0xff,
    0xff, 0xf0, 0x0, 0xf, 0xff, 0xff, 0xff, 0xe0,
    0x0, 0x1f, 0xff, 0x1, 0xff, 0xe0, 0x0, 0x3f,
    0xfe, 0x3, 0xff, 0xe0, 0x0, 0x7f, 0xfc, 0x3,
    0xff, 0xc0, 0x0, 0xff, 0xf8, 0x7, 0xff, 0xc0,
    0x1, 0xff, 0xf0, 0x7, 0xff, 0xc0, 0x3, 0xff,
    0xe0, 0x7, 0xff, 0xc0, 0x7, 0xff, 0xc0, 0xf,
    0xff, 0x80, 0xf, 0xff, 0x80, 0xf, 0xff, 0x80,
    0x1f, 0xff, 0x0, 0xf, 0xff, 0x80, 0x3f, 0xfe,
    0x0, 0x1f, 0xff, 0x0, 0x7f, 0xfc, 0x0, 0x1f,
    0xff, 0x0, 0xff, 0xf8, 0x0, 0x3f, 0xff, 0x1,
    0xff, 0xf0, 0x0, 0x3f, 0xfe, 0x3, 0xff, 0xe0,
    0x0, 0x3f, 0xfe, 0x7, 0xff, 0xc0, 0x0, 0x7f,
    0xfe, 0xf, 0xff, 0x80, 0x0, 0x7f, 0xfc, 0x1f,
    0xff, 0x0, 0x0, 0xff, 0xfc, 0x3f, 0xfe, 0x0,
    0x0, 0xff, 0xfc, 0x7f, 0xfc, 0x0, 0x0, 0xff,
    0xf8, 0xff, 0xf8, 0x0, 0x1, 0xff, 0xf9, 0xff,
    0xf0, 0x0, 0x1, 0xff, 0xfb, 0xff, 0xe0, 0x0,
    0x3, 0xff, 0xf7, 0xff, 0xc0, 0x0, 0x3, 0xff,
    0xf0,

    /* U+0053 "S" */
    0x0, 0x0, 0xff, 0xf0, 0x0, 0x0, 0xf, 0xff,
    0xff, 0x0, 0x0, 0x3f, 0xff, 0xff, 0xf0, 0x0,
    0xff, 0xff, 0xff, 0xfc, 0x1, 0xff, 0xff, 0xff,
    0xfe, 0x3, 0xff, 0xff, 0xff, 0xfe, 0x7, 0xff,
    0xff, 0xff, 0xfe, 0xf, 0xff, 0xff, 0xff, 0xfc,
    0x1f, 0xff, 0xff, 0xff, 0xfc, 0x1f, 0xff, 0xff,
    0xff, 0xf8, 0x3f, 0xff, 0xc0, 0x3f, 0xf8, 0x3f,
    0xff, 0x0, 0x3, 0xf0, 0x3f, 0xfe, 0x0, 0x0,
    0xf0, 0x7f, 0xfe, 0x0, 0x0, 0x10, 0x7f, 0xfc,
    0x0, 0x0, 0x0, 0x7f, 0xfc, 0x0, 0x0, 0x0,
    0x7f, 0xfc, 0x0, 0x0, 0x0, 0x7f, 0xfc, 0x0,
    0x0, 0x0, 0x7f, 0xfc, 0x0, 0x0, 0x0, 0x7f,
    0xfe, 0x0, 0x0, 0x0, 0x7f, 0xff, 0x0, 0x0,
    0x0, 0x7f, 0xff, 0x80, 0x0, 0x0, 0x3f, 0xff,
    0xe0, 0x0, 0x0, 0x3f, 0xff, 0xf8, 0x0, 0x0,
    0x3f, 0xff, 0xfc, 0x0, 0x0, 0x1f, 0xff, 0xff,
    0x80, 0x0, 0xf, 0xff, 0xff, 0xe0, 0x0, 0xf,
    0xff, 0xff, 0xf0, 0x0, 0x7, 0xff, 0xff, 0xfc,
    0x0, 0x3, 0xff, 0xff, 0xff, 0x0, 0x1, 0xff,
    0xff, 0xff, 0x80, 0x0, 0xff, 0xff, 0xff, 0xc0,
    0x0, 0x3f, 0xff, 0xff, 0xe0, 0x0, 0x1f, 0xff,
    0xff, 0xf0, 0x0, 0x7, 0xff, 0xff, 0xf8, 0x0,
    0x1, 0xff, 0xff, 0xfc, 0x0, 0x0, 0x7f, 0xff,
    0xfc, 0x0, 0x0, 0x1f, 0xff, 0xfe, 0x0, 0x0,
    0x7, 0xff, 0xfe, 0x0, 0x0, 0x1, 0xff, 0xfe,
    0x0, 0x0, 0x0, 0xff, 0xff, 0x0, 0x0, 0x0,
    0x7f, 0xff, 0x0, 0x0, 0x0, 0x3f, 0xff, 0x0,
    0x0, 0x0, 0x1f, 0xff, 0x0, 0x0, 0x0, 0x1f,
    0xff, 0x0, 0x0, 0x0, 0x1f, 0xff, 0x0, 0x0,
    0x0, 0x1f, 0xff, 0xc0, 0x0, 0x0, 0x1f, 0xff,
    0xf0, 0x0, 0x0, 0x3f, 0xff, 0xfe, 0x0, 0x0,
    0x3f, 0xfe, 0xff, 0xc0, 0x0, 0x7f, 0xfe, 0xff,
    0xf8, 0x3, 0xff, 0xfe, 0xff, 0xff, 0xff, 0xff,
    0xfc, 0xff, 0xff, 0xff, 0xff, 0xf8, 0xff, 0xff,
    0xff, 0xff, 0xf8, 0xff, 0xff, 0xff, 0xff, 0xf0,
    0xff, 0xff, 0xff, 0xff, 0xe0, 0xff, 0xff, 0xff,
    0xff, 0xc0, 0xff, 0xff, 0xff, 0xff, 0x0, 0x1f,
    0xff, 0xff, 0xfc, 0x0, 0x3, 0xff, 0xff, 0xf0,
    0x0, 0x0, 0x1f, 0xff, 0x0, 0x0,

    /* U+0054 "T" */
    0xff, 0xff, 0xff, 0xff, 0xff, 0xff, 0xff, 0xff,
    0xff, 0xff, 0xff, 0xff, 0xff, 0xff, 0xff, 0xff,
    0xff, 0xff, 0xff, 0xff, 0xff, 0xff, 0xff, 0xff,
    0xff, 0xff, 0xff, 0xff, 0xff, 0xff, 0xff, 0xff,
    0xff, 0xff, 0xff, 0xff, 0xff, 0xff, 0xff, 0xff,
    0xff, 0xff, 0xff, 0xff, 0xff, 0xff, 0xff, 0xff,
    0xff, 0xff, 0xff, 0xff, 0xff, 0xff, 0xff, 0xff,
    0xc0, 0x0, 0x3f, 0xfe, 0x0, 0x0, 0x0, 0x1,
    0xff, 0xf0, 0x0, 0x0, 0x0, 0xf, 0xff, 0x80,
    0x0, 0x0, 0x0, 0x7f, 0xfc, 0x0, 0x0, 0x0,
    0x3, 0xff, 0xe0, 0x0, 0x0, 0x0, 0x1f, 0xff,
    0x0, 0x0, 0x0, 0x0, 0xff, 0xf8, 0x0, 0x0,
    0x0, 0x7, 0xff, 0xc0, 0x0, 0x0, 0x0, 0x3f,
    0xfe, 0x0, 0x0, 0x0, 0x1, 0xff, 0xf0, 0x0,
    0x0, 0x0, 0xf, 0xff, 0x80, 0x0, 0x0, 0x0,
    0x7f, 0xfc, 0x0, 0x0, 0x0, 0x3, 0xff, 0xe0,
    0x0, 0x0, 0x0, 0x1f, 0xff, 0x0, 0x0, 0x0,
    0x0, 0xff, 0xf8, 0x0, 0x0, 0x0, 0x7, 0xff,
    0xc0, 0x0, 0x0, 0x0, 0x3f, 0xfe, 0x0, 0x0,
    0x0, 0x1, 0xff, 0xf0, 0x0, 0x0, 0x0, 0xf,
    0xff, 0x80, 0x0, 0x0, 0x0, 0x7f, 0xfc, 0x0,
    0x0, 0x0, 0x3, 0xff, 0xe0, 0x0, 0x0, 0x0,
    0x1f, 0xff, 0x0, 0x0, 0x0, 0x0, 0xff, 0xf8,
    0x0, 0x0, 0x0, 0x7, 0xff, 0xc0, 0x0, 0x0,
    0x0, 0x3f, 0xfe, 0x0, 0x0, 0x0, 0x1, 0xff,
    0xf0, 0x0, 0x0, 0x0, 0xf, 0xff, 0x80, 0x0,
    0x0, 0x0, 0x7f, 0xfc, 0x0, 0x0, 0x0, 0x3,
    0xff, 0xe0, 0x0, 0x0, 0x0, 0x1f, 0xff, 0x0,
    0x0, 0x0, 0x0, 0xff, 0xf8, 0x0, 0x0, 0x0,
    0x7, 0xff, 0xc0, 0x0, 0x0, 0x0, 0x3f, 0xfe,
    0x0, 0x0, 0x0, 0x1, 0xff, 0xf0, 0x0, 0x0,
    0x0, 0xf, 0xff, 0x80, 0x0, 0x0, 0x0, 0x7f,
    0xfc, 0x0, 0x0, 0x0, 0x3, 0xff, 0xe0, 0x0,
    0x0, 0x0, 0x1f, 0xff, 0x0, 0x0, 0x0, 0x0,
    0xff, 0xf8, 0x0, 0x0, 0x0, 0x7, 0xff, 0xc0,
    0x0, 0x0, 0x0, 0x3f, 0xfe, 0x0, 0x0, 0x0,
    0x1, 0xff, 0xf0, 0x0, 0x0, 0x0, 0xf, 0xff,
    0x80, 0x0, 0x0, 0x0, 0x7f, 0xfc, 0x0, 0x0,
    0x0, 0x3, 0xff, 0xe0, 0x0, 0x0, 0x0, 0x1f,
    0xff, 0x0, 0x0, 0x0, 0x0, 0xff, 0xf8, 0x0,
    0x0, 0x0, 0x7, 0xff, 0xc0, 0x0, 0x0, 0x0,
    0x3f, 0xfe, 0x0, 0x0, 0x0, 0x1, 0xff, 0xf0,
    0x0, 0x0,

    /* U+0055 "U" */
    0xff, 0xf8, 0x0, 0x0, 0xf, 0xff, 0xff, 0xfc,
    0x0, 0x0, 0x7, 0xff, 0xff, 0xfe, 0x0, 0x0,
    0x3, 0xff, 0xff, 0xff, 0x0, 0x0, 0x1, 0xff,
    0xff, 0xff, 0x80, 0x0, 0x0, 0xff, 0xff, 0xff,
    0xc0, 0x0, 0x0, 0x7f, 0xff, 0xff, 0xe0, 0x0,
    0x0, 0x3f, 0xff, 0xff, 0xf0, 0x0, 0x0, 0x1f,
    0xff, 0xff, 0xf8, 0x0, 0x0, 0xf, 0xff, 0xff,
    0xfc, 0x0, 0x0, 0x7, 0xff, 0xff, 0xfe, 0x0,
    0x0, 0x3, 0xff, 0xff, 0xff, 0x0, 0x0, 0x1,
    0xff, 0xff, 0xff, 0x80, 0x0, 0x0, 0xff, 0xff,
    0xff, 0xc0, 0x0, 0x0, 0x7f, 0xff, 0xff, 0xe0,
    0x0, 0x0, 0x3f, 0xff, 0xff, 0xf0, 0x0, 0x0,
    0x1f, 0xff, 0xff, 0xf8, 0x0, 0x0, 0xf, 0xff,
    0xff, 0xfc, 0x0, 0x0, 0x7, 0xff, 0xff, 0xfe,
    0x0, 0x0, 0x3, 0xff, 0xff, 0xff, 0x0, 0x0,
    0x1, 0xff, 0xff, 0xff, 0x80, 0x0, 0x0, 0xff,
    0xff, 0xff, 0xc0, 0x0, 0x0, 0x7f, 0xff, 0xff,
    0xe0, 0x0, 0x0, 0x3f, 0xff, 0xff, 0xf0, 0x0,
    0x0, 0x1f, 0xff, 0xff, 0xf8, 0x0, 0x0, 0xf,
    0xff, 0xff, 0xfc, 0x0, 0x0, 0x7, 0xff, 0xff,
    0xfe, 0x0, 0x0, 0x3, 0xff, 0xff, 0xff, 0x0,
    0x0, 0x1, 0xff, 0xff, 0xff, 0x80, 0x0, 0x0,
    0xff, 0xff, 0xff, 0xc0, 0x0, 0x0, 0x7f, 0xff,
    0xff, 0xe0, 0x0, 0x0, 0x3f, 0xff, 0xff, 0xf0,
    0x0, 0x0, 0x1f, 0xff, 0xff, 0xf8, 0x0, 0x0,
    0xf, 0xff, 0xff, 0xfc, 0x0, 0x0, 0x7, 0xff,
    0xff, 0xfe, 0x0, 0x0, 0x3, 0xff, 0xff, 0xff,
    0x0, 0x0, 0x1, 0xff, 0xff, 0xff, 0x80, 0x0,
    0x0, 0xff, 0xff, 0xff, 0xc0, 0x0, 0x0, 0x7f,
    0xff, 0xff, 0xe0, 0x0, 0x0, 0x3f, 0xff, 0xff,
    0xf0, 0x0, 0x0, 0x1f, 0xff, 0xff, 0xf8, 0x0,
    0x0, 0xf, 0xff, 0xff, 0xfc, 0x0, 0x0, 0x7,
    0xff, 0xff, 0xfe, 0x0, 0x0, 0x3, 0xff, 0xff,
    0xff, 0x80, 0x0, 0x3, 0xff, 0xf7, 0xff, 0xc0,
    0x0, 0x1, 0xff, 0xf3, 0xff, 0xe0, 0x0, 0x0,
    0xff, 0xf9, 0xff, 0xf8, 0x0, 0x0, 0xff, 0xfc,
    0xff, 0xfe, 0x0, 0x0, 0xff, 0xfe, 0x3f, 0xff,
    0x0, 0x0, 0xff, 0xfe, 0x1f, 0xff, 0xe0, 0x0,
    0xff, 0xff, 0x7, 0xff, 0xfc, 0x1, 0xff, 0xff,
    0x3, 0xff, 0xff, 0xff, 0xff, 0xff, 0x0, 0xff,
    0xff, 0xff, 0xff, 0xff, 0x80, 0x3f, 0xff, 0xff,
    0xff, 0xff, 0x80, 0xf, 0xff, 0xff, 0xff, 0xff,
    0x80, 0x3, 0xff, 0xff, 0xff, 0xff, 0x80, 0x0,
    0xff, 0xff, 0xff, 0xff, 0x80, 0x0, 0x1f, 0xff,
    0xff, 0xff, 0x0, 0x0, 0x7, 0xff, 0xff, 0xfe,
    0x0, 0x0, 0x0, 0x7f, 0xff, 0xfc, 0x0, 0x0,
    0x0, 0x3, 0xff, 0xe0, 0x0, 0x0,

    /* U+0056 "V" */
    0xff, 0xf8, 0x0, 0x0, 0x0, 0x3f, 0xff, 0xff,
    0xf0, 0x0, 0x0, 0x0, 0xff, 0xf9, 0xff, 0xe0,
    0x0, 0x0, 0x1, 0xff, 0xf3, 0xff, 0xe0, 0x0,
    0x0, 0x3, 0xff, 0xe7, 0xff, 0xc0, 0x0, 0x0,
    0xf, 0xff, 0x87, 0xff, 0x80, 0x0, 0x0, 0x1f,
    0xff, 0xf, 0xff, 0x80, 0x0, 0x0, 0x3f, 0xfe,
    0x1f, 0xff, 0x0, 0x0, 0x0, 0x7f, 0xf8, 0x1f,
    0xfe, 0x0, 0x0, 0x1, 0xff, 0xf0, 0x3f, 0xfe,
    0x0, 0x0, 0x3, 0xff, 0xe0, 0x7f, 0xfc, 0x0,
    0x0, 0x7, 0xff, 0x80, 0x7f, 0xf8, 0x0, 0x0,
    0x1f, 0xff, 0x0, 0xff, 0xf8, 0x0, 0x0, 0x3f,
    0xfe, 0x1, 0xff, 0xf0, 0x0, 0x0, 0x7f, 0xf8,
    0x1, 0xff, 0xe0, 0x0, 0x1, 0xff, 0xf0, 0x3,
    0xff, 0xe0, 0x0, 0x3, 0xff, 0xe0, 0x7, 0xff,
    0xc0, 0x0, 0x7, 0xff, 0x80, 0x7, 0xff, 0x80,
    0x0, 0x1f, 0xff, 0x0, 0xf, 0xff, 0x0, 0x0,
    0x3f, 0xfe, 0x0, 0x1f, 0xff, 0x0, 0x0, 0x7f,
    0xf8, 0x0, 0x1f, 0xfe, 0x0, 0x1, 0xff, 0xf0,
    0x0, 0x3f, 0xfc, 0x0, 0x3, 0xff, 0xe0, 0x0,
    0x7f, 0xfc, 0x0, 0x7, 0xff, 0x80, 0x0, 0x7f,
    0xf8, 0x0, 0x1f, 0xff, 0x0, 0x0, 0xff, 0xf0,
    0x0, 0x3f, 0xfe, 0x0, 0x1, 0xff, 0xf0, 0x0,
    0x7f, 0xf8, 0x0, 0x1, 0xff, 0xe0, 0x0, 0xff,
    0xf0, 0x0, 0x3, 0xff, 0xc0, 0x3, 0xff, 0xe0,
    0x0, 0x7, 0xff, 0xc0, 0x7, 0xff, 0x80, 0x0,
    0x7, 0xff, 0x80, 0xf, 0xff, 0x0, 0x0, 0xf,
    0xff, 0x0, 0x3f, 0xfc, 0x0, 0x0, 0x1f, 0xff,
    0x0, 0x7f, 0xf8, 0x0, 0x0, 0x1f, 0xfe, 0x0,
    0xff, 0xf0, 0x0, 0x0, 0x3f, 0xfc, 0x3, 0xff,
    0xc0, 0x0, 0x0, 0x7f, 0xf8, 0x7, 0xff, 0x80,
    0x0, 0x0, 0x7f, 0xf8, 0xf, 0xff, 0x0, 0x0,
    0x0, 0xff, 0xf0, 0x3f, 0xfc, 0x0, 0x0, 0x1,
    0xff, 0xe0, 0x7f, 0xf8, 0x0, 0x0, 0x1, 0xff,
    0xe0, 0xff, 0xf0, 0x0, 0x0, 0x3, 0xff, 0xc1,
    0xff, 0xc0, 0x0, 0x0, 0x7, 0xff, 0x87, 0xff,
    0x80, 0x0, 0x0, 0x7, 0xff, 0xf, 0xff, 0x0,
    0x0, 0x0, 0xf, 0xff, 0x1f, 0xfc, 0x0, 0x0,
    0x0, 0x1f, 0xfe, 0x3f, 0xf8, 0x0, 0x0, 0x0,
    0x1f, 0xfc, 0xff, 0xf0, 0x0, 0x0, 0x0, 0x3f,
    0xf9, 0xff, 0xc0, 0x0, 0x0, 0x0, 0x7f, 0xfb,
    0xff, 0x80, 0x0, 0x0, 0x0, 0x7f, 0xf7, 0xff,
    0x0, 0x0, 0x0, 0x0, 0xff, 0xef, 0xfc, 0x0,
    0x0, 0x0, 0x1, 0xff, 0xff, 0xf8, 0x0, 0x0,
    0x0, 0x1, 0xff, 0xff, 0xf0, 0x0, 0x0, 0x0,
    0x3, 0xff, 0xff, 0xc0, 0x0, 0x0, 0x0, 0x7,
    0xff, 0xff, 0x80, 0x0, 0x0, 0x0, 0x7, 0xff,
    0xff, 0x0, 0x0, 0x0, 0x0, 0xf, 0xff, 0xfc,
    0x0, 0x0, 0x0, 0x0, 0x1f, 0xff, 0xf8, 0x0,
    0x0, 0x0, 0x0, 0x1f, 0xff, 0xf0, 0x0, 0x0,
    0x0, 0x0, 0x3f, 0xff, 0xc0, 0x0, 0x0, 0x0,
    0x0, 0x7f, 0xff, 0x80, 0x0, 0x0, 0x0, 0x0,
    0x7f, 0xff, 0x0, 0x0, 0x0, 0x0, 0x0, 0xff,
    0xfc, 0x0, 0x0, 0x0,

    /* U+0057 "W" */
    0xff, 0xf8, 0x0, 0x0, 0x1f, 0xfe, 0x0, 0x0,
    0x7, 0xff, 0xff, 0xfc, 0x0, 0x0, 0x1f, 0xff,
    0x0, 0x0, 0x7, 0xff, 0xdf, 0xfe, 0x0, 0x0,
    0xf, 0xff, 0x80, 0x0, 0x3, 0xff, 0xef, 0xff,
    0x0, 0x0, 0x7, 0xff, 0xc0, 0x0, 0x1, 0xff,
    0xe7, 0xff, 0x80, 0x0, 0x3, 0xff, 0xf0, 0x0,
    0x0, 0xff, 0xf3, 0xff, 0xe0, 0x0, 0x3, 0xff,
    0xf8, 0x0, 0x0, 0x7f, 0xf8, 0xff, 0xf0, 0x0,
    0x1, 0xff, 0xfc, 0x0, 0x0, 0x7f, 0xfc, 0x7f,
    0xf8, 0x0, 0x0, 0xff, 0xfe, 0x0, 0x0, 0x3f,
    0xfc, 0x3f, 0xfc, 0x0, 0x0, 0x7f, 0xff, 0x80,
    0x0, 0x1f, 0xfe, 0x1f, 0xff, 0x0, 0x0, 0x7f,
    0xff, 0xc0, 0x0, 0xf, 0xff, 0x7, 0xff, 0x80,
    0x0, 0x3f, 0xff, 0xe0, 0x0, 0xf, 0xff, 0x83,
    0xff, 0xc0, 0x0, 0x1f, 0xff, 0xf0, 0x0, 0x7,
    0xff, 0x81, 0xff, 0xe0, 0x0, 0xf, 0xff, 0xfc,
    0x0, 0x3, 0xff, 0xc0, 0xff, 0xf8, 0x0, 0xf,
    0xff, 0xfe, 0x0, 0x1, 0xff, 0xe0, 0x3f, 0xfc,
    0x0, 0x7, 0xff, 0xff, 0x0, 0x1, 0xff, 0xf0,
    0x1f, 0xfe, 0x0, 0x3, 0xff, 0xff, 0xc0, 0x0,
    0xff, 0xf0, 0xf, 0xff, 0x0, 0x3, 0xff, 0x7f,
    0xe0, 0x0, 0x7f, 0xf8, 0x7, 0xff, 0x80, 0x1,
    0xff, 0xbf, 0xf0, 0x0, 0x3f, 0xfc, 0x1, 0xff,
    0xe0, 0x0, 0xff, 0xdf, 0xf8, 0x0, 0x1f, 0xfe,
    0x0, 0xff, 0xf0, 0x0, 0x7f, 0xef, 0xfe, 0x0,
    0x1f, 0xfe, 0x0, 0x7f, 0xf8, 0x0, 0x7f, 0xf7,
    0xff, 0x0, 0xf, 0xff, 0x0, 0x3f, 0xfc, 0x0,
    0x3f, 0xf1, 0xff, 0x80, 0x7, 0xff, 0x80, 0xf,
    0xff, 0x0, 0x1f, 0xf8, 0xff, 0xc0, 0x3, 0xff,
    0xc0, 0x7, 0xff, 0x80, 0xf, 0xfc, 0x7f, 0xf0,
    0x3, 0xff, 0xc0, 0x3, 0xff, 0xc0, 0xf, 0xfe,
    0x3f, 0xf8, 0x1, 0xff, 0xe0, 0x1, 0xff, 0xe0,
    0x7, 0xff, 0x1f, 0xfc, 0x0, 0xff, 0xf0, 0x0,
    0x7f, 0xf8, 0x3, 0xff, 0x7, 0xfe, 0x0, 0x7f,
    0xf8, 0x0, 0x3f, 0xfc, 0x1, 0xff, 0x83, 0xff,
    0x80, 0x7f, 0xf8, 0x0, 0x1f, 0xfe, 0x1, 0xff,
    0xc1, 0xff, 0xc0, 0x3f, 0xfc, 0x0, 0xf, 0xff,
    0x0, 0xff, 0xe0, 0xff, 0xe0, 0x1f, 0xfe, 0x0,
    0x3, 0xff, 0x80, 0x7f, 0xf0, 0x3f, 0xf0, 0xf,
    0xff, 0x0, 0x1, 0xff, 0xe0, 0x3f, 0xf0, 0x1f,
    0xfc, 0x7, 0xff, 0x0, 0x0, 0xff, 0xf0, 0x3f,
    0xf8, 0xf, 0xfe, 0x7, 0xff, 0x80, 0x0, 0x7f,
    0xf8, 0x1f, 0xfc, 0x7, 0xff, 0x3, 0xff, 0xc0,
    0x0, 0x1f, 0xfc, 0xf, 0xfe, 0x1, 0xff, 0x81,
    0xff, 0xe0, 0x0, 0xf, 0xff, 0x7, 0xfe, 0x0,
    0xff, 0xe0, 0xff, 0xe0, 0x0, 0x7, 0xff, 0x87,
    0xff, 0x0, 0x7f, 0xf0, 0xff, 0xf0, 0x0, 0x3,
    0xff, 0xc3, 0xff, 0x80, 0x3f, 0xf8, 0x7f, 0xf8,
    0x0, 0x0, 0xff, 0xe1, 0xff, 0x80, 0xf, 0xfc,
    0x3f, 0xfc, 0x0, 0x0, 0x7f, 0xf0, 0xff, 0xc0,
    0x7, 0xfe, 0x1f, 0xfc, 0x0, 0x0, 0x3f, 0xfc,
    0xff, 0xe0, 0x3, 0xff, 0x8f, 0xfe, 0x0, 0x0,
    0x1f, 0xfe, 0x7f, 0xf0, 0x1, 0xff, 0xcf, 0xff,
    0x0, 0x0, 0x7, 0xff, 0x3f, 0xf0, 0x0, 0x7f,
    0xe7, 0xff, 0x80, 0x0, 0x3, 0xff, 0x9f, 0xf8,
    0x0, 0x3f, 0xf3, 0xff, 0x80, 0x0, 0x1, 0xff,
    0xcf, 0xfc, 0x0, 0x1f, 0xf9, 0xff, 0xc0, 0x0,
    0x0, 0xff, 0xf7, 0xfe, 0x0, 0x7, 0xfe, 0xff,
    0xe0, 0x0, 0x0, 0x3f, 0xff, 0xfe, 0x0, 0x3,
    0xff, 0x7f, 0xf0, 0x0, 0x0, 0x1f, 0xff, 0xff,
    0x0, 0x1, 0xff, 0xff, 0xf0, 0x0, 0x0, 0xf,
    0xff, 0xff, 0x80, 0x0, 0xff, 0xff, 0xf8, 0x0,
    0x0, 0x7, 0xff, 0xff, 0xc0, 0x0, 0x3f, 0xff,
    0xfc, 0x0, 0x0, 0x1, 0xff, 0xff, 0xc0, 0x0,
    0x1f, 0xff, 0xfe, 0x0, 0x0, 0x0, 0xff, 0xff,
    0xe0, 0x0, 0xf, 0xff, 0xfe, 0x0, 0x0, 0x0,
    0x7f, 0xff, 0xf0, 0x0, 0x7, 0xff, 0xff, 0x0,
    0x0, 0x0, 0x3f, 0xff, 0xf8, 0x0, 0x1, 0xff,
    0xff, 0x80, 0x0, 0x0, 0xf, 0xff, 0xf8, 0x0,
    0x0, 0xff, 0xff, 0xc0, 0x0, 0x0, 0x7, 0xff,
    0xfc, 0x0, 0x0, 0x7f, 0xff, 0xc0, 0x0, 0x0,
    0x3, 0xff, 0xfe, 0x0, 0x0, 0x3f, 0xff, 0xe0,
    0x0, 0x0, 0x1, 0xff, 0xff, 0x0, 0x0, 0xf,
    0xff, 0xf0, 0x0, 0x0, 0x0, 0x7f, 0xff, 0x0,
    0x0, 0x7, 0xff, 0xf8, 0x0, 0x0, 0x0, 0x3f,
    0xff, 0x80, 0x0, 0x3, 0xff, 0xf8, 0x0, 0x0,
    0x0, 0x1f, 0xff, 0xc0, 0x0, 0x1, 0xff, 0xfc,
    0x0, 0x0,

    /* U+0058 "X" */
    0x3f, 0xff, 0x0, 0x0, 0x0, 0x7f, 0xfc, 0x3f,
    0xff, 0x0, 0x0, 0x0, 0xff, 0xfc, 0x1f, 0xff,
    0x80, 0x0, 0x1, 0xff, 0xf8, 0x1f, 0xff, 0x80,
    0x0, 0x1, 0xff, 0xf0, 0xf, 0xff, 0xc0, 0x0,
    0x3, 0xff, 0xf0, 0x7, 0xff, 0xe0, 0x0, 0x3,
    0xff, 0xe0, 0x7, 0xff, 0xe0, 0x0, 0x7, 0xff,
    0xc0, 0x3, 0xff, 0xf0, 0x0, 0xf, 0xff, 0xc0,
    0x1, 0xff, 0xf0, 0x0, 0xf, 0xff, 0x80, 0x1,
    0xff, 0xf8, 0x0, 0x1f, 0xff, 0x80, 0x0, 0xff,
    0xfc, 0x0, 0x1f, 0xff, 0x0, 0x0, 0x7f, 0xfc,
    0x0, 0x3f, 0xfe, 0x0, 0x0, 0x7f, 0xfe, 0x0,
    0x3f, 0xfe, 0x0, 0x0, 0x3f, 0xfe, 0x0, 0x7f,
    0xfc, 0x0, 0x0, 0x1f, 0xff, 0x0, 0xff, 0xf8,
    0x0, 0x0, 0x1f, 0xff, 0x80, 0xff, 0xf8, 0x0,
    0x0, 0xf, 0xff, 0x81, 0xff, 0xf0, 0x0, 0x0,
    0xf, 0xff, 0xc1, 0xff, 0xf0, 0x0, 0x0, 0x7,
    0xff, 0xc3, 0xff, 0xe0, 0x0, 0x0, 0x3, 0xff,
    0xe7, 0xff, 0xc0, 0x0, 0x0, 0x3, 0xff, 0xf7,
    0xff, 0xc0, 0x0, 0x0, 0x1, 0xff, 0xff, 0xff,
    0x80, 0x0, 0x0, 0x0, 0xff, 0xff, 0xff, 0x0,
    0x0, 0x0, 0x0, 0xff, 0xff, 0xff, 0x0, 0x0,
    0x0, 0x0, 0x7f, 0xff, 0xfe, 0x0, 0x0, 0x0,
    0x0, 0x3f, 0xff, 0xfc, 0x0, 0x0, 0x0, 0x0,
    0x3f, 0xff, 0xfc, 0x0, 0x0, 0x0, 0x0, 0x1f,
    0xff, 0xf8, 0x0, 0x0, 0x0, 0x0, 0xf, 0xff,
    0xf8, 0x0, 0x0, 0x0, 0x0, 0xf, 0xff, 0xf0,
    0x0, 0x0, 0x0, 0x0, 0x1f, 0xff, 0xf0, 0x0,
    0x0, 0x0, 0x0, 0x3f, 0xff, 0xf8, 0x0, 0x0,
    0x0, 0x0, 0x3f, 0xff, 0xfc, 0x0, 0x0, 0x0,
    0x0, 0x7f, 0xff, 0xfc, 0x0, 0x0, 0x0, 0x0,
    0xff, 0xff, 0xfe, 0x0, 0x0, 0x0, 0x0, 0xff,
    0xff, 0xff, 0x0, 0x0, 0x0, 0x1, 0xff, 0xff,
    0xff, 0x0, 0x0, 0x0, 0x3, 0xff, 0xef, 0xff,
    0x80, 0x0, 0x0, 0x3, 0xff, 0xef, 0xff, 0xc0,
    0x0, 0x0, 0x7, 0xff, 0xc7, 0xff, 0xc0, 0x0,
    0x0, 0x7, 0xff, 0xc3, 0xff, 0xe0, 0x0, 0x0,
    0xf, 0xff, 0x83, 0xff, 0xf0, 0x0, 0x0, 0x1f,
    0xff, 0x1, 0xff, 0xf0, 0x0, 0x0, 0x1f, 0xff,
    0x1, 0xff, 0xf8, 0x0, 0x0, 0x3f, 0xfe, 0x0,
    0xff, 0xfc, 0x0, 0x0, 0x7f, 0xfe, 0x0, 0x7f,
    0xfc, 0x0, 0x0, 0x7f, 0xfc, 0x0, 0x7f, 0xfe,
    0x0, 0x0, 0xff, 0xf8, 0x0, 0x3f, 0xff, 0x0,
    0x1, 0xff, 0xf8, 0x0, 0x3f, 0xff, 0x0, 0x1,
    0xff, 0xf0, 0x0, 0x1f, 0xff, 0x80, 0x3, 0xff,
    0xe0, 0x0, 0xf, 0xff, 0xc0, 0x7, 0xff, 0xe0,
    0x0, 0xf, 0xff, 0xc0, 0x7, 0xff, 0xc0, 0x0,
    0x7, 0xff, 0xe0, 0xf, 0xff, 0xc0, 0x0, 0x3,
    0xff, 0xf0, 0xf, 0xff, 0x80, 0x0, 0x3, 0xff,
    0xf0, 0x1f, 0xff, 0x0, 0x0, 0x1, 0xff, 0xf8,
    0x3f, 0xff, 0x0, 0x0, 0x1, 0xff, 0xfc, 0x3f,
    0xfe, 0x0, 0x0, 0x0, 0xff, 0xfc, 0x7f, 0xfe,
    0x0, 0x0, 0x0, 0x7f, 0xfe, 0xff, 0xfc, 0x0,
    0x0, 0x0, 0x7f, 0xff,

    /* U+0059 "Y" */
    0xff, 0xfc, 0x0, 0x0, 0x1, 0xff, 0xfb, 0xff,
    0xe0, 0x0, 0x0, 0xf, 0xff, 0x9f, 0xff, 0x80,
    0x0, 0x0, 0xff, 0xfc, 0x7f, 0xfc, 0x0, 0x0,
    0x7, 0xff, 0xc3, 0xff, 0xf0, 0x0, 0x0, 0x7f,
    0xfe, 0xf, 0xff, 0x80, 0x0, 0x3, 0xff, 0xe0,
    0x7f, 0xfe, 0x0, 0x0, 0x3f, 0xff, 0x1, 0xff,
    0xf0, 0x0, 0x1, 0xff, 0xf0, 0xf, 0xff, 0xc0,
    0x0, 0x1f, 0xff, 0x80, 0x3f, 0xfe, 0x0, 0x0,
    0xff, 0xf8, 0x1, 0xff, 0xf8, 0x0, 0xf, 0xff,
    0xc0, 0x7, 0xff, 0xc0, 0x0, 0x7f, 0xfc, 0x0,
    0x3f, 0xff, 0x0, 0x7, 0xff, 0xc0, 0x0, 0xff,
    0xf8, 0x0, 0x3f, 0xfe, 0x0, 0x3, 0xff, 0xe0,
    0x3, 0xff, 0xe0, 0x0, 0x1f, 0xff, 0x80, 0x1f,
    0xff, 0x0, 0x0, 0x7f, 0xfc, 0x1, 0xff, 0xf0,
    0x0, 0x3, 0xff, 0xf0, 0x1f, 0xff, 0x80, 0x0,
    0xf, 0xff, 0x80, 0xff, 0xf8, 0x0, 0x0, 0x7f,
    0xfe, 0xf, 0xff, 0xc0, 0x0, 0x1, 0xff, 0xf0,
    0x7f, 0xfc, 0x0, 0x0, 0xf, 0xff, 0xc7, 0xff,
    0xe0, 0x0, 0x0, 0x3f, 0xfe, 0x3f, 0xfe, 0x0,
    0x0, 0x1, 0xff, 0xfb, 0xff, 0xf0, 0x0, 0x0,
    0x7, 0xff, 0xdf, 0xff, 0x0, 0x0, 0x0, 0x3f,
    0xff, 0xff, 0xf0, 0x0, 0x0, 0x0, 0xff, 0xff,
    0xff, 0x80, 0x0, 0x0, 0x7, 0xff, 0xff, 0xf8,
    0x0, 0x0, 0x0, 0x1f, 0xff, 0xff, 0xc0, 0x0,
    0x0, 0x0, 0x7f, 0xff, 0xfc, 0x0, 0x0, 0x0,
    0x3, 0xff, 0xff, 0xe0, 0x0, 0x0, 0x0, 0xf,
    0xff, 0xfe, 0x0, 0x0, 0x0, 0x0, 0x7f, 0xff,
    0xf0, 0x0, 0x0, 0x0, 0x1, 0xff, 0xff, 0x0,
    0x0, 0x0, 0x0, 0xf, 0xff, 0xf8, 0x0, 0x0,
    0x0, 0x0, 0x3f, 0xff, 0x80, 0x0, 0x0, 0x0,
    0x1, 0xff, 0xfc, 0x0, 0x0, 0x0, 0x0, 0x7,
    0xff, 0xc0, 0x0, 0x0, 0x0, 0x0, 0x3f, 0xfe,
    0x0, 0x0, 0x0, 0x0, 0x1, 0xff, 0xf0, 0x0,
    0x0, 0x0, 0x0, 0xf, 0xff, 0x80, 0x0, 0x0,
    0x0, 0x0, 0x7f, 0xfc, 0x0, 0x0, 0x0, 0x0,
    0x3, 0xff, 0xe0, 0x0, 0x0, 0x0, 0x0, 0x1f,
    0xff, 0x0, 0x0, 0x0, 0x0, 0x0, 0xff, 0xf8,
    0x0, 0x0, 0x0, 0x0, 0x7, 0xff, 0xc0, 0x0,
    0x0, 0x0, 0x0, 0x3f, 0xfe, 0x0, 0x0, 0x0,
    0x0, 0x1, 0xff, 0xf0, 0x0, 0x0, 0x0, 0x0,
    0xf, 0xff, 0x80, 0x0, 0x0, 0x0, 0x0, 0x7f,
    0xfc, 0x0, 0x0, 0x0, 0x0, 0x3, 0xff, 0xe0,
    0x0, 0x0, 0x0, 0x0, 0x1f, 0xff, 0x0, 0x0,
    0x0, 0x0, 0x0, 0xff, 0xf8, 0x0, 0x0, 0x0,
    0x0, 0x7, 0xff, 0xc0, 0x0, 0x0, 0x0, 0x0,
    0x3f, 0xfe, 0x0, 0x0, 0x0, 0x0, 0x1, 0xff,
    0xf0, 0x0, 0x0, 0x0, 0x0, 0xf, 0xff, 0x80,
    0x0, 0x0, 0x0, 0x0, 0x7f, 0xfc, 0x0, 0x0,
    0x0, 0x0, 0x3, 0xff, 0xe0, 0x0, 0x0, 0x0,
    0x0, 0x1f, 0xff, 0x0, 0x0, 0x0, 0x0, 0x0,
    0xff, 0xf8, 0x0, 0x0, 0x0,

    /* U+005A "Z" */
    0x7f, 0xff, 0xff, 0xff, 0xff, 0xf3, 0xff, 0xff,
    0xff, 0xff, 0xff, 0x9f, 0xff, 0xff, 0xff, 0xff,
    0xfc, 0xff, 0xff, 0xff, 0xff, 0xff, 0xe7, 0xff,
    0xff, 0xff, 0xff, 0xff, 0x3f, 0xff, 0xff, 0xff,
    0xff, 0xf9, 0xff, 0xff, 0xff, 0xff, 0xff, 0xcf,
    0xff, 0xff, 0xff, 0xff, 0xfe, 0x7f, 0xff, 0xff,
    0xff, 0xff, 0xf3, 0xff, 0xff, 0xff, 0xff, 0xff,
    0x0, 0x0, 0x0, 0x1, 0xff, 0xf0, 0x0, 0x0,
    0x0, 0x1f, 0xff, 0x80, 0x0, 0x0, 0x1, 0xff,
    0xf8, 0x0, 0x0, 0x0, 0xf, 0xff, 0x80, 0x0,
    0x0, 0x0, 0xff, 0xf8, 0x0, 0x0, 0x0, 0xf,
    0xff, 0xc0, 0x0, 0x0, 0x0, 0xff, 0xfc, 0x0,
    0x0, 0x0, 0x7, 0xff, 0xc0, 0x0, 0x0, 0x0,
    0x7f, 0xfe, 0x0, 0x0, 0x0, 0x7, 0xff, 0xe0,
    0x0, 0x0, 0x0, 0x3f, 0xfe, 0x0, 0x0, 0x0,
    0x3, 0xff, 0xf0, 0x0, 0x0, 0x0, 0x3f, 0xff,
    0x0, 0x0, 0x0, 0x1, 0xff, 0xf0, 0x0, 0x0,
    0x0, 0x1f, 0xff, 0x80, 0x0, 0x0, 0x1, 0xff,
    0xf8, 0x0, 0x0, 0x0, 0xf, 0xff, 0x80, 0x0,
    0x0, 0x0, 0xff, 0xfc, 0x0, 0x0, 0x0, 0xf,
    0xff, 0xc0, 0x0, 0x0, 0x0, 0x7f, 0xfc, 0x0,
    0x0, 0x0, 0x7, 0xff, 0xe0, 0x0, 0x0, 0x0,
    0x7f, 0xfe, 0x0, 0x0, 0x0, 0x7, 0xff, 0xe0,
    0x0, 0x0, 0x0, 0x3f, 0xff, 0x0, 0x0, 0x0,
    0x3, 0xff, 0xf0, 0x0, 0x0, 0x0, 0x3f, 0xff,
    0x0, 0x0, 0x0, 0x1, 0xff, 0xf8, 0x0, 0x0,
    0x0, 0x1f, 0xff, 0x80, 0x0, 0x0, 0x1, 0xff,
    0xf8, 0x0, 0x0, 0x0, 0xf, 0xff, 0x80, 0x0,
    0x0, 0x0, 0xff, 0xfc, 0x0, 0x0, 0x0, 0xf,
    0xff, 0xc0, 0x0, 0x0, 0x0, 0x7f, 0xfc, 0x0,
    0x0, 0x0, 0x7, 0xff, 0xe0, 0x0, 0x0, 0x0,
    0x7f, 0xfe, 0x0, 0x0, 0x0, 0x3, 0xff, 0xe0,
    0x0, 0x0, 0x0, 0x3f, 0xff, 0x0, 0x0, 0x0,
    0x3, 0xff, 0xf0, 0x0, 0x0, 0x0, 0x3f, 0xff,
    0x0, 0x0, 0x0, 0x1, 0xff, 0xf8, 0x0, 0x0,
    0x0, 0x1f, 0xff, 0xff, 0xff, 0xff, 0xff, 0xff,
    0xff, 0xff, 0xff, 0xff, 0xff, 0xff, 0xff, 0xff,
    0xff, 0xff, 0xff, 0xff, 0xff, 0xff, 0xff, 0xff,
    0xff, 0xff, 0xff, 0xff, 0xff, 0xff, 0xff, 0xff,
    0xff, 0xff, 0xff, 0xff, 0xff, 0xff, 0xff, 0xff,
    0xff, 0xff, 0xff, 0xff, 0xff, 0xff, 0xff, 0xff,
    0xff, 0xff, 0xff, 0xff, 0xff, 0xff, 0xff, 0xff,
    0xff, 0xf0,

    /* U+005B "[" */
    0xff, 0xff, 0xff, 0xff, 0xff, 0xff, 0xff, 0xff,
    0xff, 0xff, 0xff, 0xff, 0xff, 0xff, 0xff, 0xff,
    0xff, 0xff, 0xff, 0xff, 0xff, 0xe0, 0xf, 0xfe,
    0x0, 0xff, 0xe0, 0xf, 0xfe, 0x0, 0xff, 0xe0,
    0xf, 0xfe, 0x0, 0xff, 0xe0, 0xf, 0xfe, 0x0,
    0xff, 0xe0, 0xf, 0xfe, 0x0, 0xff, 0xe0, 0xf,
    0xfe, 0x0, 0xff, 0xe0, 0xf, 0xfe, 0x0, 0xff,
    0xe0, 0xf, 0xfe, 0x0, 0xff, 0xe0, 0xf, 0xfe,
    0x0, 0xff, 0xe0, 0xf, 0xfe, 0x0, 0xff, 0xe0,
    0xf, 0xfe, 0x0, 0xff, 0xe0, 0xf, 0xfe, 0x0,
    0xff, 0xe0, 0xf, 0xfe, 0x0, 0xff, 0xe0, 0xf,
    0xfe, 0x0, 0xff, 0xe0, 0xf, 0xfe, 0x0, 0xff,
    0xe0, 0xf, 0xfe, 0x0, 0xff, 0xe0, 0xf, 0xfe,
    0x0, 0xff, 0xe0, 0xf, 0xfe, 0x0, 0xff, 0xe0,
    0xf, 0xfe, 0x0, 0xff, 0xe0, 0xf, 0xfe, 0x0,
    0xff, 0xe0, 0xf, 0xfe, 0x0, 0xff, 0xe0, 0xf,
    0xfe, 0x0, 0xff, 0xe0, 0xf, 0xfe, 0x0, 0xff,
    0xe0, 0xf, 0xfe, 0x0, 0xff, 0xe0, 0xf, 0xfe,
    0x0, 0xff, 0xe0, 0xf, 0xfe, 0x0, 0xff, 0xe0,
    0xf, 0xfe, 0x0, 0xff, 0xe0, 0xf, 0xfe, 0x0,
    0xff, 0xe0, 0xf, 0xff, 0xff, 0xff, 0xff, 0xff,
    0xff, 0xff, 0xff, 0xff, 0xff, 0xff, 0xff, 0xff,
    0xff, 0xff, 0xff, 0xff, 0xff, 0xff, 0xf0,

    /* U+005C "\\" */
    0xff, 0xf0, 0x0, 0x0, 0x1f, 0xfc, 0x0, 0x0,
    0x7, 0xff, 0x80, 0x0, 0x0, 0xff, 0xe0, 0x0,
    0x0, 0x3f, 0xf8, 0x0, 0x0, 0xf, 0xff, 0x0,
    0x0, 0x1, 0xff, 0xc0, 0x0, 0x0, 0x7f, 0xf0,
    0x0, 0x0, 0x1f, 0xfe, 0x0, 0x0, 0x3, 0xff,
    0x80, 0x0, 0x0, 0xff, 0xf0, 0x0, 0x0, 0x1f,
    0xfc, 0x0, 0x0, 0x7, 0xff, 0x0, 0x0, 0x1,
    0xff, 0xe0, 0x0, 0x0, 0x3f, 0xf8, 0x0, 0x0,
    0xf, 0xfe, 0x0, 0x0, 0x3, 0xff, 0xc0, 0x0,
    0x0, 0x7f, 0xf0, 0x0, 0x0, 0x1f, 0xfe, 0x0,
    0x0, 0x3, 0xff, 0x80, 0x0, 0x0, 0xff, 0xe0,
    0x0, 0x0, 0x3f, 0xfc, 0x0, 0x0, 0x7, 0xff,
    0x0, 0x0, 0x1, 0xff, 0xc0, 0x0, 0x0, 0x7f,
    0xf8, 0x0, 0x0, 0xf, 0xfe, 0x0, 0x0, 0x3,
    0xff, 0x80, 0x0, 0x0, 0xff, 0xf0, 0x0, 0x0,
    0x1f, 0xfc, 0x0, 0x0, 0x7, 0xff, 0x80, 0x0,
    0x0, 0xff, 0xe0, 0x0, 0x0, 0x3f, 0xf8, 0x0,
    0x0, 0xf, 0xff, 0x0, 0x0, 0x1, 0xff, 0xc0,
    0x0, 0x0, 0x7f, 0xf0, 0x0, 0x0, 0x1f, 0xfe,
    0x0, 0x0, 0x3, 0xff, 0x80, 0x0, 0x0, 0xff,
    0xf0, 0x0, 0x0, 0x1f, 0xfc, 0x0, 0x0, 0x7,
    0xff, 0x0, 0x0, 0x1, 0xff, 0xe0, 0x0, 0x0,
    0x3f, 0xf8, 0x0, 0x0, 0xf, 0xfe, 0x0, 0x0,
    0x3, 0xff, 0xc0, 0x0, 0x0, 0x7f, 0xf0, 0x0,
    0x0, 0x1f, 0xfc, 0x0, 0x0, 0x7, 0xff, 0x80,
    0x0, 0x0, 0xff, 0xe0, 0x0, 0x0, 0x3f, 0xfc,
    0x0, 0x0, 0x7, 0xff, 0x0, 0x0, 0x1, 0xff,
    0xc0, 0x0, 0x0, 0x7f, 0xf8, 0x0, 0x0, 0xf,
    0xfe, 0x0, 0x0, 0x3, 0xff, 0x80, 0x0, 0x0,
    0xff, 0xf0, 0x0, 0x0, 0x1f, 0xfc, 0x0, 0x0,
    0x7, 0xff, 0x80, 0x0, 0x0, 0xff, 0xe0, 0x0,
    0x0, 0x3f, 0xf8, 0x0, 0x0, 0xf, 0xff, 0x0,
    0x0, 0x1, 0xff, 0xc0,

    /* U+005D "]" */
    0xff, 0xff, 0xff, 0xff, 0xff, 0xff, 0xff, 0xff,
    0xff, 0xff, 0xff, 0xff, 0xff, 0xff, 0xff, 0xff,
    0xff, 0xff, 0xff, 0xff, 0x0, 0x7f, 0xf0, 0x7,
    0xff, 0x0, 0x7f, 0xf0, 0x7, 0xff, 0x0, 0x7f,
    0xf0, 0x7, 0xff, 0x0, 0x7f, 0xf0, 0x7, 0xff,
    0x0, 0x7f, 0xf0, 0x7, 0xff, 0x0, 0x7f, 0xf0,
    0x7, 0xff, 0x0, 0x7f, 0xf0, 0x7, 0xff, 0x0,
    0x7f, 0xf0, 0x7, 0xff, 0x0, 0x7f, 0xf0, 0x7,
    0xff, 0x0, 0x7f, 0xf0, 0x7, 0xff, 0x0, 0x7f,
    0xf0, 0x7, 0xff, 0x0, 0x7f, 0xf0, 0x7, 0xff,
    0x0, 0x7f, 0xf0, 0x7, 0xff, 0x0, 0x7f, 0xf0,
    0x7, 0xff, 0x0, 0x7f, 0xf0, 0x7, 0xff, 0x0,
    0x7f, 0xf0, 0x7, 0xff, 0x0, 0x7f, 0xf0, 0x7,
    0xff, 0x0, 0x7f, 0xf0, 0x7, 0xff, 0x0, 0x7f,
    0xf0, 0x7, 0xff, 0x0, 0x7f, 0xf0, 0x7, 0xff,
    0x0, 0x7f, 0xf0, 0x7, 0xff, 0x0, 0x7f, 0xf0,
    0x7, 0xff, 0x0, 0x7f, 0xf0, 0x7, 0xff, 0x0,
    0x7f, 0xf0, 0x7, 0xff, 0x0, 0x7f, 0xf0, 0x7,
    0xff, 0x0, 0x7f, 0xf0, 0x7, 0xff, 0x0, 0x7f,
    0xf0, 0x7, 0xff, 0x0, 0x7f, 0xf0, 0x7, 0xff,
    0x0, 0x7f, 0xff, 0xff, 0xff, 0xff, 0xff, 0xff,
    0xff, 0xff, 0xff, 0xff, 0xff, 0xff, 0xff, 0xff,
    0xff, 0xff, 0xff, 0xff, 0xff, 0xff, 0xf0,

    /* U+005E "^" */
    0x0, 0x0, 0x3f, 0x0, 0x0, 0x0, 0x0, 0x7,
    0xf8, 0x0, 0x0, 0x0, 0x0, 0x7f, 0x80, 0x0,
    0x0, 0x0, 0xf, 0xfc, 0x0, 0x0, 0x0, 0x0,
    0xff, 0xc0, 0x0, 0x0, 0x0, 0x1f, 0xfe, 0x0,
    0x0, 0x0, 0x1, 0xff, 0xe0, 0x0, 0x0, 0x0,
    0x3f, 0xff, 0x0, 0x0, 0x0, 0x3, 0xff, 0xf0,
    0x0, 0x0, 0x0, 0x3f, 0xff, 0x80, 0x0, 0x0,
    0x7, 0xff, 0xf8, 0x0, 0x0, 0x0, 0x7f, 0xff,
    0xc0, 0x0, 0x0, 0xf, 0xff, 0xfc, 0x0, 0x0,
    0x0, 0xff, 0xbf, 0xe0, 0x0, 0x0, 0x1f, 0xf3,
    0xfe, 0x0, 0x0, 0x1, 0xff, 0x1f, 0xf0, 0x0,
    0x0, 0x3f, 0xe1, 0xff, 0x0, 0x0, 0x3, 0xfe,
    0xf, 0xf8, 0x0, 0x0, 0x7f, 0xe0, 0xff, 0x80,
    0x0, 0x7, 0xfc, 0x7, 0xfc, 0x0, 0x0, 0xff,
    0xc0, 0x7f, 0xc0, 0x0, 0xf, 0xf8, 0x3, 0xfe,
    0x0, 0x0, 0xff, 0x80, 0x3f, 0xf0, 0x0, 0x1f,
    0xf0, 0x1, 0xff, 0x0, 0x1, 0xff, 0x0, 0x1f,
    0xf8, 0x0, 0x3f, 0xe0, 0x0, 0xff, 0x80, 0x3,
    0xfe, 0x0, 0xf, 0xfc, 0x0, 0x7f, 0xe0, 0x0,
    0x7f, 0xc0, 0x7, 0xfc, 0x0, 0x7, 0xfe, 0x0,
    0xff, 0xc0, 0x0, 0x3f, 0xe0, 0xf, 0xf8, 0x0,
    0x3, 0xff, 0x1, 0xff, 0x80, 0x0, 0x1f, 0xf0,
    0x1f, 0xf0, 0x0, 0x1, 0xff, 0x83, 0xff, 0x0,
    0x0, 0xf, 0xf8, 0x3f, 0xf0, 0x0, 0x0, 0xff,
    0xc3, 0xfe, 0x0, 0x0, 0x7, 0xfc, 0x7f, 0xe0,
    0x0, 0x0, 0x7f, 0xe7, 0xfc, 0x0, 0x0, 0x3,
    0xfe, 0xff, 0xc0, 0x0, 0x0, 0x3f, 0xf0,

    /* U+005F "_" */
    0xff, 0xff, 0xff, 0xff, 0xff, 0xff, 0xff, 0xff,
    0xff, 0xff, 0xff, 0xff, 0xff, 0xff, 0xff, 0xff,
    0xff, 0xff, 0xff, 0xff, 0xff, 0xff, 0xff, 0xff,
    0xff, 0xff, 0xc0,

    /* U+0060 "`" */
    0xff, 0xfc, 0x0, 0xff, 0xfe, 0x0, 0x7f, 0xfe,
    0x0, 0x3f, 0xff, 0x0, 0x1f, 0xff, 0x80, 0x7,
    0xff, 0x80, 0x3, 0xff, 0xc0, 0x1, 0xff, 0xe0,
    0x0, 0xff, 0xf0, 0x0, 0x7f, 0xf8, 0x0, 0x1f,
    0xfc, 0x0, 0xf, 0xfc, 0x0, 0x7, 0xfe, 0x0,
    0x1, 0xff,

    /* U+0061 "a" */
    0x0, 0x0, 0xff, 0xf0, 0x0, 0x0, 0xf, 0xff,
    0xff, 0x80, 0x0, 0x3f, 0xff, 0xff, 0xf0, 0x0,
    0x7f, 0xff, 0xff, 0xfc, 0x0, 0xff, 0xff, 0xff,
    0xff, 0x80, 0x3f, 0xff, 0xff, 0xff, 0xe0, 0x1f,
    0xff, 0xff, 0xff, 0xf0, 0x7, 0xff, 0xff, 0xff,
    0xfc, 0x3, 0xff, 0xff, 0xff, 0xfe, 0x0, 0xff,
    0xff, 0xff, 0xff, 0x80, 0x7f, 0xc0, 0x3f, 0xff,
    0xc0, 0x1f, 0x0, 0x7, 0xff, 0xe0, 0xc, 0x0,
    0x1, 0xff, 0xf8, 0x0, 0x0, 0x0, 0xff, 0xfc,
    0x0, 0x0, 0x0, 0x3f, 0xfe, 0x0, 0x0, 0x0,
    0x1f, 0xff, 0x0, 0x0, 0x0, 0xf, 0xff, 0x80,
    0x0, 0x0, 0x7, 0xff, 0xc0, 0x0, 0x0, 0x3,
    0xff, 0xe0, 0x0, 0xff, 0xff, 0xff, 0xf0, 0x7,
    0xff, 0xff, 0xff, 0xf8, 0xf, 0xff, 0xff, 0xff,
    0xfc, 0x1f, 0xff, 0xff, 0xff, 0xfe, 0x1f, 0xff,
    0xff, 0xff, 0xff, 0x1f, 0xff, 0xff, 0xff, 0xff,
    0x9f, 0xff, 0xff, 0xff, 0xff, 0xdf, 0xff, 0xf8,
    0x3, 0xff, 0xef, 0xff, 0xe0, 0x1, 0xff, 0xf7,
    0xff, 0xe0, 0x0, 0xff, 0xff, 0xff, 0xe0, 0x0,
    0x7f, 0xff, 0xff, 0xf0, 0x0, 0x3f, 0xff, 0xff,
    0xf0, 0x0, 0x1f, 0xff, 0xff, 0xf8, 0x0, 0xf,
    0xff, 0xff, 0xfc, 0x0, 0xf, 0xff, 0xff, 0xfe,
    0x0, 0x7, 0xff, 0xff, 0xff, 0x0, 0x7, 0xff,
    0xff, 0xff, 0xc0, 0x7, 0xff, 0xff, 0xff, 0xe0,
    0x7, 0xff, 0xfd, 0xff, 0xfc, 0xf, 0xff, 0xfe,
    0xff, 0xff, 0xff, 0xff, 0xff, 0x7f, 0xff, 0xff,
    0xff, 0xff, 0x9f, 0xff, 0xff, 0xfd, 0xff, 0xcf,
    0xff, 0xff, 0xfc, 0xff, 0xe3, 0xff, 0xff, 0xfc,
    0x7f, 0xf0, 0xff, 0xff, 0xfc, 0x1f, 0xf8, 0x3f,
    0xff, 0xf8, 0xf, 0xfc, 0x7, 0xff, 0xf8, 0x3,
    0xfe, 0x0, 0x7f, 0xe0, 0x0, 0x0,

    /* U+0062 "b" */
    0xff, 0xf8, 0x0, 0x0, 0x0, 0x1f, 0xff, 0x0,
    0x0, 0x0, 0x3, 0xff, 0xe0, 0x0, 0x0, 0x0,
    0x7f, 0xfc, 0x0, 0x0, 0x0, 0xf, 0xff, 0x80,
    0x0, 0x0, 0x1, 0xff, 0xf0, 0x0, 0x0, 0x0,
    0x3f, 0xfe, 0x0, 0x0, 0x0, 0x7, 0xff, 0xc0,
    0x0, 0x0, 0x0, 0xff, 0xf8, 0x0, 0x0, 0x0,
    0x1f, 0xff, 0x0, 0x0, 0x0, 0x3, 0xff, 0xe0,
    0x0, 0x0, 0x0, 0x7f, 0xfc, 0x0, 0x0, 0x0,
    0xf, 0xff, 0x80, 0x0, 0x0, 0x1, 0xff, 0xf0,
    0x0, 0x0, 0x0, 0x3f, 0xfe, 0x0, 0x0, 0x0,
    0x7, 0xff, 0xc0, 0x0, 0x0, 0x0, 0xff, 0xf8,
    0x0, 0x0, 0x0, 0x1f, 0xff, 0x0, 0x7f, 0x80,
    0x3, 0xff, 0xe0, 0x7f, 0xfe, 0x0, 0x7f, 0xfc,
    0x3f, 0xff, 0xe0, 0xf, 0xff, 0x8f, 0xff, 0xff,
    0x1, 0xff, 0xf3, 0xff, 0xff, 0xf0, 0x3f, 0xfe,
    0xff, 0xff, 0xff, 0x7, 0xff, 0xff, 0xff, 0xff,
    0xf0, 0xff, 0xff, 0xff, 0xff, 0xfe, 0x1f, 0xff,
    0xff, 0xff, 0xff, 0xe3, 0xff, 0xff, 0xff, 0xff,
    0xfc, 0x7f, 0xff, 0xe0, 0x7f, 0xff, 0xcf, 0xff,
    0xf0, 0x3, 0xff, 0xf9, 0xff, 0xfc, 0x0, 0x3f,
    0xff, 0x3f, 0xff, 0x80, 0x3, 0xff, 0xf7, 0xff,
    0xe0, 0x0, 0x7f, 0xfe, 0xff, 0xfc, 0x0, 0x7,
    0xff, 0xdf, 0xff, 0x80, 0x0, 0xff, 0xfb, 0xff,
    0xe0, 0x0, 0x1f, 0xff, 0xff, 0xfc, 0x0, 0x1,
    0xff, 0xff, 0xff, 0x80, 0x0, 0x3f, 0xff, 0xff,
    0xf0, 0x0, 0x7, 0xff, 0xff, 0xfe, 0x0, 0x0,
    0xff, 0xff, 0xff, 0xc0, 0x0, 0x1f, 0xff, 0xff,
    0xf8, 0x0, 0x3, 0xff, 0xff, 0xff, 0x0, 0x0,
    0x7f, 0xff, 0xff, 0xe0, 0x0, 0xf, 0xff, 0xff,
    0xfc, 0x0, 0x1, 0xff, 0xff, 0xff, 0x80, 0x0,
    0x3f, 0xff, 0xff, 0xf0, 0x0, 0x7, 0xff, 0xff,
    0xfe, 0x0, 0x1, 0xff, 0xff, 0xff, 0xe0, 0x0,
    0x3f, 0xff, 0xff, 0xfc, 0x0, 0x7, 0xff, 0xdf,
    0xff, 0x80, 0x0, 0xff, 0xfb, 0xff, 0xf0, 0x0,
    0x3f, 0xff, 0x7f, 0xff, 0x0, 0x7, 0xff, 0xef,
    0xff, 0xf0, 0x1, 0xff, 0xf9, 0xff, 0xff, 0x0,
    0x7f, 0xff, 0x3f, 0xff, 0xf8, 0x3f, 0xff, 0xe7,
    0xff, 0xff, 0xff, 0xff, 0xf8, 0xff, 0xff, 0xff,
    0xff, 0xff, 0x1f, 0xff, 0xff, 0xff, 0xff, 0xc3,
    0xff, 0xff, 0xff, 0xff, 0xf0, 0x7f, 0xf9, 0xff,
    0xff, 0xfe, 0xf, 0xff, 0x3f, 0xff, 0xff, 0x81,
    0xff, 0xc1, 0xff, 0xff, 0xe0, 0x3f, 0xf8, 0x1f,
    0xff, 0xf0, 0x7, 0xfe, 0x1, 0xff, 0xfc, 0x0,
    0x0, 0x0, 0x7, 0xfc, 0x0, 0x0,

    /* U+0063 "c" */
    0x0, 0x0, 0x7f, 0xf8, 0x0, 0x0, 0x3f, 0xff,
    0xfc, 0x0, 0x7, 0xff, 0xff, 0xfc, 0x0, 0xff,
    0xff, 0xff, 0xf0, 0xf, 0xff, 0xff, 0xff, 0x0,
    0xff, 0xff, 0xff, 0xf8, 0xf, 0xff, 0xff, 0xff,
    0xc0, 0xff, 0xff, 0xff, 0xfc, 0xf, 0xff, 0xff,
    0xff, 0xe0, 0xff, 0xff, 0xff, 0xff, 0x7, 0xff,
    0xf8, 0x7, 0xf0, 0x7f, 0xff, 0x0, 0x7, 0x83,
    0xff, 0xf0, 0x0, 0x8, 0x1f, 0xff, 0x0, 0x0,
    0x1, 0xff, 0xf8, 0x0, 0x0, 0xf, 0xff, 0x80,
    0x0, 0x0, 0x7f, 0xfc, 0x0, 0x0, 0x3, 0xff,
    0xe0, 0x0, 0x0, 0x3f, 0xfe, 0x0, 0x0, 0x1,
    0xff, 0xf0, 0x0, 0x0, 0xf, 0xff, 0x80, 0x0,
    0x0, 0x7f, 0xfc, 0x0, 0x0, 0x3, 0xff, 0xe0,
    0x0, 0x0, 0x1f, 0xff, 0x0, 0x0, 0x0, 0xff,
    0xf8, 0x0, 0x0, 0x7, 0xff, 0xc0, 0x0, 0x0,
    0x3f, 0xfe, 0x0, 0x0, 0x1, 0xff, 0xf0, 0x0,
    0x0, 0xf, 0xff, 0x80, 0x0, 0x0, 0x7f, 0xfc,
    0x0, 0x0, 0x3, 0xff, 0xf0, 0x0, 0x0, 0xf,
    0xff, 0x80, 0x0, 0x0, 0x7f, 0xfc, 0x0, 0x0,
    0x3, 0xff, 0xf0, 0x0, 0x0, 0x1f, 0xff, 0x80,
    0x0, 0x4, 0x7f, 0xfe, 0x0, 0x0, 0xe3, 0xff,
    0xf8, 0x0, 0x1f, 0x1f, 0xff, 0xf8, 0x7, 0xf8,
    0x7f, 0xff, 0xff, 0xff, 0xc3, 0xff, 0xff, 0xff,
    0xfe, 0xf, 0xff, 0xff, 0xff, 0xf0, 0x3f, 0xff,
    0xff, 0xff, 0x80, 0xff, 0xff, 0xff, 0xfc, 0x3,
    0xff, 0xff, 0xff, 0xe0, 0xf, 0xff, 0xff, 0xff,
    0x0, 0x1f, 0xff, 0xff, 0xe0, 0x0, 0x3f, 0xff,
    0xfc, 0x0, 0x0, 0x1f, 0xfe, 0x0,

    /* U+0064 "d" */
    0x0, 0x0, 0x0, 0x3, 0xff, 0xe0, 0x0, 0x0,
    0x0, 0x7f, 0xfc, 0x0, 0x0, 0x0, 0xf, 0xff,
    0x80, 0x0, 0x0, 0x1, 0xff, 0xf0, 0x0, 0x0,
    0x0, 0x3f, 0xfe, 0x0, 0x0, 0x0, 0x7, 0xff,
    0xc0, 0x0, 0x0, 0x0, 0xff, 0xf8, 0x0, 0x0,
    0x0, 0x1f, 0xff, 0x0, 0x0, 0x0, 0x3, 0xff,
    0xe0, 0x0, 0x0, 0x0, 0x7f, 0xfc, 0x0, 0x0,
    0x0, 0xf, 0xff, 0x80, 0x0, 0x0, 0x1, 0xff,
    0xf0, 0x0, 0x0, 0x0, 0x3f, 0xfe, 0x0, 0x0,
    0x0, 0x7, 0xff, 0xc0, 0x0, 0x0, 0x0, 0xff,
    0xf8, 0x0, 0x0, 0x0, 0x1f, 0xff, 0x0, 0x0,
    0x0, 0x3, 0xff, 0xe0, 0x0, 0xff, 0x80, 0x7f,
    0xfc, 0x0, 0xff, 0xfe, 0xf, 0xff, 0x80, 0x3f,
    0xff, 0xe1, 0xff, 0xf0, 0x1f, 0xff, 0xff, 0x3f,
    0xfe, 0x7, 0xff, 0xff, 0xf3, 0xff, 0xc1, 0xff,
    0xff, 0xff, 0x7f, 0xf8, 0x3f, 0xff, 0xff, 0xef,
    0xff, 0xf, 0xff, 0xff, 0xff, 0xff, 0xe3, 0xff,
    0xff, 0xff, 0xff, 0xfc, 0x7f, 0xff, 0xff, 0xff,
    0xff, 0x9f, 0xff, 0xf0, 0x3f, 0xff, 0xf3, 0xff,
    0xf8, 0x1, 0xff, 0xfe, 0x7f, 0xfe, 0x0, 0x1f,
    0xff, 0xdf, 0xff, 0x80, 0x1, 0xff, 0xfb, 0xff,
    0xf0, 0x0, 0x3f, 0xff, 0x7f, 0xfc, 0x0, 0x3,
    0xff, 0xef, 0xff, 0x80, 0x0, 0x7f, 0xff, 0xff,
    0xf0, 0x0, 0xf, 0xff, 0xff, 0xfc, 0x0, 0x1,
    0xff, 0xff, 0xff, 0x80, 0x0, 0x1f, 0xff, 0xff,
    0xf0, 0x0, 0x3, 0xff, 0xff, 0xfe, 0x0, 0x0,
    0x7f, 0xff, 0xff, 0xc0, 0x0, 0xf, 0xff, 0xff,
    0xf8, 0x0, 0x1, 0xff, 0xff, 0xff, 0x0, 0x0,
    0x3f, 0xff, 0xff, 0xe0, 0x0, 0x7, 0xff, 0xff,
    0xfc, 0x0, 0x0, 0xff, 0xff, 0xff, 0x80, 0x0,
    0x1f, 0xff, 0xff, 0xf0, 0x0, 0x3, 0xff, 0xff,
    0xfe, 0x0, 0x0, 0xff, 0xff, 0xff, 0xe0, 0x0,
    0x1f, 0xff, 0x7f, 0xfc, 0x0, 0x3, 0xff, 0xef,
    0xff, 0x80, 0x0, 0x7f, 0xfd, 0xff, 0xf8, 0x0,
    0x1f, 0xff, 0xbf, 0xff, 0x0, 0x3, 0xff, 0xf7,
    0xff, 0xf0, 0x0, 0xff, 0xfe, 0x7f, 0xff, 0x0,
    0x3f, 0xff, 0xcf, 0xff, 0xf8, 0x1f, 0xff, 0xf8,
    0xff, 0xff, 0xff, 0xff, 0xff, 0x1f, 0xff, 0xff,
    0xff, 0xff, 0xe1, 0xff, 0xff, 0xff, 0xff, 0xfc,
    0x3f, 0xff, 0xff, 0xf7, 0xff, 0x83, 0xff, 0xff,
    0xfc, 0xff, 0xf0, 0x3f, 0xff, 0xff, 0xf, 0xfe,
    0x3, 0xff, 0xff, 0xc1, 0xff, 0xc0, 0x1f, 0xff,
    0xf0, 0x3f, 0xf8, 0x1, 0xff, 0xf8, 0x3, 0xff,
    0x0, 0x7, 0xfc, 0x0, 0x0, 0x0,

    /* U+0065 "e" */
    0x0, 0x0, 0xff, 0xe0, 0x0, 0x0, 0x1, 0xff,
    0xff, 0x0, 0x0, 0x1, 0xff, 0xff, 0xf8, 0x0,
    0x1, 0xff, 0xff, 0xff, 0x0, 0x0, 0xff, 0xff,
    0xff, 0xe0, 0x0, 0x7f, 0xff, 0xff, 0xfe, 0x0,
    0x3f, 0xff, 0xff, 0xff, 0x80, 0x1f, 0xff, 0xff,
    0xff, 0xf0, 0xf, 0xff, 0xff, 0xff, 0xfe, 0x7,
    0xff, 0xf8, 0x1f, 0xff, 0x81, 0xff, 0xf8, 0x1,
    0xff, 0xf0, 0xff, 0xfc, 0x0, 0x3f, 0xfc, 0x3f,
    0xfe, 0x0, 0xf, 0xff, 0x8f, 0xff, 0x0, 0x1,
    0xff, 0xe7, 0xff, 0xc0, 0x0, 0x7f, 0xf9, 0xff,
    0xf0, 0x0, 0xf, 0xff, 0x7f, 0xfc, 0x0, 0x3,
    0xff, 0xdf, 0xfe, 0x0, 0x0, 0xff, 0xff, 0xff,
    0x80, 0x0, 0x3f, 0xff, 0xff, 0xff, 0xff, 0xff,
    0xff, 0xff, 0xff, 0xff, 0xff, 0xff, 0xff, 0xff,
    0xff, 0xff, 0xff, 0xff, 0xff, 0xff, 0xff, 0xff,
    0xff, 0xff, 0xff, 0xff, 0xff, 0xff, 0xff, 0xff,
    0xff, 0xff, 0xff, 0xff, 0xff, 0xff, 0xff, 0xff,
    0xff, 0xff, 0xff, 0xff, 0xff, 0xff, 0xff, 0xe0,
    0x0, 0x0, 0x0, 0xff, 0xf8, 0x0, 0x0, 0x0,
    0x3f, 0xfe, 0x0, 0x0, 0x0, 0xf, 0xff, 0x80,
    0x0, 0x0, 0x1, 0xff, 0xf0, 0x0, 0x0, 0x0,
    0x7f, 0xfc, 0x0, 0x0, 0x0, 0x1f, 0xff, 0x80,
    0x0, 0x0, 0x3, 0xff, 0xe0, 0x0, 0x0, 0x0,
    0xff, 0xfc, 0x0, 0x0, 0x18, 0x3f, 0xff, 0xc0,
    0x0, 0x3e, 0x7, 0xff, 0xfc, 0x0, 0xff, 0x81,
    0xff, 0xff, 0xff, 0xff, 0xe0, 0x3f, 0xff, 0xff,
    0xff, 0xf8, 0x7, 0xff, 0xff, 0xff, 0xfe, 0x0,
    0xff, 0xff, 0xff, 0xff, 0x80, 0x1f, 0xff, 0xff,
    0xff, 0xe0, 0x3, 0xff, 0xff, 0xff, 0xf8, 0x0,
    0x7f, 0xff, 0xff, 0xfe, 0x0, 0x7, 0xff, 0xff,
    0xfe, 0x0, 0x0, 0x3f, 0xff, 0xfe, 0x0, 0x0,
    0x1, 0xff, 0xf0, 0x0,

    /* U+0066 "f" */
    0x0, 0x0, 0x3f, 0xf8, 0x0, 0x0, 0xff, 0xff,
    0xe0, 0x0, 0xff, 0xff, 0xfc, 0x0, 0x7f, 0xff,
    0xff, 0x0, 0x3f, 0xff, 0xff, 0xc0, 0x1f, 0xff,
    0xff, 0xe0, 0x7, 0xff, 0xff, 0xf8, 0x3, 0xff,
    0xff, 0xfc, 0x0, 0xff, 0xff, 0xff, 0x0, 0x7f,
    0xff, 0xff, 0xc0, 0x1f, 0xff, 0xc0, 0x60, 0x7,
    0xff, 0xe0, 0x0, 0x1, 0xff, 0xf8, 0x0, 0x0,
    0x7f, 0xfc, 0x0, 0x0, 0x1f, 0xff, 0x0, 0x0,
    0x7, 0xff, 0xc0, 0x0, 0x1, 0xff, 0xf0, 0x0,
    0x0, 0x7f, 0xfc, 0x0, 0x0, 0x3f, 0xff, 0xff,
    0xc0, 0x3f, 0xff, 0xff, 0xf0, 0x3f, 0xff, 0xff,
    0xfc, 0x3f, 0xff, 0xff, 0xff, 0xf, 0xff, 0xff,
    0xff, 0xc3, 0xff, 0xff, 0xff, 0xf0, 0xff, 0xff,
    0xff, 0xfc, 0x3f, 0xff, 0xff, 0xff, 0xf, 0xff,
    0xff, 0xff, 0xc3, 0xff, 0xff, 0xff, 0xf0, 0x1,
    0xff, 0xf0, 0x0, 0x0, 0x7f, 0xfc, 0x0, 0x0,
    0x1f, 0xff, 0x0, 0x0, 0x7, 0xff, 0xc0, 0x0,
    0x1, 0xff, 0xf0, 0x0, 0x0, 0x7f, 0xfc, 0x0,
    0x0, 0x1f, 0xff, 0x0, 0x0, 0x7, 0xff, 0xc0,
    0x0, 0x1, 0xff, 0xf0, 0x0, 0x0, 0x7f, 0xfc,
    0x0, 0x0, 0x1f, 0xff, 0x0, 0x0, 0x7, 0xff,
    0xc0, 0x0, 0x1, 0xff, 0xf0, 0x0, 0x0, 0x7f,
    0xfc, 0x0, 0x0, 0x1f, 0xff, 0x0, 0x0, 0x7,
    0xff, 0xc0, 0x0, 0x1, 0xff, 0xf0, 0x0, 0x0,
    0x7f, 0xfc, 0x0, 0x0, 0x1f, 0xff, 0x0, 0x0,
    0x7, 0xff, 0xc0, 0x0, 0x1, 0xff, 0xf0, 0x0,
    0x0, 0x7f, 0xfc, 0x0, 0x0, 0x1f, 0xff, 0x0,
    0x0, 0x7, 0xff, 0xc0, 0x0, 0x1, 0xff, 0xf0,
    0x0, 0x0, 0x7f, 0xfc, 0x0, 0x0, 0x1f, 0xff,
    0x0, 0x0, 0x7, 0xff, 0xc0, 0x0, 0x1, 0xff,
    0xf0, 0x0, 0x0, 0x7f, 0xfc, 0x0, 0x0, 0x1f,
    0xff, 0x0, 0x0, 0x7, 0xff, 0xc0, 0x0, 0x1,
    0xff, 0xf0, 0x0, 0x0, 0x7f, 0xfc, 0x0, 0x0,
    0x1f, 0xff, 0x0, 0x0, 0x7, 0xff, 0xc0, 0x0,
    0x1, 0xff, 0xf0, 0x0, 0x0,

    /* U+0067 "g" */
    0x0, 0x0, 0xff, 0xf0, 0x0, 0x0, 0x0, 0x3f,
    0xff, 0xff, 0xff, 0xf0, 0x3, 0xff, 0xff, 0xff,
    0xff, 0xc0, 0x1f, 0xff, 0xff, 0xff, 0xff, 0x1,
    0xff, 0xff, 0xff, 0xff, 0xfc, 0xf, 0xff, 0xff,
    0xff, 0xff, 0xf0, 0x3f, 0xff, 0xff, 0xff, 0xff,
    0xc1, 0xff, 0xf8, 0x1f, 0xff, 0xf8, 0xf, 0xff,
    0x80, 0x1f, 0xfe, 0x0, 0x3f, 0xfc, 0x0, 0x7f,
    0xfc, 0x0, 0xff, 0xf0, 0x0, 0xff, 0xf0, 0x7,
    0xff, 0xc0, 0x3, 0xff, 0xc0, 0x1f, 0xfe, 0x0,
    0x7, 0xff, 0x80, 0x7f, 0xf8, 0x0, 0x1f, 0xfe,
    0x1, 0xff, 0xe0, 0x0, 0x7f, 0xf8, 0x7, 0xff,
    0x80, 0x1, 0xff, 0xe0, 0x1f, 0xfe, 0x0, 0x7,
    0xff, 0x80, 0x7f, 0xf8, 0x0, 0x1f, 0xfe, 0x1,
    0xff, 0xe0, 0x0, 0x7f, 0xf8, 0x7, 0xff, 0xc0,
    0x3, 0xff, 0xe0, 0xf, 0xff, 0x0, 0xf, 0xff,
    0x0, 0x3f, 0xfe, 0x0, 0x7f, 0xfc, 0x0, 0x7f,
    0xf8, 0x1, 0xff, 0xe0, 0x1, 0xff, 0xf8, 0x1f,
    0xff, 0x80, 0x3, 0xff, 0xff, 0xff, 0xfc, 0x0,
    0x7, 0xff, 0xff, 0xff, 0xe0, 0x0, 0xf, 0xff,
    0xff, 0xff, 0x0, 0x0, 0x1f, 0xff, 0xff, 0xf8,
    0x0, 0x0, 0x1f, 0xff, 0xff, 0x80, 0x0, 0x0,
    0xff, 0xff, 0xf8, 0x0, 0x0, 0xf, 0xff, 0xfe,
    0x0, 0x0, 0x0, 0x7f, 0xc0, 0x0, 0x0, 0x0,
    0x3, 0xfe, 0x0, 0x0, 0x0, 0x0, 0xf, 0xf8,
    0x0, 0x0, 0x0, 0x0, 0x7f, 0xe0, 0x0, 0x0,
    0x0, 0x1, 0xff, 0xc0, 0x0, 0x0, 0x0, 0x7,
    0xff, 0xc0, 0x0, 0x0, 0x0, 0x1f, 0xff, 0xff,
    0xff, 0xc0, 0x0, 0x7f, 0xff, 0xff, 0xff, 0xe0,
    0x0, 0xff, 0xff, 0xff, 0xff, 0xe0, 0x1, 0xff,
    0xff, 0xff, 0xff, 0xc0, 0x3, 0xff, 0xff, 0xff,
    0xff, 0x80, 0x7, 0xff, 0xff, 0xff, 0xff, 0x0,
    0x1f, 0xff, 0xff, 0xff, 0xfe, 0x3, 0xff, 0xff,
    0xff, 0xff, 0xf8, 0x3f, 0xff, 0xff, 0xff, 0xff,
    0xe1, 0xff, 0xff, 0xff, 0xff, 0xff, 0xcf, 0xff,
    0xc0, 0x0, 0x7f, 0xff, 0x7f, 0xfc, 0x0, 0x0,
    0x7f, 0xfd, 0xff, 0xc0, 0x0, 0x0, 0xff, 0xf7,
    0xff, 0x0, 0x0, 0x1, 0xff, 0xff, 0xf8, 0x0,
    0x0, 0x7, 0xff, 0xff, 0xe0, 0x0, 0x0, 0x1f,
    0xff, 0xff, 0x80, 0x0, 0x0, 0x7f, 0xff, 0xfe,
    0x0, 0x0, 0x3, 0xff, 0xbf, 0xfc, 0x0, 0x0,
    0x1f, 0xfe, 0xff, 0xf0, 0x0, 0x0, 0xff, 0xfb,
    0xff, 0xf0, 0x0, 0xf, 0xff, 0xc7, 0xff, 0xf0,
    0x1, 0xff, 0xff, 0x1f, 0xff, 0xff, 0xff, 0xff,
    0xf8, 0x3f, 0xff, 0xff, 0xff, 0xff, 0xc0, 0x7f,
    0xff, 0xff, 0xff, 0xfe, 0x0, 0xff, 0xff, 0xff,
    0xff, 0xe0, 0x1, 0xff, 0xff, 0xff, 0xff, 0x0,
    0x1, 0xff, 0xff, 0xff, 0xf0, 0x0, 0x1, 0xff,
    0xff, 0xfc, 0x0, 0x0, 0x0, 0x7f, 0xfe, 0x0,
    0x0, 0x0,

    /* U+0068 "h" */
    0xff, 0xf8, 0x0, 0x0, 0x0, 0x1f, 0xff, 0x0,
    0x0, 0x0, 0x3, 0xff, 0xe0, 0x0, 0x0, 0x0,
    0x7f, 0xfc, 0x0, 0x0, 0x0, 0xf, 0xff, 0x80,
    0x0, 0x0, 0x1, 0xff, 0xf0, 0x0, 0x0, 0x0,
    0x3f, 0xfe, 0x0, 0x0, 0x0, 0x7, 0xff, 0xc0,
    0x0, 0x0, 0x0, 0xff, 0xf8, 0x0, 0x0, 0x0,
    0x1f, 0xff, 0x0, 0x0, 0x0, 0x3, 0xff, 0xe0,
    0x0, 0x0, 0x0, 0x7f, 0xfc, 0x0, 0x0, 0x0,
    0xf, 0xff, 0x80, 0x0, 0x0, 0x1, 0xff, 0xf0,
    0x0, 0x0, 0x0, 0x3f, 0xfe, 0x0, 0x0, 0x0,
    0x7, 0xff, 0xc0, 0x0, 0x0, 0x0, 0xff, 0xf8,
    0x0, 0x0, 0x0, 0x1f, 0xff, 0x0, 0x7f, 0xc0,
    0x3, 0xff, 0xe0, 0x7f, 0xff, 0x80, 0x7f, 0xfc,
    0x3f, 0xff, 0xfc, 0xf, 0xff, 0x8f, 0xff, 0xff,
    0xc1, 0xff, 0xf3, 0xff, 0xff, 0xfc, 0x3f, 0xfe,
    0xff, 0xff, 0xff, 0xc7, 0xff, 0xbf, 0xff, 0xff,
    0xf8, 0xff, 0xff, 0xff, 0xff, 0xff, 0x9f, 0xff,
    0xff, 0xff, 0xff, 0xfb, 0xff, 0xff, 0xff, 0xff,
    0xff, 0x7f, 0xff, 0xf0, 0x1f, 0xff, 0xef, 0xff,
    0xf8, 0x1, 0xff, 0xfd, 0xff, 0xfe, 0x0, 0x1f,
    0xff, 0xff, 0xff, 0x80, 0x1, 0xff, 0xff, 0xff,
    0xf0, 0x0, 0x3f, 0xff, 0xff, 0xfc, 0x0, 0x7,
    0xff, 0xff, 0xff, 0x80, 0x0, 0x7f, 0xff, 0xff,
    0xf0, 0x0, 0xf, 0xff, 0xff, 0xfe, 0x0, 0x1,
    0xff, 0xff, 0xff, 0x80, 0x0, 0x3f, 0xff, 0xff,
    0xf0, 0x0, 0x7, 0xff, 0xff, 0xfe, 0x0, 0x0,
    0xff, 0xff, 0xff, 0xc0, 0x0, 0x1f, 0xff, 0xff,
    0xf8, 0x0, 0x3, 0xff, 0xff, 0xff, 0x0, 0x0,
    0x7f, 0xff, 0xff, 0xe0, 0x0, 0xf, 0xff, 0xff,
    0xfc, 0x0, 0x1, 0xff, 0xff, 0xff, 0x80, 0x0,
    0x3f, 0xff, 0xff, 0xf0, 0x0, 0x7, 0xff, 0xff,
    0xfe, 0x0, 0x0, 0xff, 0xff, 0xff, 0xc0, 0x0,
    0x1f, 0xff, 0xff, 0xf8, 0x0, 0x3, 0xff, 0xff,
    0xff, 0x0, 0x0, 0x7f, 0xff, 0xff, 0xe0, 0x0,
    0xf, 0xff, 0xff, 0xfc, 0x0, 0x1, 0xff, 0xff,
    0xff, 0x80, 0x0, 0x3f, 0xff, 0xff, 0xf0, 0x0,
    0x7, 0xff, 0xff, 0xfe, 0x0, 0x0, 0xff, 0xff,
    0xff, 0xc0, 0x0, 0x1f, 0xff, 0xff, 0xf8, 0x0,
    0x3, 0xff, 0xff, 0xff, 0x0, 0x0, 0x7f, 0xff,
    0xff, 0xe0, 0x0, 0xf, 0xff, 0xff, 0xfc, 0x0,
    0x1, 0xff, 0xff, 0xff, 0x80, 0x0, 0x3f, 0xff,
    0xff, 0xf0, 0x0, 0x7, 0xff, 0xff, 0xfe, 0x0,
    0x0, 0xff, 0xff, 0xff, 0xc0, 0x0, 0x1f, 0xff,

    /* U+0069 "i" */
    0x1f, 0xc1, 0xff, 0x1f, 0xfd, 0xff, 0xff, 0xff,
    0xff, 0xff, 0xff, 0xff, 0xff, 0xff, 0xfb, 0xff,
    0x8f, 0xf8, 0x3f, 0x0, 0x0, 0x0, 0x0, 0x0,
    0x0, 0x0, 0x0, 0x0, 0x0, 0x3f, 0xff, 0xff,
    0xff, 0xff, 0xff, 0xff, 0xff, 0xff, 0xff, 0xff,
    0xff, 0xff, 0xff, 0xff, 0xff, 0xff, 0xff, 0xff,
    0xff, 0xff, 0xff, 0xff, 0xff, 0xff, 0xff, 0xff,
    0xff, 0xff, 0xff, 0xff, 0xff, 0xff, 0xff, 0xff,
    0xff, 0xff, 0xff, 0xff, 0xff, 0xff, 0xff, 0xff,
    0xff, 0xff, 0xff, 0xff, 0xff, 0xff, 0xff, 0xff,
    0xff, 0xff, 0xff, 0xff, 0xff, 0xff, 0xff, 0xff,
    0xff, 0xff, 0xff, 0xff, 0xff, 0xff, 0xff, 0xff,
    0xff, 0xff, 0xff, 0xff, 0xff, 0xff, 0xff, 0xff,

    /* U+006A "j" */
    0x0, 0x1, 0xfc, 0x0, 0x1, 0xff, 0x0, 0x1,
    0xff, 0xc0, 0x1, 0xff, 0xf0, 0x0, 0xff, 0xf8,
    0x0, 0x7f, 0xfc, 0x0, 0x3f, 0xfe, 0x0, 0x1f,
    0xff, 0x0, 0xf, 0xff, 0x80, 0x3, 0xff, 0x80,
    0x0, 0xff, 0x80, 0x0, 0x3f, 0x0, 0x0, 0x0,
    0x0, 0x0, 0x0, 0x0, 0x0, 0x0, 0x0, 0x0,
    0x0, 0x0, 0x0, 0x0, 0x0, 0x0, 0x0, 0x0,
    0x0, 0x3, 0xff, 0xe0, 0x1, 0xff, 0xf0, 0x0,
    0xff, 0xf8, 0x0, 0x7f, 0xfc, 0x0, 0x3f, 0xfe,
    0x0, 0x1f, 0xff, 0x0, 0xf, 0xff, 0x80, 0x7,
    0xff, 0xc0, 0x3, 0xff, 0xe0, 0x1, 0xff, 0xf0,
    0x0, 0xff, 0xf8, 0x0, 0x7f, 0xfc, 0x0, 0x3f,
    0xfe, 0x0, 0x1f, 0xff, 0x0, 0xf, 0xff, 0x80,
    0x7, 0xff, 0xc0, 0x3, 0xff, 0xe0, 0x1, 0xff,
    0xf0, 0x0, 0xff, 0xf8, 0x0, 0x7f, 0xfc, 0x0,
    0x3f, 0xfe, 0x0, 0x1f, 0xff, 0x0, 0xf, 0xff,
    0x80, 0x7, 0xff, 0xc0, 0x3, 0xff, 0xe0, 0x1,
    0xff, 0xf0, 0x0, 0xff, 0xf8, 0x0, 0x7f, 0xfc,
    0x0, 0x3f, 0xfe, 0x0, 0x1f, 0xff, 0x0, 0xf,
    0xff, 0x80, 0x7, 0xff, 0xc0, 0x3, 0xff, 0xe0,
    0x1, 0xff, 0xf0, 0x0, 0xff, 0xf8, 0x0, 0x7f,
    0xfc, 0x0, 0x3f, 0xfe, 0x0, 0x1f, 0xff, 0x0,
    0xf, 0xff, 0x80, 0x7, 0xff, 0xc0, 0x3, 0xff,
    0xe0, 0x1, 0xff, 0xf0, 0x0, 0xff, 0xf8, 0x0,
    0x7f, 0xfc, 0x0, 0x3f, 0xfe, 0x0, 0x1f, 0xff,
    0x0, 0xf, 0xff, 0x80, 0x7, 0xff, 0xc0, 0x3,
    0xff, 0xe0, 0x1, 0xff, 0xf0, 0x0, 0xff, 0xf8,
    0x0, 0x7f, 0xfc, 0x0, 0x3f, 0xfe, 0x0, 0x3f,
    0xff, 0x0, 0x3f, 0xff, 0xe0, 0x3f, 0xff, 0xbf,
    0xff, 0xff, 0xdf, 0xff, 0xff, 0xef, 0xff, 0xff,
    0xe7, 0xff, 0xff, 0xf3, 0xff, 0xff, 0xf1, 0xff,
    0xff, 0xf0, 0xff, 0xff, 0xf0, 0x7f, 0xff, 0xf0,
    0x3f, 0xff, 0xe0, 0x3, 0xff, 0x80, 0x0,

    /* U+006B "k" */
    0xff, 0xf8, 0x0, 0x0, 0x0, 0x3, 0xff, 0xe0,
    0x0, 0x0, 0x0, 0xf, 0xff, 0x80, 0x0, 0x0,
    0x0, 0x3f, 0xfe, 0x0, 0x0, 0x0, 0x0, 0xff,
    0xf8, 0x0, 0x0, 0x0, 0x3, 0xff, 0xe0, 0x0,
    0x0, 0x0, 0xf, 0xff, 0x80, 0x0, 0x0, 0x0,
    0x3f, 0xfe, 0x0, 0x0, 0x0, 0x0, 0xff, 0xf8,
    0x0, 0x0, 0x0, 0x3, 0xff, 0xe0, 0x0, 0x0,
    0x0, 0xf, 0xff, 0x80, 0x0, 0x0, 0x0, 0x3f,
    0xfe, 0x0, 0x0, 0x0, 0x0, 0xff, 0xf8, 0x0,
    0x0, 0x0, 0x3, 0xff, 0xe0, 0x0, 0x0, 0x0,
    0xf, 0xff, 0x80, 0x0, 0x0, 0x0, 0x3f, 0xfe,
    0x0, 0x0, 0x0, 0x0, 0xff, 0xf8, 0x0, 0x0,
    0x0, 0x3, 0xff, 0xe0, 0x0, 0x0, 0x0, 0xf,
    0xff, 0x80, 0x0, 0x3f, 0xff, 0x3f, 0xfe, 0x0,
    0x1, 0xff, 0xfc, 0xff, 0xf8, 0x0, 0xf, 0xff,
    0xe3, 0xff, 0xe0, 0x0, 0x3f, 0xff, 0xf, 0xff,
    0x80, 0x1, 0xff, 0xf8, 0x3f, 0xfe, 0x0, 0xf,
    0xff, 0xc0, 0xff, 0xf8, 0x0, 0x7f, 0xfe, 0x3,
    0xff, 0xe0, 0x3, 0xff, 0xf0, 0xf, 0xff, 0x80,
    0x1f, 0xff, 0x80, 0x3f, 0xfe, 0x0, 0xff, 0xfc,
    0x0, 0xff, 0xf8, 0x7, 0xff, 0xe0, 0x3, 0xff,
    0xe0, 0x3f, 0xff, 0x0, 0xf, 0xff, 0x81, 0xff,
    0xfc, 0x0, 0x3f, 0xfe, 0xf, 0xff, 0xe0, 0x0,
    0xff, 0xf8, 0x7f, 0xff, 0x0, 0x3, 0xff, 0xe1,
    0xff, 0xf8, 0x0, 0xf, 0xff, 0x8f, 0xff, 0xc0,
    0x0, 0x3f, 0xfe, 0x7f, 0xfe, 0x0, 0x0, 0xff,
    0xfb, 0xff, 0xf0, 0x0, 0x3, 0xff, 0xcf, 0xff,
    0x80, 0x0, 0xf, 0xff, 0x7f, 0xfe, 0x0, 0x0,
    0x3f, 0xff, 0xff, 0xfc, 0x0, 0x0, 0xff, 0xff,
    0xff, 0xf8, 0x0, 0x3, 0xff, 0xff, 0xff, 0xe0,
    0x0, 0xf, 0xff, 0xff, 0xff, 0xc0, 0x0, 0x3f,
    0xff, 0xff, 0xff, 0x80, 0x0, 0xff, 0xff, 0xff,
    0xff, 0x0, 0x3, 0xff, 0xff, 0xff, 0xfc, 0x0,
    0xf, 0xff, 0xf9, 0xff, 0xf8, 0x0, 0x3f, 0xff,
    0xc3, 0xff, 0xf0, 0x0, 0xff, 0xfc, 0x7, 0xff,
    0xe0, 0x3, 0xff, 0xe0, 0x1f, 0xff, 0x80, 0xf,
    0xff, 0x80, 0x3f, 0xff, 0x0, 0x3f, 0xfe, 0x0,
    0x7f, 0xfe, 0x0, 0xff, 0xf8, 0x1, 0xff, 0xf8,
    0x3, 0xff, 0xe0, 0x3, 0xff, 0xf0, 0xf, 0xff,
    0x80, 0x7, 0xff, 0xe0, 0x3f, 0xfe, 0x0, 0xf,
    0xff, 0xc0, 0xff, 0xf8, 0x0, 0x3f, 0xff, 0x3,
    0xff, 0xe0, 0x0, 0x7f, 0xfe, 0xf, 0xff, 0x80,
    0x0, 0xff, 0xfc, 0x3f, 0xfe, 0x0, 0x3, 0xff,
    0xf8, 0xff, 0xf8, 0x0, 0x7, 0xff, 0xe3, 0xff,
    0xe0, 0x0, 0xf, 0xff, 0xcf, 0xff, 0x80, 0x0,
    0x1f, 0xff, 0xbf, 0xfe, 0x0, 0x0, 0x7f, 0xff,

    /* U+006C "l" */
    0xff, 0xff, 0xff, 0xff, 0xff, 0xff, 0xff, 0xff,
    0xff, 0xff, 0xff, 0xff, 0xff, 0xff, 0xff, 0xff,
    0xff, 0xff, 0xff, 0xff, 0xff, 0xff, 0xff, 0xff,
    0xff, 0xff, 0xff, 0xff, 0xff, 0xff, 0xff, 0xff,
    0xff, 0xff, 0xff, 0xff, 0xff, 0xff, 0xff, 0xff,
    0xff, 0xff, 0xff, 0xff, 0xff, 0xff, 0xff, 0xff,
    0xff, 0xff, 0xff, 0xff, 0xff, 0xff, 0xff, 0xff,
    0xff, 0xff, 0xff, 0xff, 0xff, 0xff, 0xff, 0xff,
    0xff, 0xff, 0xff, 0xff, 0xff, 0xff, 0xff, 0xff,
    0xff, 0xff, 0xff, 0xff, 0xff, 0xff, 0xff, 0xff,
    0xff, 0xff, 0xff, 0xff, 0xff, 0xff, 0xff, 0xff,
    0xff, 0xff, 0xff, 0xff, 0xff, 0xff, 0xff, 0xff,
    0xff, 0xff, 0xff, 0xff, 0xff, 0xff, 0xff, 0xff,

    /* U+006D "m" */
    0x0, 0x0, 0x7, 0xfc, 0x0, 0x0, 0x7f, 0xc0,
    0x7, 0xfe, 0x1, 0xff, 0xfc, 0x0, 0x1f, 0xff,
    0xc0, 0x3f, 0xf0, 0x1f, 0xff, 0xf8, 0x3, 0xff,
    0xff, 0x81, 0xff, 0xc3, 0xff, 0xff, 0xe0, 0x3f,
    0xff, 0xff, 0xf, 0xfe, 0x3f, 0xff, 0xff, 0x83,
    0xff, 0xff, 0xfc, 0x7f, 0xf3, 0xff, 0xff, 0xfe,
    0x3f, 0xff, 0xff, 0xe3, 0xff, 0xdf, 0xff, 0xff,
    0xf9, 0xff, 0xff, 0xff, 0x9f, 0xff, 0xff, 0xff,
    0xff, 0xff, 0xff, 0xff, 0xfc, 0xff, 0xff, 0xff,
    0xff, 0xff, 0xff, 0xff, 0xff, 0xf7, 0xff, 0xff,
    0xff, 0xff, 0xff, 0xff, 0xff, 0xff, 0xbf, 0xff,
    0xf8, 0x3f, 0xff, 0xff, 0x83, 0xff, 0xfd, 0xff,
    0xff, 0x0, 0x7f, 0xff, 0xf0, 0x7, 0xff, 0xff,
    0xff, 0xf0, 0x3, 0xff, 0xff, 0x0, 0x3f, 0xff,
    0xff, 0xff, 0x0, 0xf, 0xff, 0xf0, 0x0, 0xff,
    0xff, 0xff, 0xf8, 0x0, 0x7f, 0xff, 0x80, 0x7,
    0xff, 0xff, 0xff, 0x80, 0x1, 0xff, 0xf8, 0x0,
    0x1f, 0xff, 0xff, 0xfc, 0x0, 0xf, 0xff, 0xc0,
    0x0, 0xff, 0xff, 0xff, 0xe0, 0x0, 0x7f, 0xfe,
    0x0, 0x7, 0xff, 0xff, 0xfe, 0x0, 0x3, 0xff,
    0xe0, 0x0, 0x3f, 0xff, 0xff, 0xf0, 0x0, 0x1f,
    0xff, 0x0, 0x1, 0xff, 0xff, 0xff, 0x80, 0x0,
    0xff, 0xf8, 0x0, 0xf, 0xff, 0xff, 0xfc, 0x0,
    0x7, 0xff, 0xc0, 0x0, 0x7f, 0xff, 0xff, 0xe0,
    0x0, 0x3f, 0xfe, 0x0, 0x3, 0xff, 0xff, 0xff,
    0x0, 0x1, 0xff, 0xf0, 0x0, 0x1f, 0xff, 0xff,
    0xf8, 0x0, 0xf, 0xff, 0x80, 0x0, 0xff, 0xff,
    0xff, 0xc0, 0x0, 0x7f, 0xfc, 0x0, 0x7, 0xff,
    0xff, 0xfe, 0x0, 0x3, 0xff, 0xe0, 0x0, 0x3f,
    0xff, 0xff, 0xf0, 0x0, 0x1f, 0xff, 0x0, 0x1,
    0xff, 0xff, 0xff, 0x80, 0x0, 0xff, 0xf8, 0x0,
    0xf, 0xff, 0xff, 0xfc, 0x0, 0x7, 0xff, 0xc0,
    0x0, 0x7f, 0xff, 0xff, 0xe0, 0x0, 0x3f, 0xfe,
    0x0, 0x3, 0xff, 0xff, 0xff, 0x0, 0x1, 0xff,
    0xf0, 0x0, 0x1f, 0xff, 0xff, 0xf8, 0x0, 0xf,
    0xff, 0x80, 0x0, 0xff, 0xff, 0xff, 0xc0, 0x0,
    0x7f, 0xfc, 0x0, 0x7, 0xff, 0xff, 0xfe, 0x0,
    0x3, 0xff, 0xe0, 0x0, 0x3f, 0xff, 0xff, 0xf0,
    0x0, 0x1f, 0xff, 0x0, 0x1, 0xff, 0xff, 0xff,
    0x80, 0x0, 0xff, 0xf8, 0x0, 0xf, 0xff, 0xff,
    0xfc, 0x0, 0x7, 0xff, 0xc0, 0x0, 0x7f, 0xff,
    0xff, 0xe0, 0x0, 0x3f, 0xfe, 0x0, 0x3, 0xff,
    0xff, 0xff, 0x0, 0x1, 0xff, 0xf0, 0x0, 0x1f,
    0xff, 0xff, 0xf8, 0x0, 0xf, 0xff, 0x80, 0x0,
    0xff, 0xff, 0xff, 0xc0, 0x0, 0x7f, 0xfc, 0x0,
    0x7, 0xff, 0xff, 0xfe, 0x0, 0x3, 0xff, 0xe0,
    0x0, 0x3f, 0xff, 0xff, 0xf0, 0x0, 0x1f, 0xff,
    0x0, 0x1, 0xff, 0xff, 0xff, 0x80, 0x0, 0xff,
    0xf8, 0x0, 0xf, 0xff, 0xff, 0xfc, 0x0, 0x7,
    0xff, 0xc0, 0x0, 0x7f, 0xff, 0xff, 0xe0, 0x0,
    0x3f, 0xfe, 0x0, 0x3, 0xff, 0xe0,

    /* U+006E "n" */
    0x0, 0x0, 0x3, 0xfe, 0x0, 0x1f, 0xf8, 0x3,
    0xff, 0xfc, 0x3, 0xff, 0x1, 0xff, 0xff, 0xc0,
    0x7f, 0xf0, 0xff, 0xff, 0xfe, 0xf, 0xfe, 0x3f,
    0xff, 0xff, 0xe1, 0xff, 0xcf, 0xff, 0xff, 0xfe,
    0x3f, 0xfd, 0xff, 0xff, 0xff, 0xe7, 0xff, 0xff,
    0xff, 0xff, 0xfc, 0xff, 0xff, 0xff, 0xff, 0xff,
    0xdf, 0xff, 0xff, 0xff, 0xff, 0xfb, 0xff, 0xff,
    0x80, 0xff, 0xff, 0x7f, 0xff, 0xc0, 0xf, 0xff,
    0xef, 0xff, 0xf0, 0x0, 0xff, 0xff, 0xff, 0xfc,
    0x0, 0xf, 0xff, 0xff, 0xff, 0x80, 0x1, 0xff,
    0xff, 0xff, 0xe0, 0x0, 0x1f, 0xff, 0xff, 0xfc,
    0x0, 0x3, 0xff, 0xff, 0xff, 0x80, 0x0, 0x7f,
    0xff, 0xff, 0xf0, 0x0, 0xf, 0xff, 0xff, 0xfc,
    0x0, 0x1, 0xff, 0xff, 0xff, 0x80, 0x0, 0x3f,
    0xff, 0xff, 0xf0, 0x0, 0x7, 0xff, 0xff, 0xfe,
    0x0, 0x0, 0xff, 0xff, 0xff, 0xc0, 0x0, 0x1f,
    0xff, 0xff, 0xf8, 0x0, 0x3, 0xff, 0xff, 0xff,
    0x0, 0x0, 0x7f, 0xff, 0xff, 0xe0, 0x0, 0xf,
    0xff, 0xff, 0xfc, 0x0, 0x1, 0xff, 0xff, 0xff,
    0x80, 0x0, 0x3f, 0xff, 0xff, 0xf0, 0x0, 0x7,
    0xff, 0xff, 0xfe, 0x0, 0x0, 0xff, 0xff, 0xff,
    0xc0, 0x0, 0x1f, 0xff, 0xff, 0xf8, 0x0, 0x3,
    0xff, 0xff, 0xff, 0x0, 0x0, 0x7f, 0xff, 0xff,
    0xe0, 0x0, 0xf, 0xff, 0xff, 0xfc, 0x0, 0x1,
    0xff, 0xff, 0xff, 0x80, 0x0, 0x3f, 0xff, 0xff,
    0xf0, 0x0, 0x7, 0xff, 0xff, 0xfe, 0x0, 0x0,
    0xff, 0xff, 0xff, 0xc0, 0x0, 0x1f, 0xff, 0xff,
    0xf8, 0x0, 0x3, 0xff, 0xff, 0xff, 0x0, 0x0,
    0x7f, 0xff, 0xff, 0xe0, 0x0, 0xf, 0xff, 0xff,
    0xfc, 0x0, 0x1, 0xff, 0xff, 0xff, 0x80, 0x0,
    0x3f, 0xff, 0xff, 0xf0, 0x0, 0x7, 0xff, 0xff,
    0xfe, 0x0, 0x0, 0xff, 0xf8,

    /* U+006F "o" */
    0x0, 0x0, 0x7f, 0xf0, 0x0, 0x0, 0x0, 0x3f,
    0xff, 0xf0, 0x0, 0x0, 0x7, 0xff, 0xff, 0xf0,
    0x0, 0x0, 0xff, 0xff, 0xff, 0xc0, 0x0, 0xf,
    0xff, 0xff, 0xff, 0x80, 0x0, 0xff, 0xff, 0xff,
    0xfe, 0x0, 0xf, 0xff, 0xff, 0xff, 0xf8, 0x0,
    0xff, 0xff, 0xff, 0xff, 0xe0, 0xf, 0xff, 0xff,
    0xff, 0xff, 0x80, 0xff, 0xff, 0xff, 0xff, 0xfc,
    0x7, 0xff, 0xf8, 0xf, 0xff, 0xf0, 0x7f, 0xff,
    0x0, 0x1f, 0xff, 0x83, 0xff, 0xf0, 0x0, 0x7f,
    0xfe, 0x1f, 0xff, 0x0, 0x1, 0xff, 0xf1, 0xff,
    0xf8, 0x0, 0xf, 0xff, 0xcf, 0xff, 0x80, 0x0,
    0x3f, 0xfe, 0x7f, 0xfc, 0x0, 0x1, 0xff, 0xf3,
    0xff, 0xe0, 0x0, 0xf, 0xff, 0xbf, 0xfe, 0x0,
    0x0, 0x3f, 0xff, 0xff, 0xf0, 0x0, 0x1, 0xff,
    0xff, 0xff, 0x80, 0x0, 0xf, 0xff, 0xff, 0xfc,
    0x0, 0x0, 0x7f, 0xff, 0xff, 0xe0, 0x0, 0x3,
    0xff, 0xff, 0xff, 0x0, 0x0, 0x1f, 0xff, 0xff,
    0xf8, 0x0, 0x0, 0xff, 0xff, 0xff, 0xc0, 0x0,
    0x7, 0xff, 0xff, 0xfe, 0x0, 0x0, 0x3f, 0xff,
    0xff, 0xf0, 0x0, 0x1, 0xff, 0xff, 0xff, 0x80,
    0x0, 0xf, 0xff, 0xff, 0xfc, 0x0, 0x0, 0x7f,
    0xfd, 0xff, 0xf0, 0x0, 0x7, 0xff, 0xcf, 0xff,
    0x80, 0x0, 0x3f, 0xfe, 0x7f, 0xfc, 0x0, 0x1,
    0xff, 0xf3, 0xff, 0xf0, 0x0, 0x1f, 0xff, 0x8f,
    0xff, 0x80, 0x0, 0xff, 0xf8, 0x7f, 0xfe, 0x0,
    0xf, 0xff, 0xc1, 0xff, 0xf8, 0x0, 0xff, 0xfe,
    0xf, 0xff, 0xf0, 0x1f, 0xff, 0xe0, 0x3f, 0xff,
    0xff, 0xff, 0xfe, 0x1, 0xff, 0xff, 0xff, 0xff,
    0xf0, 0x7, 0xff, 0xff, 0xff, 0xff, 0x0, 0x1f,
    0xff, 0xff, 0xff, 0xf0, 0x0, 0x7f, 0xff, 0xff,
    0xff, 0x0, 0x1, 0xff, 0xff, 0xff, 0xf0, 0x0,
    0x3, 0xff, 0xff, 0xff, 0x0, 0x0, 0xf, 0xff,
    0xff, 0xe0, 0x0, 0x0, 0xf, 0xff, 0xfc, 0x0,
    0x0, 0x0, 0xf, 0xfe, 0x0, 0x0,

    /* U+0070 "p" */
    0x0, 0x0, 0x3, 0xfc, 0x0, 0x1f, 0xfc, 0x3,
    0xff, 0xf0, 0x3, 0xff, 0x81, 0xff, 0xff, 0x80,
    0x7f, 0xf0, 0x7f, 0xff, 0xf8, 0xf, 0xff, 0x1f,
    0xff, 0xff, 0x81, 0xff, 0xe7, 0xff, 0xff, 0xf8,
    0x3f, 0xfd, 0xff, 0xff, 0xff, 0x87, 0xff, 0xff,
    0xff, 0xff, 0xf0, 0xff, 0xff, 0xff, 0xff, 0xff,
    0x1f, 0xff, 0xff, 0xff, 0xff, 0xe3, 0xff, 0xff,
    0x1, 0xff, 0xfe, 0x7f, 0xff, 0x80, 0x1f, 0xff,
    0xcf, 0xff, 0xe0, 0x1, 0xff, 0xfd, 0xff, 0xfc,
    0x0, 0x1f, 0xff, 0xbf, 0xff, 0x0, 0x1, 0xff,
    0xf7, 0xff, 0xe0, 0x0, 0x3f, 0xfe, 0xff, 0xfc,
    0x0, 0x7, 0xff, 0xdf, 0xff, 0x0, 0x0, 0xff,
    0xff, 0xff, 0xe0, 0x0, 0xf, 0xff, 0xff, 0xfc,
    0x0, 0x1, 0xff, 0xff, 0xff, 0x80, 0x0, 0x3f,
    0xff, 0xff, 0xf0, 0x0, 0x7, 0xff, 0xff, 0xfe,
    0x0, 0x0, 0xff, 0xff, 0xff, 0xc0, 0x0, 0x1f,
    0xff, 0xff, 0xf8, 0x0, 0x3, 0xff, 0xff, 0xff,
    0x0, 0x0, 0x7f, 0xff, 0xff, 0xe0, 0x0, 0xf,
    0xff, 0xff, 0xfc, 0x0, 0x1, 0xff, 0xff, 0xff,
    0x80, 0x0, 0x3f, 0xff, 0xff, 0xf8, 0x0, 0xf,
    0xff, 0xff, 0xff, 0x0, 0x1, 0xff, 0xf7, 0xff,
    0xe0, 0x0, 0x3f, 0xfe, 0xff, 0xfc, 0x0, 0xf,
    0xff, 0xdf, 0xff, 0xc0, 0x1, 0xff, 0xfb, 0xff,
    0xfc, 0x0, 0x7f, 0xfe, 0x7f, 0xff, 0xc0, 0x1f,
    0xff, 0xcf, 0xff, 0xfe, 0x7, 0xff, 0xf9, 0xff,
    0xff, 0xff, 0xff, 0xfe, 0x3f, 0xff, 0xff, 0xff,
    0xff, 0xc7, 0xff, 0xff, 0xff, 0xff, 0xf0, 0xff,
    0xff, 0xff, 0xff, 0xfc, 0x1f, 0xfe, 0xff, 0xff,
    0xff, 0x83, 0xff, 0xef, 0xff, 0xff, 0xe0, 0x7f,
    0xfc, 0xff, 0xff, 0xf8, 0xf, 0xff, 0x8f, 0xff,
    0xfc, 0x1, 0xff, 0xf0, 0x7f, 0xff, 0x0, 0x3f,
    0xfe, 0x1, 0xff, 0x0, 0x7, 0xff, 0xc0, 0x0,
    0x0, 0x0, 0xff, 0xf8, 0x0, 0x0, 0x0, 0x1f,
    0xff, 0x0, 0x0, 0x0, 0x3, 0xff, 0xe0, 0x0,
    0x0, 0x0, 0x7f, 0xfc, 0x0, 0x0, 0x0, 0xf,
    0xff, 0x80, 0x0, 0x0, 0x1, 0xff, 0xf0, 0x0,
    0x0, 0x0, 0x3f, 0xfe, 0x0, 0x0, 0x0, 0x7,
    0xff, 0xc0, 0x0, 0x0, 0x0, 0xff, 0xf8, 0x0,
    0x0, 0x0, 0x1f, 0xff, 0x0, 0x0, 0x0, 0x3,
    0xff, 0xe0, 0x0, 0x0, 0x0, 0x7f, 0xfc, 0x0,
    0x0, 0x0, 0xf, 0xff, 0x80, 0x0, 0x0, 0x1,
    0xff, 0xf0, 0x0, 0x0, 0x0, 0x3f, 0xfe, 0x0,
    0x0, 0x0, 0x7, 0xff, 0xc0, 0x0, 0x0, 0x0,
    0xff, 0xf8, 0x0, 0x0, 0x0, 0x1f, 0xff, 0x0,
    0x0, 0x0, 0x3, 0xff, 0xe0, 0x0, 0x0, 0x0,
    0x0,

    /* U+0071 "q" */
    0x0, 0x7, 0xfc, 0x0, 0x0, 0x0, 0x7, 0xff,
    0xf0, 0x1f, 0xfc, 0x1, 0xff, 0xff, 0x3, 0xff,
    0x80, 0xff, 0xff, 0xf8, 0xff, 0xf0, 0x3f, 0xff,
    0xff, 0x9f, 0xfe, 0xf, 0xff, 0xff, 0xfb, 0xff,
    0xc1, 0xff, 0xff, 0xff, 0x7f, 0xf8, 0x7f, 0xff,
    0xff, 0xff, 0xff, 0x1f, 0xff, 0xff, 0xff, 0xff,
    0xe3, 0xff, 0xff, 0xff, 0xff, 0xfc, 0xff, 0xff,
    0x81, 0xff, 0xff, 0x9f, 0xff, 0xc0, 0xf, 0xff,
    0xf3, 0xff, 0xf0, 0x0, 0xff, 0xfe, 0xff, 0xfc,
    0x0, 0xf, 0xff, 0xdf, 0xff, 0x80, 0x1, 0xff,
    0xfb, 0xff, 0xe0, 0x0, 0x1f, 0xff, 0x7f, 0xfc,
    0x0, 0x3, 0xff, 0xff, 0xff, 0x80, 0x0, 0x7f,
    0xff, 0xff, 0xe0, 0x0, 0xf, 0xff, 0xff, 0xfc,
    0x0, 0x0, 0xff, 0xff, 0xff, 0x80, 0x0, 0x1f,
    0xff, 0xff, 0xf0, 0x0, 0x3, 0xff, 0xff, 0xfe,
    0x0, 0x0, 0x7f, 0xff, 0xff, 0xc0, 0x0, 0xf,
    0xff, 0xff, 0xf8, 0x0, 0x1, 0xff, 0xff, 0xff,
    0x0, 0x0, 0x3f, 0xff, 0xff, 0xe0, 0x0, 0x7,
    0xff, 0xff, 0xfc, 0x0, 0x0, 0xff, 0xff, 0xff,
    0x80, 0x0, 0x1f, 0xff, 0xff, 0xf0, 0x0, 0x3,
    0xff, 0xff, 0xff, 0x0, 0x0, 0xff, 0xfb, 0xff,
    0xe0, 0x0, 0x1f, 0xff, 0x7f, 0xfc, 0x0, 0x3,
    0xff, 0xef, 0xff, 0xc0, 0x0, 0x7f, 0xfd, 0xff,
    0xf8, 0x0, 0x1f, 0xff, 0xbf, 0xff, 0x80, 0x7,
    0xff, 0xf3, 0xff, 0xf8, 0x1, 0xff, 0xfe, 0x7f,
    0xff, 0xc0, 0xff, 0xff, 0xc7, 0xff, 0xff, 0xff,
    0xff, 0xf8, 0xff, 0xff, 0xff, 0xff, 0xff, 0xf,
    0xff, 0xff, 0xff, 0xff, 0xe1, 0xff, 0xff, 0xff,
    0xff, 0xfc, 0x1f, 0xff, 0xff, 0xef, 0xff, 0x81,
    0xff, 0xff, 0xf9, 0xff, 0xf0, 0x1f, 0xff, 0xfe,
    0x3f, 0xfe, 0x1, 0xff, 0xff, 0x87, 0xff, 0xc0,
    0xf, 0xff, 0xc0, 0xff, 0xf8, 0x0, 0x3f, 0xe0,
    0x1f, 0xff, 0x0, 0x0, 0x0, 0x3, 0xff, 0xe0,
    0x0, 0x0, 0x0, 0x7f, 0xfc, 0x0, 0x0, 0x0,
    0xf, 0xff, 0x80, 0x0, 0x0, 0x1, 0xff, 0xf0,
    0x0, 0x0, 0x0, 0x3f, 0xfe, 0x0, 0x0, 0x0,
    0x7, 0xff, 0xc0, 0x0, 0x0, 0x0, 0xff, 0xf8,
    0x0, 0x0, 0x0, 0x1f, 0xff, 0x0, 0x0, 0x0,
    0x3, 0xff, 0xe0, 0x0, 0x0, 0x0, 0x7f, 0xfc,
    0x0, 0x0, 0x0, 0xf, 0xff, 0x80, 0x0, 0x0,
    0x1, 0xff, 0xf0, 0x0, 0x0, 0x0, 0x3f, 0xfe,
    0x0, 0x0, 0x0, 0x7, 0xff, 0xc0, 0x0, 0x0,
    0x0, 0xff, 0xf8, 0x0, 0x0, 0x0, 0x1f, 0xff,
    0x0, 0x0, 0x0, 0x3, 0xff, 0xe0, 0x0, 0x0,
    0x0, 0x7f, 0xfc, 0x0, 0x0, 0x0, 0xf, 0xff,
    0x80,

    /* U+0072 "r" */
    0x0, 0x0, 0x3, 0xff, 0xff, 0x0, 0x3f, 0xff,
    0xfc, 0x3, 0xff, 0xff, 0xf0, 0x1f, 0xff, 0xff,
    0xe0, 0xff, 0xff, 0xff, 0x87, 0xff, 0xff, 0xfe,
    0x3f, 0xff, 0xff, 0xf9, 0xff, 0xff, 0xff, 0xf7,
    0xff, 0xff, 0xff, 0xff, 0xff, 0xff, 0xff, 0xff,
    0xff, 0xff, 0xff, 0xff, 0xfe, 0xff, 0xff, 0xfc,
    0x3, 0xff, 0xff, 0x80, 0xf, 0xff, 0xf8, 0x0,
    0x3f, 0xff, 0xc0, 0x0, 0xff, 0xfe, 0x0, 0x3,
    0xff, 0xf0, 0x0, 0xf, 0xff, 0xc0, 0x0, 0x3f,
    0xff, 0x0, 0x0, 0xff, 0xf8, 0x0, 0x3, 0xff,
    0xe0, 0x0, 0xf, 0xff, 0x80, 0x0, 0x3f, 0xfe,
    0x0, 0x0, 0xff, 0xf8, 0x0, 0x3, 0xff, 0xe0,
    0x0, 0xf, 0xff, 0x80, 0x0, 0x3f, 0xfe, 0x0,
    0x0, 0xff, 0xf8, 0x0, 0x3, 0xff, 0xe0, 0x0,
    0xf, 0xff, 0x80, 0x0, 0x3f, 0xfe, 0x0, 0x0,
    0xff, 0xf8, 0x0, 0x3, 0xff, 0xe0, 0x0, 0xf,
    0xff, 0x80, 0x0, 0x3f, 0xfe, 0x0, 0x0, 0xff,
    0xf8, 0x0, 0x3, 0xff, 0xe0, 0x0, 0xf, 0xff,
    0x80, 0x0, 0x3f, 0xfe, 0x0, 0x0, 0xff, 0xf8,
    0x0, 0x3, 0xff, 0xe0, 0x0, 0xf, 0xff, 0x80,
    0x0, 0x3f, 0xfe, 0x0, 0x0, 0xff, 0xf8, 0x0,
    0x3, 0xff, 0xe0, 0x0, 0xf, 0xff, 0x80, 0x0,
    0x0,

    /* U+0073 "s" */
    0x0, 0xf, 0xff, 0x0, 0x0, 0xf, 0xff, 0xff,
    0x0, 0xf, 0xff, 0xff, 0xf8, 0x3, 0xff, 0xff,
    0xff, 0xe1, 0xff, 0xff, 0xff, 0xfc, 0x7f, 0xff,
    0xff, 0xff, 0x8f, 0xff, 0xff, 0xff, 0xe3, 0xff,
    0xff, 0xff, 0xfc, 0x7f, 0xff, 0xff, 0xff, 0x9f,
    0xff, 0xff, 0xff, 0xe3, 0xff, 0xf8, 0x7, 0xfc,
    0x7f, 0xfc, 0x0, 0x1f, 0xf, 0xff, 0x80, 0x0,
    0xe1, 0xff, 0xf0, 0x0, 0x0, 0x3f, 0xfe, 0x0,
    0x0, 0x7, 0xff, 0xe0, 0x0, 0x0, 0xff, 0xff,
    0x0, 0x0, 0xf, 0xff, 0xf8, 0x0, 0x1, 0xff,
    0xff, 0xc0, 0x0, 0x3f, 0xff, 0xff, 0x0, 0x3,
    0xff, 0xff, 0xf8, 0x0, 0x3f, 0xff, 0xff, 0xc0,
    0x7, 0xff, 0xff, 0xfe, 0x0, 0x3f, 0xff, 0xff,
    0xe0, 0x3, 0xff, 0xff, 0xfe, 0x0, 0x1f, 0xff,
    0xff, 0xe0, 0x0, 0xff, 0xff, 0xfe, 0x0, 0x7,
    0xff, 0xff, 0xe0, 0x0, 0x3f, 0xff, 0xfc, 0x0,
    0x1, 0xff, 0xff, 0x80, 0x0, 0xf, 0xff, 0xf8,
    0x0, 0x0, 0x7f, 0xff, 0x0, 0x0, 0x7, 0xff,
    0xe0, 0x0, 0x0, 0x7f, 0xfc, 0x0, 0x0, 0xf,
    0xff, 0xc0, 0x0, 0x1, 0xff, 0xfe, 0x0, 0x0,
    0x3f, 0xff, 0xf8, 0x0, 0xf, 0xff, 0xff, 0xf8,
    0x7, 0xff, 0xf7, 0xff, 0xff, 0xff, 0xfe, 0xff,
    0xff, 0xff, 0xff, 0x9f, 0xff, 0xff, 0xff, 0xf3,
    0xff, 0xff, 0xff, 0xfc, 0x7f, 0xff, 0xff, 0xff,
    0xf, 0xff, 0xff, 0xff, 0xc1, 0xff, 0xff, 0xff,
    0xe0, 0x7, 0xff, 0xff, 0xf0, 0x0, 0xf, 0xff,
    0xe0, 0x0,

    /* U+0074 "t" */
    0x0, 0x3f, 0xe0, 0x0, 0x0, 0x3f, 0xe0, 0x0,
    0x0, 0x3f, 0xe0, 0x0, 0x0, 0x7f, 0xe0, 0x0,
    0x0, 0x7f, 0xe0, 0x0, 0x0, 0x7f, 0xe0, 0x0,
    0x0, 0xff, 0xe0, 0x0, 0x0, 0xff, 0xe0, 0x0,
    0x0, 0xff, 0xe0, 0x0, 0x1, 0xff, 0xe0, 0x0,
    0x3, 0xff, 0xff, 0xfe, 0x7, 0xff, 0xff, 0xfe,
    0x1f, 0xff, 0xff, 0xfe, 0x7f, 0xff, 0xff, 0xfe,
    0xff, 0xff, 0xff, 0xfe, 0xff, 0xff, 0xff, 0xfe,
    0xff, 0xff, 0xff, 0xfe, 0xff, 0xff, 0xff, 0xfe,
    0xff, 0xff, 0xff, 0xfe, 0xff, 0xff, 0xff, 0xfe,
    0x3, 0xff, 0xe0, 0x0, 0x3, 0xff, 0xe0, 0x0,
    0x3, 0xff, 0xe0, 0x0, 0x3, 0xff, 0xe0, 0x0,
    0x3, 0xff, 0xe0, 0x0, 0x3, 0xff, 0xe0, 0x0,
    0x3, 0xff, 0xe0, 0x0, 0x3, 0xff, 0xe0, 0x0,
    0x3, 0xff, 0xe0, 0x0, 0x3, 0xff, 0xe0, 0x0,
    0x3, 0xff, 0xe0, 0x0, 0x3, 0xff, 0xe0, 0x0,
    0x3, 0xff, 0xe0, 0x0, 0x3, 0xff, 0xe0, 0x0,
    0x3, 0xff, 0xe0, 0x0, 0x3, 0xff, 0xe0, 0x0,
    0x3, 0xff, 0xe0, 0x0, 0x3, 0xff, 0xe0, 0x0,
    0x3, 0xff, 0xe0, 0x0, 0x3, 0xff, 0xe0, 0x0,
    0x3, 0xff, 0xe0, 0x0, 0x3, 0xff, 0xe0, 0x0,
    0x3, 0xff, 0xe0, 0x0, 0x3, 0xff, 0xe0, 0x0,
    0x3, 0xff, 0xf0, 0x0, 0x3, 0xff, 0xf0, 0x0,
    0x3, 0xff, 0xfc, 0x7, 0x1, 0xff, 0xff, 0xff,
    0x1, 0xff, 0xff, 0xff, 0x1, 0xff, 0xff, 0xff,
    0x0, 0xff, 0xff, 0xff, 0x0, 0xff, 0xff, 0xff,
    0x0, 0x7f, 0xff, 0xff, 0x0, 0x3f, 0xff, 0xff,
    0x0, 0x1f, 0xff, 0xff, 0x0, 0x7, 0xff, 0xfe,
    0x0, 0x0, 0xff, 0xe0,

    /* U+0075 "u" */
    0xff, 0xf8, 0x0, 0x3, 0xff, 0xff, 0xff, 0x0,
    0x0, 0x7f, 0xff, 0xff, 0xe0, 0x0, 0xf, 0xff,
    0xff, 0xfc, 0x0, 0x1, 0xff, 0xff, 0xff, 0x80,
    0x0, 0x3f, 0xff, 0xff, 0xf0, 0x0, 0x7, 0xff,
    0xff, 0xfe, 0x0, 0x0, 0xff, 0xff, 0xff, 0xc0,
    0x0, 0x1f, 0xff, 0xff, 0xf8, 0x0, 0x3, 0xff,
    0xff, 0xff, 0x0, 0x0, 0x7f, 0xff, 0xff, 0xe0,
    0x0, 0xf, 0xff, 0xff, 0xfc, 0x0, 0x1, 0xff,
    0xff, 0xff, 0x80, 0x0, 0x3f, 0xff, 0xff, 0xf0,
    0x0, 0x7, 0xff, 0xff, 0xfe, 0x0, 0x0, 0xff,
    0xff, 0xff, 0xc0, 0x0, 0x1f, 0xff, 0xff, 0xf8,
    0x0, 0x3, 0xff, 0xff, 0xff, 0x0, 0x0, 0x7f,
    0xff, 0xff, 0xe0, 0x0, 0xf, 0xff, 0xff, 0xfc,
    0x0, 0x1, 0xff, 0xff, 0xff, 0x80, 0x0, 0x3f,
    0xff, 0xff, 0xf0, 0x0, 0x7, 0xff, 0xff, 0xfe,
    0x0, 0x0, 0xff, 0xff, 0xff, 0xc0, 0x0, 0x1f,
    0xff, 0xff, 0xf8, 0x0, 0x3, 0xff, 0xff, 0xff,
    0x0, 0x0, 0x7f, 0xff, 0xff, 0xe0, 0x0, 0xf,
    0xff, 0xff, 0xfc, 0x0, 0x1, 0xff, 0xff, 0xff,
    0x80, 0x0, 0x7f, 0xff, 0xff, 0xf0, 0x0, 0xf,
    0xff, 0xff, 0xfe, 0x0, 0x1, 0xff, 0xff, 0xff,
    0xc0, 0x0, 0x3f, 0xff, 0xff, 0xfc, 0x0, 0xf,
    0xff, 0xff, 0xff, 0x80, 0x1, 0xff, 0xff, 0xff,
    0xf8, 0x0, 0x7f, 0xff, 0xff, 0xff, 0x80, 0x1f,
    0xff, 0xf7, 0xff, 0xf8, 0xf, 0xff, 0xfe, 0xff,
    0xff, 0xff, 0xff, 0xff, 0xdf, 0xff, 0xff, 0xff,
    0xff, 0xf9, 0xff, 0xff, 0xff, 0xff, 0xff, 0x3f,
    0xff, 0xff, 0xfd, 0xff, 0xe3, 0xff, 0xff, 0xff,
    0x9f, 0xfc, 0x3f, 0xff, 0xff, 0xe3, 0xff, 0x83,
    0xff, 0xff, 0xf8, 0x7f, 0xf0, 0x3f, 0xff, 0xfc,
    0x7, 0xfe, 0x1, 0xff, 0xfe, 0x0, 0xff, 0xc0,
    0x7, 0xfe, 0x0, 0x0, 0x0,

    /* U+0076 "v" */
    0xff, 0xf8, 0x0, 0x0, 0x1f, 0xff, 0x7f, 0xfc,
    0x0, 0x0, 0x3f, 0xfe, 0x7f, 0xfc, 0x0, 0x0,
    0x3f, 0xfe, 0x7f, 0xfc, 0x0, 0x0, 0x3f, 0xfc,
    0x3f, 0xfe, 0x0, 0x0, 0x7f, 0xfc, 0x3f, 0xfe,
    0x0, 0x0, 0x7f, 0xfc, 0x3f, 0xfe, 0x0, 0x0,
    0xff, 0xf8, 0x1f, 0xff, 0x0, 0x0, 0xff, 0xf8,
    0x1f, 0xff, 0x0, 0x0, 0xff, 0xf8, 0xf, 0xff,
    0x0, 0x1, 0xff, 0xf0, 0xf, 0xff, 0x80, 0x1,
    0xff, 0xf0, 0xf, 0xff, 0x80, 0x1, 0xff, 0xe0,
    0x7, 0xff, 0x80, 0x3, 0xff, 0xe0, 0x7, 0xff,
    0xc0, 0x3, 0xff, 0xe0, 0x7, 0xff, 0xc0, 0x3,
    0xff, 0xc0, 0x3, 0xff, 0xc0, 0x7, 0xff, 0xc0,
    0x3, 0xff, 0xe0, 0x7, 0xff, 0xc0, 0x1, 0xff,
    0xe0, 0x7, 0xff, 0x80, 0x1, 0xff, 0xe0, 0xf,
    0xff, 0x80, 0x1, 0xff, 0xf0, 0xf, 0xff, 0x0,
    0x0, 0xff, 0xf0, 0xf, 0xff, 0x0, 0x0, 0xff,
    0xf0, 0x1f, 0xff, 0x0, 0x0, 0x7f, 0xf8, 0x1f,
    0xfe, 0x0, 0x0, 0x7f, 0xf8, 0x1f, 0xfe, 0x0,
    0x0, 0x7f, 0xf8, 0x3f, 0xfc, 0x0, 0x0, 0x3f,
    0xfc, 0x3f, 0xfc, 0x0, 0x0, 0x3f, 0xfc, 0x3f,
    0xfc, 0x0, 0x0, 0x3f, 0xfc, 0x7f, 0xf8, 0x0,
    0x0, 0x1f, 0xfe, 0x7f, 0xf8, 0x0, 0x0, 0x1f,
    0xfe, 0x7f, 0xf8, 0x0, 0x0, 0xf, 0xfe, 0x7f,
    0xf0, 0x0, 0x0, 0xf, 0xfe, 0x7f, 0xf0, 0x0,
    0x0, 0xf, 0xfe, 0xff, 0xe0, 0x0, 0x0, 0x7,
    0xfe, 0xff, 0xe0, 0x0, 0x0, 0x7, 0xff, 0xff,
    0xe0, 0x0, 0x0, 0x7, 0xff, 0xff, 0xc0, 0x0,
    0x0, 0x3, 0xff, 0xff, 0xc0, 0x0, 0x0, 0x3,
    0xff, 0xff, 0xc0, 0x0, 0x0, 0x1, 0xff, 0xff,
    0x80, 0x0, 0x0, 0x1, 0xff, 0xff, 0x80, 0x0,
    0x0, 0x1, 0xff, 0xff, 0x0, 0x0, 0x0, 0x0,
    0xff, 0xff, 0x0, 0x0, 0x0, 0x0, 0xff, 0xff,
    0x0, 0x0, 0x0, 0x0, 0x7f, 0xfe, 0x0, 0x0,
    0x0, 0x0, 0x7f, 0xfe, 0x0, 0x0, 0x0, 0x0,
    0x7f, 0xfe, 0x0, 0x0,

    /* U+0077 "w" */
    0xff, 0xf0, 0x0, 0xf, 0xff, 0xc0, 0x0, 0x7f,
    0xff, 0xff, 0xc0, 0x0, 0x7f, 0xff, 0x0, 0x1,
    0xff, 0xef, 0xff, 0x80, 0x1, 0xff, 0xfc, 0x0,
    0x7, 0xff, 0x9f, 0xfe, 0x0, 0x7, 0xff, 0xf8,
    0x0, 0x1f, 0xfe, 0x7f, 0xf8, 0x0, 0x1f, 0xff,
    0xe0, 0x0, 0xff, 0xf9, 0xff, 0xe0, 0x0, 0xff,
    0xff, 0x80, 0x3, 0xff, 0xc7, 0xff, 0xc0, 0x3,
    0xff, 0xfe, 0x0, 0xf, 0xff, 0xf, 0xff, 0x0,
    0xf, 0xff, 0xf8, 0x0, 0x7f, 0xfc, 0x3f, 0xfc,
    0x0, 0x3f, 0xff, 0xf0, 0x1, 0xff, 0xe0, 0xff,
    0xf0, 0x1, 0xff, 0xff, 0xc0, 0x7, 0xff, 0x81,
    0xff, 0xe0, 0x7, 0xfd, 0xff, 0x0, 0x1f, 0xfe,
    0x7, 0xff, 0x80, 0x1f, 0xf7, 0xfc, 0x0, 0xff,
    0xf8, 0x1f, 0xfe, 0x0, 0x7f, 0xdf, 0xf8, 0x3,
    0xff, 0xc0, 0x7f, 0xfc, 0x3, 0xff, 0x3f, 0xe0,
    0xf, 0xff, 0x0, 0xff, 0xf0, 0xf, 0xf8, 0xff,
    0x80, 0x3f, 0xfc, 0x3, 0xff, 0xc0, 0x3f, 0xe3,
    0xfe, 0x1, 0xff, 0xe0, 0xf, 0xff, 0x0, 0xff,
    0x8f, 0xfc, 0x7, 0xff, 0x80, 0x1f, 0xfe, 0x7,
    0xfe, 0x1f, 0xf0, 0x1f, 0xfe, 0x0, 0x7f, 0xf8,
    0x1f, 0xf0, 0x7f, 0xc0, 0x7f, 0xf8, 0x1, 0xff,
    0xe0, 0x7f, 0xc1, 0xff, 0x3, 0xff, 0xc0, 0x7,
    0xff, 0x81, 0xff, 0x7, 0xfe, 0xf, 0xff, 0x0,
    0xf, 0xff, 0xf, 0xfc, 0xf, 0xf8, 0x3f, 0xfc,
    0x0, 0x3f, 0xfc, 0x3f, 0xe0, 0x3f, 0xe1, 0xff,
    0xe0, 0x0, 0xff, 0xf0, 0xff, 0x80, 0xff, 0x87,
    0xff, 0x80, 0x3, 0xff, 0xc3, 0xfe, 0x3, 0xff,
    0x1f, 0xfe, 0x0, 0x7, 0xff, 0xf, 0xf8, 0xf,
    0xfc, 0x7f, 0xf0, 0x0, 0x1f, 0xfc, 0x7f, 0xe0,
    0x1f, 0xf1, 0xff, 0xc0, 0x0, 0x7f, 0xf9, 0xff,
    0x0, 0x7f, 0xcf, 0xff, 0x0, 0x0, 0xff, 0xe7,
    0xfc, 0x1, 0xff, 0x3f, 0xfc, 0x0, 0x3, 0xff,
    0x9f, 0xf0, 0x7, 0xfc, 0xff, 0xe0, 0x0, 0xf,
    0xfe, 0x7f, 0xc0, 0xf, 0xfb, 0xff, 0x80, 0x0,
    0x3f, 0xf9, 0xfe, 0x0, 0x3f, 0xef, 0xfe, 0x0,
    0x0, 0x7f, 0xef, 0xf8, 0x0, 0xff, 0xbf, 0xf0,
    0x0, 0x1, 0xff, 0xff, 0xe0, 0x3, 0xfe, 0xff,
    0xc0, 0x0, 0x7, 0xff, 0xff, 0x80, 0xf, 0xff,
    0xff, 0x0, 0x0, 0xf, 0xff, 0xfc, 0x0, 0x1f,
    0xff, 0xfc, 0x0, 0x0, 0x3f, 0xff, 0xf0, 0x0,
    0x7f, 0xff, 0xe0, 0x0, 0x0, 0xff, 0xff, 0xc0,
    0x1, 0xff, 0xff, 0x80, 0x0, 0x3, 0xff, 0xff,
    0x0, 0x7, 0xff, 0xfe, 0x0, 0x0, 0x7, 0xff,
    0xfc, 0x0, 0xf, 0xff, 0xf0, 0x0, 0x0, 0x1f,
    0xff, 0xe0, 0x0, 0x3f, 0xff, 0xc0, 0x0, 0x0,
    0x7f, 0xff, 0x80, 0x0, 0xff, 0xff, 0x0, 0x0,
    0x0, 0xff, 0xfe, 0x0, 0x3, 0xff, 0xfc, 0x0,
    0x0, 0x3, 0xff, 0xf8, 0x0, 0xf, 0xff, 0xe0,
    0x0, 0x0, 0xf, 0xff, 0xc0, 0x0, 0x1f, 0xff,
    0x80, 0x0, 0x0, 0x3f, 0xff, 0x0, 0x0, 0x7f,
    0xfe, 0x0, 0x0,

    /* U+0078 "x" */
    0x3f, 0xff, 0x0, 0x0, 0x7f, 0xfe, 0x3f, 0xff,
    0x0, 0x0, 0xff, 0xfc, 0x1f, 0xff, 0x80, 0x0,
    0xff, 0xfc, 0x1f, 0xff, 0x80, 0x1, 0xff, 0xf8,
    0xf, 0xff, 0xc0, 0x3, 0xff, 0xf0, 0x7, 0xff,
    0xe0, 0x3, 0xff, 0xf0, 0x7, 0xff, 0xe0, 0x7,
    0xff, 0xe0, 0x3, 0xff, 0xf0, 0x7, 0xff, 0xc0,
    0x1, 0xff, 0xf8, 0xf, 0xff, 0xc0, 0x1, 0xff,
    0xf8, 0x1f, 0xff, 0x80, 0x0, 0xff, 0xfc, 0x1f,
    0xff, 0x80, 0x0, 0x7f, 0xfc, 0x3f, 0xff, 0x0,
    0x0, 0x7f, 0xfe, 0x3f, 0xfe, 0x0, 0x0, 0x3f,
    0xff, 0x7f, 0xfe, 0x0, 0x0, 0x1f, 0xff, 0xff,
    0xfc, 0x0, 0x0, 0x1f, 0xff, 0xff, 0xf8, 0x0,
    0x0, 0xf, 0xff, 0xff, 0xf8, 0x0, 0x0, 0x7,
    0xff, 0xff, 0xf0, 0x0, 0x0, 0x7, 0xff, 0xff,
    0xe0, 0x0, 0x0, 0x3, 0xff, 0xff, 0xe0, 0x0,
    0x0, 0x1, 0xff, 0xff, 0xc0, 0x0, 0x0, 0x1,
    0xff, 0xff, 0x80, 0x0, 0x0, 0x0, 0xff, 0xff,
    0x80, 0x0, 0x0, 0x1, 0xff, 0xff, 0x80, 0x0,
    0x0, 0x1, 0xff, 0xff, 0xc0, 0x0, 0x0, 0x3,
    0xff, 0xff, 0xe0, 0x0, 0x0, 0x7, 0xff, 0xff,
    0xe0, 0x0, 0x0, 0x7, 0xff, 0xff, 0xf0, 0x0,
    0x0, 0xf, 0xff, 0xff, 0xf8, 0x0, 0x0, 0x1f,
    0xff, 0xff, 0xf8, 0x0, 0x0, 0x1f, 0xff, 0xff,
    0xfc, 0x0, 0x0, 0x3f, 0xff, 0x7f, 0xfe, 0x0,
    0x0, 0x7f, 0xfe, 0x3f, 0xfe, 0x0, 0x0, 0x7f,
    0xfc, 0x3f, 0xff, 0x0, 0x0, 0xff, 0xfc, 0x1f,
    0xff, 0x80, 0x1, 0xff, 0xf8, 0x1f, 0xff, 0x80,
    0x1, 0xff, 0xf0, 0xf, 0xff, 0xc0, 0x3, 0xff,
    0xf0, 0x7, 0xff, 0xe0, 0x7, 0xff, 0xe0, 0x7,
    0xff, 0xe0, 0x7, 0xff, 0xe0, 0x3, 0xff, 0xf0,
    0xf, 0xff, 0xc0, 0x1, 0xff, 0xf0, 0x1f, 0xff,
    0x80, 0x1, 0xff, 0xf8, 0x1f, 0xff, 0x80, 0x0,
    0xff, 0xfc, 0x3f, 0xff, 0x0, 0x0, 0xff, 0xfe,
    0x7f, 0xff, 0x0, 0x0, 0x7f, 0xfe, 0x7f, 0xfe,
    0x0, 0x0, 0x3f, 0xff,

    /* U+0079 "y" */
    0xff, 0xfc, 0x0, 0x0, 0x3f, 0xff, 0x7f, 0xfc,
    0x0, 0x0, 0x3f, 0xff, 0x7f, 0xfc, 0x0, 0x0,
    0x3f, 0xfe, 0x7f, 0xfe, 0x0, 0x0, 0x3f, 0xfe,
    0x3f, 0xfe, 0x0, 0x0, 0x7f, 0xfc, 0x3f, 0xfe,
    0x0, 0x0, 0x7f, 0xfc, 0x3f, 0xff, 0x0, 0x0,
    0x7f, 0xfc, 0x1f, 0xff, 0x0, 0x0, 0xff, 0xf8,
    0x1f, 0xff, 0x0, 0x0, 0xff, 0xf8, 0xf, 0xff,
    0x80, 0x0, 0xff, 0xf8, 0xf, 0xff, 0x80, 0x1,
    0xff, 0xf0, 0xf, 0xff, 0x80, 0x1, 0xff, 0xf0,
    0x7, 0xff, 0xc0, 0x1, 0xff, 0xe0, 0x7, 0xff,
    0xc0, 0x3, 0xff, 0xe0, 0x3, 0xff, 0xc0, 0x3,
    0xff, 0xe0, 0x3, 0xff, 0xe0, 0x3, 0xff, 0xc0,
    0x3, 0xff, 0xe0, 0x7, 0xff, 0xc0, 0x1, 0xff,
    0xe0, 0x7, 0xff, 0xc0, 0x1, 0xff, 0xf0, 0x7,
    0xff, 0x80, 0x0, 0xff, 0xf0, 0xf, 0xff, 0x80,
    0x0, 0xff, 0xf0, 0xf, 0xff, 0x0, 0x0, 0xff,
    0xf8, 0xf, 0xff, 0x0, 0x0, 0x7f, 0xf8, 0x1f,
    0xff, 0x0, 0x0, 0x7f, 0xf8, 0x1f, 0xfe, 0x0,
    0x0, 0x3f, 0xfc, 0x1f, 0xfe, 0x0, 0x0, 0x3f,
    0xfc, 0x3f, 0xfe, 0x0, 0x0, 0x3f, 0xfc, 0x3f,
    0xfc, 0x0, 0x0, 0x1f, 0xfe, 0x3f, 0xfc, 0x0,
    0x0, 0x1f, 0xfe, 0x7f, 0xf8, 0x0, 0x0, 0xf,
    0xfe, 0x7f, 0xf8, 0x0, 0x0, 0xf, 0xfe, 0x7f,
    0xf8, 0x0, 0x0, 0xf, 0xff, 0x7f, 0xf0, 0x0,
    0x0, 0x7, 0xff, 0x7f, 0xf0, 0x0, 0x0, 0x7,
    0xff, 0xff, 0xf0, 0x0, 0x0, 0x3, 0xff, 0xff,
    0xe0, 0x0, 0x0, 0x3, 0xff, 0xff, 0xe0, 0x0,
    0x0, 0x3, 0xff, 0xff, 0xe0, 0x0, 0x0, 0x1,
    0xff, 0xff, 0xc0, 0x0, 0x0, 0x1, 0xff, 0xff,
    0xc0, 0x0, 0x0, 0x0, 0xff, 0xff, 0x80, 0x0,
    0x0, 0x0, 0xff, 0xff, 0x80, 0x0, 0x0, 0x0,
    0xff, 0xff, 0x80, 0x0, 0x0, 0x0, 0x7f, 0xff,
    0x0, 0x0, 0x0, 0x0, 0x7f, 0xff, 0x0, 0x0,
    0x0, 0x0, 0x3f, 0xff, 0x0, 0x0, 0x0, 0x0,
    0x3f, 0xfe, 0x0, 0x0, 0x0, 0x0, 0x3f, 0xfe,
    0x0, 0x0, 0x0, 0x0, 0x3f, 0xfc, 0x0, 0x0,
    0x0, 0x0, 0x3f, 0xfc, 0x0, 0x0, 0x0, 0x0,
    0x7f, 0xfc, 0x0, 0x0, 0x0, 0x0, 0x7f, 0xf8,
    0x0, 0x0, 0x0, 0x0, 0xff, 0xf8, 0x0, 0x0,
    0x0, 0x0, 0xff, 0xf8, 0x0, 0x0, 0x0, 0x1,
    0xff, 0xf0, 0x0, 0x0, 0x0, 0x3, 0xff, 0xf0,
    0x0, 0x0, 0x0, 0x7, 0xff, 0xe0, 0x0, 0x0,
    0x0, 0x1f, 0xff, 0xe0, 0x0, 0x0, 0x1f, 0xff,
    0xff, 0xc0, 0x0, 0x0, 0x1f, 0xff, 0xff, 0xc0,
    0x0, 0x0, 0x1f, 0xff, 0xff, 0x80, 0x0, 0x0,
    0x1f, 0xff, 0xff, 0x0, 0x0, 0x0, 0x1f, 0xff,
    0xfe, 0x0, 0x0, 0x0, 0x1f, 0xff, 0xfc, 0x0,
    0x0, 0x0, 0x1f, 0xff, 0xf8, 0x0, 0x0, 0x0,
    0x1f, 0xff, 0xe0, 0x0, 0x0, 0x0, 0x1f, 0xff,
    0x80, 0x0, 0x0, 0x0, 0xf, 0xfc, 0x0, 0x0,
    0x0, 0x0,

    /* U+007A "z" */
    0x7f, 0xff, 0xff, 0xff, 0xe7, 0xff, 0xff, 0xff,
    0xfe, 0x7f, 0xff, 0xff, 0xff, 0xe7, 0xff, 0xff,
    0xff, 0xfe, 0x7f, 0xff, 0xff, 0xff, 0xe7, 0xff,
    0xff, 0xff, 0xfe, 0x7f, 0xff, 0xff, 0xff, 0xe7,
    0xff, 0xff, 0xff, 0xfe, 0x7f, 0xff, 0xff, 0xff,
    0xe7, 0xff, 0xff, 0xff, 0xfc, 0x0, 0x0, 0xf,
    0xff, 0xc0, 0x0, 0x0, 0xff, 0xf8, 0x0, 0x0,
    0x1f, 0xff, 0x0, 0x0, 0x3, 0xff, 0xe0, 0x0,
    0x0, 0x3f, 0xfe, 0x0, 0x0, 0x7, 0xff, 0xc0,
    0x0, 0x0, 0xff, 0xf8, 0x0, 0x0, 0x1f, 0xff,
    0x0, 0x0, 0x1, 0xff, 0xf0, 0x0, 0x0, 0x3f,
    0xfe, 0x0, 0x0, 0x7, 0xff, 0xc0, 0x0, 0x0,
    0xff, 0xf8, 0x0, 0x0, 0xf, 0xff, 0x80, 0x0,
    0x1, 0xff, 0xf0, 0x0, 0x0, 0x3f, 0xfe, 0x0,
    0x0, 0x7, 0xff, 0xc0, 0x0, 0x0, 0x7f, 0xfc,
    0x0, 0x0, 0xf, 0xff, 0x80, 0x0, 0x1, 0xff,
    0xf0, 0x0, 0x0, 0x3f, 0xfe, 0x0, 0x0, 0x3,
    0xff, 0xe0, 0x0, 0x0, 0x7f, 0xfc, 0x0, 0x0,
    0xf, 0xff, 0x80, 0x0, 0x0, 0xff, 0xf0, 0x0,
    0x0, 0x1f, 0xff, 0x0, 0x0, 0x3, 0xff, 0xe0,
    0x0, 0x0, 0x7f, 0xff, 0xff, 0xff, 0xf7, 0xff,
    0xff, 0xff, 0xff, 0xff, 0xff, 0xff, 0xff, 0xff,
    0xff, 0xff, 0xff, 0xff, 0xff, 0xff, 0xff, 0xff,
    0xff, 0xff, 0xff, 0xff, 0xff, 0xff, 0xff, 0xff,
    0xff, 0xff, 0xff, 0xff, 0xff, 0xff, 0xff, 0xff,
    0xff, 0xff, 0xff, 0xff, 0xff, 0xff, 0xff,

    /* U+007B "{" */
    0x0, 0x0, 0x7, 0xf8, 0x0, 0x3, 0xff, 0xc0,
    0x0, 0x7f, 0xfe, 0x0, 0x7, 0xff, 0xf0, 0x0,
    0x7f, 0xff, 0x80, 0x7, 0xff, 0xfc, 0x0, 0x3f,
    0xff, 0xe0, 0x3, 0xff, 0xff, 0x0, 0x1f, 0xff,
    0xf8, 0x0, 0xff, 0xff, 0xc0, 0x7, 0xff, 0xe0,
    0x0, 0x3f, 0xfc, 0x0, 0x1, 0xff, 0xe0, 0x0,
    0xf, 0xfe, 0x0, 0x0, 0x7f, 0xf0, 0x0, 0x3,
    0xff, 0x80, 0x0, 0x1f, 0xfc, 0x0, 0x0, 0xff,
    0xe0, 0x0, 0x7, 0xff, 0x0, 0x0, 0x3f, 0xf8,
    0x0, 0x1, 0xff, 0xc0, 0x0, 0xf, 0xfe, 0x0,
    0x0, 0x7f, 0xf0, 0x0, 0x3, 0xff, 0x80, 0x0,
    0x1f, 0xfc, 0x0, 0x0, 0xff, 0xe0, 0x0, 0x7,
    0xff, 0x0, 0x0, 0x3f, 0xf8, 0x0, 0x3, 0xff,
    0xc0, 0x0, 0x3f, 0xfe, 0x0, 0x3, 0xff, 0xf0,
    0x0, 0xff, 0xff, 0x0, 0xff, 0xff, 0xf8, 0x7,
    0xff, 0xff, 0x80, 0x3f, 0xff, 0xf8, 0x1, 0xff,
    0xff, 0x0, 0xf, 0xff, 0x80, 0x0, 0x7f, 0xfe,
    0x0, 0x3, 0xff, 0xfe, 0x0, 0x1f, 0xff, 0xfc,
    0x0, 0xff, 0xff, 0xf0, 0x7, 0xff, 0xff, 0xc0,
    0x1, 0xff, 0xfe, 0x0, 0x1, 0xff, 0xf8, 0x0,
    0x7, 0xff, 0xc0, 0x0, 0x1f, 0xfe, 0x0, 0x0,
    0x7f, 0xf0, 0x0, 0x3, 0xff, 0x80, 0x0, 0x1f,
    0xfc, 0x0, 0x0, 0xff, 0xe0, 0x0, 0x7, 0xff,
    0x0, 0x0, 0x3f, 0xf8, 0x0, 0x1, 0xff, 0xc0,
    0x0, 0xf, 0xfe, 0x0, 0x0, 0x7f, 0xf0, 0x0,
    0x3, 0xff, 0x80, 0x0, 0x1f, 0xfc, 0x0, 0x0,
    0xff, 0xe0, 0x0, 0x7, 0xff, 0x0, 0x0, 0x3f,
    0xf8, 0x0, 0x1, 0xff, 0xc0, 0x0, 0xf, 0xff,
    0x0, 0x0, 0x7f, 0xf8, 0x0, 0x3, 0xff, 0xf0,
    0x0, 0x1f, 0xff, 0xf8, 0x0, 0xff, 0xff, 0xc0,
    0x7, 0xff, 0xfe, 0x0, 0x1f, 0xff, 0xf0, 0x0,
    0xff, 0xff, 0x80, 0x3, 0xff, 0xfc, 0x0, 0xf,
    0xff, 0xe0, 0x0, 0x3f, 0xff, 0x0, 0x0, 0x7f,
    0xf8, 0x0, 0x0, 0x3f, 0xc0,

    /* U+007C "|" */
    0xff, 0xff, 0xff, 0xff, 0xff, 0xff, 0xff, 0xff,
    0xff, 0xff, 0xff, 0xff, 0xff, 0xff, 0xff, 0xff,
    0xff, 0xff, 0xff, 0xff, 0xff, 0xff, 0xff, 0xff,
    0xff, 0xff, 0xff, 0xff, 0xff, 0xff, 0xff, 0xff,
    0xff, 0xff, 0xff, 0xff, 0xff, 0xff, 0xff, 0xff,
    0xff, 0xff, 0xff, 0xff, 0xff, 0xff, 0xff, 0xff,
    0xff, 0xff, 0xff, 0xff, 0xff, 0xff, 0xff, 0xff,
    0xff, 0xff, 0xff, 0xff, 0xff, 0xff, 0xff, 0xff,
    0xff, 0xff, 0xff, 0xff, 0xff, 0xff, 0xff, 0xff,
    0xff, 0xff, 0xff, 0xff, 0xff, 0xff, 0xff, 0xff,
    0xff, 0xff, 0xff, 0xff, 0xff, 0xff, 0xff, 0xff,
    0xff, 0xff, 0xff, 0xff, 0xff, 0xe0,

    /* U+007D "}" */
    0xff, 0x0, 0x0, 0x7, 0xff, 0x80, 0x0, 0x3f,
    0xff, 0x0, 0x1, 0xff, 0xfc, 0x0, 0xf, 0xff,
    0xf0, 0x0, 0x7f, 0xff, 0xc0, 0x3, 0xff, 0xfe,
    0x0, 0x1f, 0xff, 0xf8, 0x0, 0xff, 0xff, 0xc0,
    0x7, 0xff, 0xfe, 0x0, 0x3, 0xff, 0xf0, 0x0,
    0x7, 0xff, 0x80, 0x0, 0x3f, 0xfc, 0x0, 0x0,
    0xff, 0xe0, 0x0, 0x7, 0xff, 0x0, 0x0, 0x3f,
    0xf8, 0x0, 0x1, 0xff, 0xc0, 0x0, 0xf, 0xfe,
    0x0, 0x0, 0x7f, 0xf0, 0x0, 0x3, 0xff, 0x80,
    0x0, 0x1f, 0xfc, 0x0, 0x0, 0xff, 0xe0, 0x0,
    0x7, 0xff, 0x0, 0x0, 0x3f, 0xf8, 0x0, 0x1,
    0xff, 0xc0, 0x0, 0xf, 0xfe, 0x0, 0x0, 0x7f,
    0xf0, 0x0, 0x3, 0xff, 0x80, 0x0, 0x1f, 0xfe,
    0x0, 0x0, 0xff, 0xf8, 0x0, 0x7, 0xff, 0xe0,
    0x0, 0x1f, 0xff, 0xe0, 0x0, 0xff, 0xff, 0xf8,
    0x3, 0xff, 0xff, 0xc0, 0xf, 0xff, 0xfe, 0x0,
    0x1f, 0xff, 0xf0, 0x0, 0x1f, 0xff, 0x80, 0x0,
    0xff, 0xfc, 0x0, 0x3f, 0xff, 0xe0, 0x7, 0xff,
    0xff, 0x0, 0x7f, 0xff, 0xf8, 0x7, 0xff, 0xff,
    0xc0, 0x3f, 0xff, 0xc0, 0x3, 0xff, 0xf0, 0x0,
    0x1f, 0xff, 0x0, 0x0, 0xff, 0xf0, 0x0, 0x7,
    0xff, 0x80, 0x0, 0x3f, 0xf8, 0x0, 0x1, 0xff,
    0xc0, 0x0, 0xf, 0xfe, 0x0, 0x0, 0x7f, 0xf0,
    0x0, 0x3, 0xff, 0x80, 0x0, 0x1f, 0xfc, 0x0,
    0x0, 0xff, 0xe0, 0x0, 0x7, 0xff, 0x0, 0x0,
    0x3f, 0xf8, 0x0, 0x1, 0xff, 0xc0, 0x0, 0xf,
    0xfe, 0x0, 0x0, 0x7f, 0xf0, 0x0, 0x3, 0xff,
    0x80, 0x0, 0x1f, 0xfc, 0x0, 0x1, 0xff, 0xe0,
    0x0, 0xf, 0xff, 0x0, 0x1, 0xff, 0xf8, 0x0,
    0xff, 0xff, 0xc0, 0x7, 0xff, 0xfe, 0x0, 0x3f,
    0xff, 0xf0, 0x1, 0xff, 0xff, 0x0, 0xf, 0xff,
    0xf8, 0x0, 0x7f, 0xff, 0x80, 0x3, 0xff, 0xf8,
    0x0, 0x1f, 0xff, 0x80, 0x0, 0xff, 0xf0, 0x0,
    0x7, 0xf8, 0x0, 0x0, 0x0,

    /* U+007E "~" */
    0x1, 0xff, 0x0, 0x0, 0x0, 0x87, 0xff, 0xf0,
    0x0, 0x0, 0xcf, 0xff, 0xff, 0x0, 0x0, 0xef,
    0xff, 0xff, 0xe0, 0x1, 0xff, 0xff, 0xff, 0xfe,
    0x3, 0xff, 0xff, 0xff, 0xff, 0xff, 0xff, 0xff,
    0xff, 0xff, 0xff, 0xff, 0xff, 0xff, 0xff, 0xff,
    0xff, 0xff, 0xff, 0xff, 0xff, 0xff, 0xff, 0x1,
    0xff, 0xff, 0xff, 0xfe, 0x0, 0x1f, 0xff, 0xff,
    0xdc, 0x0, 0x3, 0xff, 0xff, 0xcc, 0x0, 0x0,
    0x3f, 0xff, 0x84, 0x0, 0x0, 0x3, 0xff, 0x0
};


/*---------------------
 *  GLYPH DESCRIPTION
 *--------------------*/

static const lv_font_fmt_txt_glyph_dsc_t glyph_dsc[] = {
    {.bitmap_index = 0, .adv_w = 0, .box_w = 0, .box_h = 0, .ofs_x = 0, .ofs_y = 0} /* id = 0 reserved */,
    {.bitmap_index = 0, .adv_w = 349, .box_w = 1, .box_h = 1, .ofs_x = 0, .ofs_y = 0},
    {.bitmap_index = 1, .adv_w = 385, .box_w = 14, .box_h = 61, .ofs_x = 5, .ofs_y = -1},
    {.bitmap_index = 108, .adv_w = 635, .box_w = 29, .box_h = 22, .ofs_x = 5, .ofs_y = 39},
    {.bitmap_index = 188, .adv_w = 868, .box_w = 51, .box_h = 61, .ofs_x = 2, .ofs_y = 0},
    {.bitmap_index = 577, .adv_w = 768, .box_w = 41, .box_h = 69, .ofs_x = 4, .ofs_y = -5},
    {.bitmap_index = 931, .adv_w = 1211, .box_w = 70, .box_h = 62, .ofs_x = 3, .ofs_y = -1},
    {.bitmap_index = 1474, .adv_w = 1008, .box_w = 60, .box_h = 62, .ofs_x = 3, .ofs_y = -1},
    {.bitmap_index = 1939, .adv_w = 358, .box_w = 12, .box_h = 22, .ofs_x = 5, .ofs_y = 39},
    {.bitmap_index = 1972, .adv_w = 455, .box_w = 23, .box_h = 73, .ofs_x = 3, .ofs_y = -13},
    {.bitmap_index = 2182, .adv_w = 455, .box_w = 23, .box_h = 73, .ofs_x = 2, .ofs_y = -13},
    {.bitmap_index = 2392, .adv_w = 732, .box_w = 40, .box_h = 40, .ofs_x = 3, .ofs_y = 24},
    {.bitmap_index = 2592, .adv_w = 768, .box_w = 41, .box_h = 41, .ofs_x = 4, .ofs_y = 9},
    {.bitmap_index = 2803, .adv_w = 383, .box_w = 16, .box_h = 20, .ofs_x = 3, .ofs_y = -11},
    {.bitmap_index = 2843, .adv_w = 432, .box_w = 22, .box_h = 10, .ofs_x = 2, .ofs_y = 18},
    {.bitmap_index = 2871, .adv_w = 383, .box_w = 14, .box_h = 14, .ofs_x = 5, .ofs_y = -1},
    {.bitmap_index = 2896, .adv_w = 555, .box_w = 33, .box_h = 61, .ofs_x = 1, .ofs_y = 0},
    {.bitmap_index = 3148, .adv_w = 768, .box_w = 42, .box_h = 62, .ofs_x = 3, .ofs_y = -1},
    {.bitmap_index = 3474, .adv_w = 768, .box_w = 30, .box_h = 60, .ofs_x = 5, .ofs_y = 0},
    {.bitmap_index = 3699, .adv_w = 768, .box_w = 42, .box_h = 61, .ofs_x = 3, .ofs_y = 0},
    {.bitmap_index = 4020, .adv_w = 768, .box_w = 42, .box_h = 62, .ofs_x = 3, .ofs_y = -1},
    {.bitmap_index = 4346, .adv_w = 768, .box_w = 45, .box_h = 60, .ofs_x = 1, .ofs_y = 0},
    {.bitmap_index = 4684, .adv_w = 768, .box_w = 41, .box_h = 61, .ofs_x = 4, .ofs_y = -1},
    {.bitmap_index = 4997, .adv_w = 768, .box_w = 43, .box_h = 62, .ofs_x = 3, .ofs_y = -1},
    {.bitmap_index = 5331, .adv_w = 768, .box_w = 43, .box_h = 60, .ofs_x = 2, .ofs_y = 0},
    {.bitmap_index = 5654, .adv_w = 768, .box_w = 42, .box_h = 62, .ofs_x = 3, .ofs_y = -1},
    {.bitmap_index = 5980, .adv_w = 768, .box_w = 43, .box_h = 62, .ofs_x = 3, .ofs_y = -1},
    {.bitmap_index = 6314, .adv_w = 383, .box_w = 14, .box_h = 48, .ofs_x = 5, .ofs_y = -1},
    {.bitmap_index = 6398, .adv_w = 383, .box_w = 16, .box_h = 58, .ofs_x = 3, .ofs_y = -11},
    {.bitmap_index = 6514, .adv_w = 768, .box_w = 41, .box_h = 45, .ofs_x = 4, .ofs_y = 8},
    {.bitmap_index = 6745, .adv_w = 768, .box_w = 41, .box_h = 25, .ofs_x = 4, .ofs_y = 17},
    {.bitmap_index = 6874, .adv_w = 768, .box_w = 41, .box_h = 45, .ofs_x = 4, .ofs_y = 8},
    {.bitmap_index = 7105, .adv_w = 641, .box_w = 38, .box_h = 62, .ofs_x = 0, .ofs_y = -1},
    {.bitmap_index = 7400, .adv_w = 1206, .box_w = 67, .box_h = 68, .ofs_x = 4, .ofs_y = -7},
    {.bitmap_index = 7970, .adv_w = 927, .box_w = 58, .box_h = 61, .ofs_x = 0, .ofs_y = -1},
    {.bitmap_index = 8413, .adv_w = 903, .box_w = 44, .box_h = 60, .ofs_x = 8, .ofs_y = 0},
    {.bitmap_index = 8743, .adv_w = 856, .box_w = 46, .box_h = 62, .ofs_x = 5, .ofs_y = -1},
    {.bitmap_index = 9100, .adv_w = 995, .box_w = 50, .box_h = 60, .ofs_x = 8, .ofs_y = 0},
    {.bitmap_index = 9475, .adv_w = 753, .box_w = 35, .box_h = 60, .ofs_x = 8, .ofs_y = 0},
    {.bitmap_index = 9738, .adv_w = 738, .box_w = 35, .box_h = 60, .ofs_x = 8, .ofs_y = 0},
    {.bitmap_index = 10001, .adv_w = 973, .box_w = 49, .box_h = 62, .ofs_x = 5, .ofs_y = -1},
    {.bitmap_index = 10381, .adv_w = 1028, .box_w = 49, .box_h = 60, .ofs_x = 8, .ofs_y = 0},
    {.bitmap_index = 10749, .adv_w = 445, .box_w = 13, .box_h = 60, .ofs_x = 8, .ofs_y = 0},
    {.bitmap_index = 10847, .adv_w = 445, .box_w = 27, .box_h = 78, .ofs_x = -6, .ofs_y = -18},
    {.bitmap_index = 11111, .adv_w = 893, .box_w = 49, .box_h = 60, .ofs_x = 8, .ofs_y = 0},
    {.bitmap_index = 11479, .adv_w = 759, .box_w = 37, .box_h = 61, .ofs_x = 8, .ofs_y = 0},
    {.bitmap_index = 11762, .adv_w = 1267, .box_w = 64, .box_h = 60, .ofs_x = 8, .ofs_y = 0},
    {.bitmap_index = 12242, .adv_w = 1093, .box_w = 53, .box_h = 60, .ofs_x = 8, .ofs_y = 0},
    {.bitmap_index = 12640, .adv_w = 1070, .box_w = 57, .box_h = 62, .ofs_x = 5, .ofs_y = -1},
    {.bitmap_index = 13082, .adv_w = 844, .box_w = 41, .box_h = 61, .ofs_x = 8, .ofs_y = -1},
    {.bitmap_index = 13395, .adv_w = 1070, .box_w = 57, .box_h = 76, .ofs_x = 5, .ofs_y = -15},
    {.bitmap_index = 13937, .adv_w = 887, .box_w = 47, .box_h = 60, .ofs_x = 8, .ofs_y = 0},
    {.bitmap_index = 14290, .adv_w = 740, .box_w = 40, .box_h = 62, .ofs_x = 3, .ofs_y = -1},
    {.bitmap_index = 14600, .adv_w = 778, .box_w = 45, .box_h = 60, .ofs_x = 2, .ofs_y = 0},
    {.bitmap_index = 14938, .adv_w = 1016, .box_w = 49, .box_h = 61, .ofs_x = 7, .ofs_y = -1},
    {.bitmap_index = 15312, .adv_w = 873, .box_w = 55, .box_h = 61, .ofs_x = 0, .ofs_y = 0},
    {.bitmap_index = 15732, .adv_w = 1299, .box_w = 81, .box_h = 61, .ofs_x = 0, .ofs_y = 0},
    {.bitmap_index = 16350, .adv_w = 896, .box_w = 56, .box_h = 60, .ofs_x = 0, .ofs_y = 0},
    {.bitmap_index = 16770, .adv_w = 839, .box_w = 53, .box_h = 61, .ofs_x = 0, .ofs_y = 0},
    {.bitmap_index = 17175, .adv_w = 778, .box_w = 45, .box_h = 60, .ofs_x = 2, .ofs_y = 0},
    {.bitmap_index = 17513, .adv_w = 445, .box_w = 20, .box_h = 73, .ofs_x = 6, .ofs_y = -13},
    {.bitmap_index = 17696, .adv_w = 555, .box_w = 34, .box_h = 61, .ofs_x = 0, .ofs_y = 0},
    {.bitmap_index = 17956, .adv_w = 445, .box_w = 20, .box_h = 73, .ofs_x = 2, .ofs_y = -13},
    {.bitmap_index = 18139, .adv_w = 768, .box_w = 44, .box_h = 39, .ofs_x = 2, .ofs_y = 21},
    {.bitmap_index = 18354, .adv_w = 553, .box_w = 35, .box_h = 6, .ofs_x = 0, .ofs_y = -13},
    {.bitmap_index = 18381, .adv_w = 486, .box_w = 24, .box_h = 14, .ofs_x = 3, .ofs_y = 51},
    {.bitmap_index = 18423, .adv_w = 812, .box_w = 41, .box_h = 48, .ofs_x = 4, .ofs_y = -1},
    {.bitmap_index = 18669, .adv_w = 851, .box_w = 43, .box_h = 65, .ofs_x = 7, .ofs_y = -1},
    {.bitmap_index = 19019, .adv_w = 691, .box_w = 37, .box_h = 48, .ofs_x = 4, .ofs_y = -1},
    {.bitmap_index = 19241, .adv_w = 851, .box_w = 43, .box_h = 65, .ofs_x = 4, .ofs_y = -1},
    {.bitmap_index = 19591, .adv_w = 794, .box_w = 42, .box_h = 48, .ofs_x = 4, .ofs_y = -1},
    {.bitmap_index = 19843, .adv_w = 520, .box_w = 34, .box_h = 65, .ofs_x = 2, .ofs_y = -1},
    {.bitmap_index = 20120, .adv_w = 759, .box_w = 46, .box_h = 67, .ofs_x = 1, .ofs_y = -20},
    {.bitmap_index = 20506, .adv_w = 883, .box_w = 43, .box_h = 64, .ofs_x = 7, .ofs_y = 0},
    {.bitmap_index = 20850, .adv_w = 410, .box_w = 13, .box_h = 64, .ofs_x = 6, .ofs_y = 0},
    {.bitmap_index = 20954, .adv_w = 410, .box_w = 25, .box_h = 84, .ofs_x = -6, .ofs_y = -20},
    {.bitmap_index = 21217, .adv_w = 833, .box_w = 46, .box_h = 64, .ofs_x = 7, .ofs_y = 0},
    {.bitmap_index = 21585, .adv_w = 410, .box_w = 13, .box_h = 64, .ofs_x = 7, .ofs_y = 0},
    {.bitmap_index = 21689, .adv_w = 1320, .box_w = 69, .box_h = 47, .ofs_x = 7, .ofs_y = 0},
    {.bitmap_index = 22095, .adv_w = 883, .box_w = 43, .box_h = 47, .ofs_x = 7, .ofs_y = 0},
    {.bitmap_index = 22348, .adv_w = 832, .box_w = 45, .box_h = 48, .ofs_x = 4, .ofs_y = -1},
    {.bitmap_index = 22618, .adv_w = 851, .box_w = 43, .box_h = 67, .ofs_x = 7, .ofs_y = -20},
    {.bitmap_index = 22979, .adv_w = 851, .box_w = 43, .box_h = 67, .ofs_x = 4, .ofs_y = -20},
    {.bitmap_index = 23340, .adv_w = 610, .box_w = 30, .box_h = 47, .ofs_x = 7, .ofs_y = 0},
    {.bitmap_index = 23517, .adv_w = 668, .box_w = 35, .box_h = 48, .ofs_x = 4, .ofs_y = -1},
    {.bitmap_index = 23727, .adv_w = 583, .box_w = 32, .box_h = 57, .ofs_x = 2, .ofs_y = -1},
    {.bitmap_index = 23955, .adv_w = 883, .box_w = 43, .box_h = 47, .ofs_x = 6, .ofs_y = -1},
    {.bitmap_index = 24208, .adv_w = 765, .box_w = 48, .box_h = 46, .ofs_x = 0, .ofs_y = 0},
    {.bitmap_index = 24484, .adv_w = 1150, .box_w = 70, .box_h = 46, .ofs_x = 1, .ofs_y = 0},
    {.bitmap_index = 24887, .adv_w = 777, .box_w = 48, .box_h = 46, .ofs_x = 0, .ofs_y = 0},
    {.bitmap_index = 25163, .adv_w = 765, .box_w = 48, .box_h = 67, .ofs_x = 0, .ofs_y = -20},
    {.bitmap_index = 25565, .adv_w = 656, .box_w = 36, .box_h = 46, .ofs_x = 2, .ofs_y = 0},
    {.bitmap_index = 25772, .adv_w = 530, .box_w = 29, .box_h = 74, .ofs_x = 1, .ofs_y = -13},
    {.bitmap_index = 26041, .adv_w = 740, .box_w = 9, .box_h = 83, .ofs_x = 19, .ofs_y = -19},
    {.bitmap_index = 26135, .adv_w = 530, .box_w = 29, .box_h = 74, .ofs_x = 3, .ofs_y = -13},
    {.bitmap_index = 26404, .adv_w = 768, .box_w = 41, .box_h = 14, .ofs_x = 4, .ofs_y = 23}
};

/*---------------------
 *  CHARACTER MAPPING
 *--------------------*/



/*Collect the unicode lists and glyph_id offsets*/
static const lv_font_fmt_txt_cmap_t cmaps[] =
{
    {
        .range_start = 32, .range_length = 95, .glyph_id_start = 1,
        .unicode_list = NULL, .glyph_id_ofs_list = NULL, .list_length = 0, .type = LV_FONT_FMT_TXT_CMAP_FORMAT0_TINY
    }
};



/*--------------------
 *  ALL CUSTOM DATA
 *--------------------*/

#if LVGL_VERSION_MAJOR == 8
/*Store all the custom data of the font*/
static  lv_font_fmt_txt_glyph_cache_t cache;
#endif

#if LVGL_VERSION_MAJOR >= 8
static const lv_font_fmt_txt_dsc_t font_dsc = {
#else
static lv_font_fmt_txt_dsc_t font_dsc = {
#endif
    .glyph_bitmap = glyph_bitmap,
    .glyph_dsc = glyph_dsc,
    .cmaps = cmaps,
    .kern_dsc = NULL,
    .kern_scale = 0,
    .cmap_num = 1,
    .bpp = 1,
    .kern_classes = 0,
    .bitmap_format = 0,
#if LVGL_VERSION_MAJOR == 8
    .cache = &cache
#endif
};



/*-----------------
 *  PUBLIC FONT
 *----------------*/

/*Initialize a public general font descriptor*/
#if LVGL_VERSION_MAJOR >= 8
const lv_font_t ui_font_OpenSansBold84p1 = {
#else
lv_font_t ui_font_OpenSansBold84p1 = {
#endif
    .get_glyph_dsc = lv_font_get_glyph_dsc_fmt_txt,    /*Function pointer to get glyph's data*/
    .get_glyph_bitmap = lv_font_get_bitmap_fmt_txt,    /*Function pointer to get glyph's bitmap*/
    .line_height = 85,          /*The maximum line height required by the font*/
    .base_line = 20,             /*Baseline measured from the bottom of the line*/
#if !(LVGL_VERSION_MAJOR == 6 && LVGL_VERSION_MINOR == 0)
    .subpx = LV_FONT_SUBPX_NONE,
#endif
#if LV_VERSION_CHECK(7, 4, 0) || LVGL_VERSION_MAJOR >= 8
    .underline_position = -4,
    .underline_thickness = 2,
#endif
    .dsc = &font_dsc,          /*The custom font data. Will be accessed by `get_glyph_bitmap/dsc` */
#if LV_VERSION_CHECK(8, 2, 0) || LVGL_VERSION_MAJOR >= 9
    .fallback = NULL,
#endif
    .user_data = NULL,
};



#endif /*#if UI_FONT_OPENSANSBOLD84P1*/

